user_id,age,sex,job.title,organization,annual.salary,X,Y,Z
0,38,Male,ATL311 Team Lead,EXE Executive Offices,45999.99,140,398,830
1,52,Male,Environmental Service Worker I (D),DPW Department of Public Works,26700.1,62,860,768
2,44,Male,Watershed Crew Supervisor (D),DWM Department of Watershed Management,46575.01,485,74,10
3,42,Female,"Benefits Representative, Sr",DHR Department of Human Reources,42866.89,842,823,746
4,32,Male,Recreation Operations Assistant,"PRC Parks, Recreation, & Cultural Affairs",28035.05,310,249,43
5,44,Male,"Management Analyst, Sr",DWM Department of Watershed Management,67800.01,429,339,657
6,33,Male,Police Investigator (E) (F) (O),APD Atlanta Police Department,46377.97,63,937,899
7,28,Female,Police Officer (E) (F) (O) (B) (S),APD Atlanta Police Department,39327.6,181,96,893
8,58,Male,Management Consulting Director,DWM Department of Watershed Management,125000.01,252,580,807
9,45,Male,Police Investigator (E) (F) (O),APD Atlanta Police Department,60466.22,450,607,570
10,21,Female,Intern,DPW Department of Public Works,33238.4,712,502,690
11,48,Male,Police Lieutenant (E) (F) (O) (B) (S),APD Atlanta Police Department,75950.01,347,390,562
12,43,Female,Parks Worker II (D),"PRC Parks, Recreation, & Cultural Affairs",30534.45,766,363,20
13,34,Male,Police Officer (E) (F) (O) (B) (S),APD Atlanta Police Department,44259.49,397,792,752
14,56,Male,Program Management Officer,DWM Department of Watershed Management,105000.0,296,462,372
15,59,Female,"Project Manager, Sr",DPW Department of Public Works,98000.01,703,233,837
16,53,Male,Safety & Training Officer,DWM Department of Watershed Management,48888.15,253,487,483
17,39,Male,Police Officer (E) (F) (O) (B) (S),APD Atlanta Police Department,58281.18,733,99,302
18,64,Male,Wastewater Collection System Operator (D),DWM Department of Watershed Management,29644.92,614,663,356
19,34,Male,Firefighter (E),AFR Atlanta Fire & Recuse,37955.36,125,677,856
20,50,Female,Crime Scene Technician II (D),APD Atlanta Police Department,35748.9,82,889,22
21,48,Male,Airport Operations Representative III (D),DOA Department of Aviation,58421.79,418,220,754
22,49,Male,Code Enforcement Supervisor,DPW Department of Public Works,49747.57,365,889,902
23,24,Female,Recreation Operations Assistant,"PRC Parks, Recreation, & Cultural Affairs",25800.01,440,563,315
24,32,Male,Firefighter (E),AFR Atlanta Fire & Recuse,37579.44,84,169,25
25,52,Male,"Plant Maintenance Mechanic, Sr (D)",DWM Department of Watershed Management,46807.9,151,814,115
26,51,Male,Firefighter (E),AFR Atlanta Fire & Recuse,35785.83,68,604,628
27,51,Male,Fire Sergeant (E),AFR Atlanta Fire & Recuse,50841.03,270,557,777
28,28,Female,Environmental Service Worker I (D),DPW Department of Public Works,25461.01,86,463,947
29,51,Male,Electrician Specialist,DOA Department of Aviation,56407.51,843,554,95
30,35,Female,Facilities Maintenance Mechanic (D),"PRC Parks, Recreation, & Cultural Affairs",32055.84,323,872,834
31,28,Male,Urban Planner I,PCD Planning & Community Development,41651.67,788,991,332
32,61,Female,Corrections Officer (E),COR Department of Corrections,42807.23,868,505,335
33,60,Male,Pension Administrator,DHR Department of Human Reources,62720.0,970,313,74
34,34,Female,Recreation Operations Assistant,"PRC Parks, Recreation, & Cultural Affairs",26703.01,430,173,767
35,29,Male,Performance & Operations Consultant,EXE Executive Offices,85000.01,897,685,529
36,47,Male,Network Engineer,DIT Department of Information Technology,75000.02,966,211,164
37,49,Male,Plant Maintenance Supervisor (D),DWM Department of Watershed Management,52542.1,607,730,579
38,48,Male,Gardener,"PRC Parks, Recreation, & Cultural Affairs",30908.61,563,486,176
39,48,Male,Police Sergeant (E) (F) (O) (B) (S),APD Atlanta Police Department,67535.69,239,346,334
40,53,Female,Corrections ID Technician (D),COR Department of Corrections,32638.17,168,836,814
41,54,Male,Corrections Officer (E),COR Department of Corrections,48684.48,641,754,460
42,51,Male,"Zoning Inspector, Sr",PCD Planning & Community Development,50220.52,939,553,174
43,47,Male,Watershed Operations Coordinator,DWM Department of Watershed Management,58747.1,401,333,534
44,49,Female,"Human Resources, Deputy Commissioner",DHR Department of Human Reources,150000.01,875,318,452
45,63,Male,"Laboratory Technician, Sr (D)",DWM Department of Watershed Management,41059.06,177,670,31
46,25,Male,Accounting Technical Specialist,DOF Department of Finance,37777.51,745,325,623
47,50,Female,"Programmer Analyst, Sr",DWM Department of Watershed Management,67000.0,348,653,838
48,25,Female,Water Service Representative,DWM Department of Watershed Management,34617.02,861,436,888
49,64,Male,Desk Top Support Technician,DWM Department of Watershed Management,52369.82,526,969,434
50,64,Male,Electrician (D),DPW Department of Public Works,35355.65,334,317,953
51,53,Male,Police Officer (E) (F) (O) (B) (S),APD Atlanta Police Department,34726.37,906,511,136
52,49,Male,Fire Captain (E),AFR Atlanta Fire & Recuse,55279.3,144,82,469
53,57,Male,"Custodian, Sr (D)",DPW Department of Public Works,33110.06,231,114,722
54,62,Female,City Council Member,CCN City Council,60300.01,347,671,868
55,49,Male,Construction Project Manager,EXE Executive Offices,72900.01,190,400,960
56,42,Male,Police Investigator (E) (F) (O),APD Atlanta Police Department,59005.86,941,469,525
57,64,Male,Audit Manager,DWM Department of Watershed Management,65641.08,467,601,188
58,55,Male,Watershed Plant Operator Class I (D),DWM Department of Watershed Management,46264.51,609,701,651
59,39,Male,Police Officer (E) (F) (O) (B) (S),APD Atlanta Police Department,39327.6,836,504,811
60,34,Male,Police Officer (E) (F) (O) (B) (S),APD Atlanta Police Department,42762.72,719,322,209
61,33,Male,Firefighter (E),AFR Atlanta Fire & Recuse,32132.8,794,894,919
62,48,Male,IT Manager,DWM Department of Watershed Management,82435.16,376,951,257
63,54,Male,Watershed Manager II,DWM Department of Watershed Management,84698.74,283,405,609
64,45,Female,Program Management Officer,EXE Executive Offices,124999.99,65,678,157
65,39,Male,Watershed Plant Operator Class I (D),DWM Department of Watershed Management,50800.01,409,15,110
66,66,Male,Watershed Director I,DWM Department of Watershed Management,95000.01,371,979,180
67,68,Male,"Plans Review Specialist, Sr",PCD Planning & Community Development,62561.76,252,948,938
68,39,Female,Network Engineer,DIT Department of Information Technology,71000.01,496,302,944
69,29,Male,Recreation Operations Assistant,"PRC Parks, Recreation, & Cultural Affairs",27641.74,457,206,359
70,45,Female,"Accounting Manager, Sr",DOA Department of Aviation,69800.02,401,895,258
71,51,Female,Construction/Maintenance Worker (D),DWM Department of Watershed Management,33296.71,54,534,92
72,64,Male,Electrician (D),DPW Department of Public Works,33000.01,104,425,187
73,29,Male,Legislative Research & Policy Analyst,CCN City Council,53625.1,538,288,294
74,61,Male,Construction Project Manager,DWM Department of Watershed Management,72336.85,971,161,687
75,59,Male,"Public Works Transportation Manager, Sr",DPW Department of Public Works,96222.84,150,740,700
76,66,Female,"Field Engineer, Sr",DWM Department of Watershed Management,52854.88,971,706,298
77,46,Male,Police Sergeant (E) (F) (O) (B) (S),APD Atlanta Police Department,57719.17,848,3,72
78,49,Male,Firefighter (E),AFR Atlanta Fire & Recuse,37955.36,643,502,982
79,51,Male,"Facilities Maintenance Mechanic, Sr (D)",DOA Department of Aviation,47161.82,318,642,314
80,59,Female,Corrections Officer (E),COR Department of Corrections,43663.36,869,381,107
81,22,Female,Administrative Assistant,EXE Executive Offices,31050.01,693,273,135
82,50,Female,"HRIS Specialist, Sr",DHR Department of Human Reources,52678.08,319,520,414
83,34,Male,"Water Service Representative, Sr",DWM Department of Watershed Management,40775.73,440,203,219
84,44,Male,"Police Officer, Sr (E) (F) (O) (B) (S)",APD Atlanta Police Department,60466.22,312,647,577
85,36,Female,Police Officer (E) (F) (O) (B) (S),APD Atlanta Police Department,41316.7,856,928,577
86,43,Female,Program Management Officer,DPW Department of Public Works,124600.01,682,882,778
87,38,Male,Police Officer (E) (F) (O) (B) (S),APD Atlanta Police Department,42762.72,525,334,404
88,48,Male,Solid Waste Equipment Operator,DPW Department of Public Works,29034.38,184,945,31
89,27,Male,Police Officer (E) (F) (O) (B) (S),APD Atlanta Police Department,34726.37,434,922,867
90,37,Male,"Data/Reporting Analyst, Sr",DWM Department of Watershed Management,54600.0,782,445,136
91,46,Female,Training Manager,DHR Department of Human Reources,64570.02,99,253,192
92,59,Male,Police Traffic Control Inspector (D),APD Atlanta Police Department,29438.03,386,731,644
93,30,Male,Environmental Service Worker I (D),DPW Department of Public Works,26699.89,637,788,184
94,54,Male,"Plant Maintenance Mechanic, Sr (D)",DWM Department of Watershed Management,48568.67,854,995,447
95,59,Male,"Public Works Transportation Manager, Sr",DPW Department of Public Works,82500.02,395,395,925
96,49,Male,"Community Facility Manager, Sr","PRC Parks, Recreation, & Cultural Affairs",44000.01,650,29,714
97,57,Male,Parks Worker II (D),"PRC Parks, Recreation, & Cultural Affairs",28500.01,551,189,895
98,30,Male,Police Officer (E) (F) (O) (B) (S),APD Atlanta Police Department,39919.57,781,2,649
99,43,Male,Solid Waste Operator II (D),DPW Department of Public Works,37316.68,616,223,74
100,41,Male,Police Officer (E) (F) (O) (B) (S),APD Atlanta Police Department,41316.7,479,972,211
101,34,Female,Data/Reporting Analyst,DOA Department of Aviation,46807.9,912,201,669
102,55,Female,"Pretrial Release Officer, Sr (D)",JDA Municipal Court Operations,34668.91,392,644,533
103,48,Male,Facilities Maintenance Supervisor,EXE Executive Offices,54600.0,34,200,566
104,45,Male,Police Lieutenant (E) (F) (O) (B) (S),APD Atlanta Police Department,81359.2,174,626,48
105,34,Male,Solid Waste Operator I (D),DPW Department of Public Works,27100.01,292,730,736
106,45,Male,Firefighter (E),AFR Atlanta Fire & Recuse,35255.25,109,234,779
107,33,Female,Social Worker,PDA Public Defender Administration,38449.22,527,924,450
108,39,Male,Firefighter (E),AFR Atlanta Fire & Recuse,37955.36,969,231,809
109,42,Male,Police Investigator (E) (F) (O),APD Atlanta Police Department,55082.56,232,691,832
110,65,Female,ATL311 Call Center Representative I,EXE Executive Offices,35780.74,334,753,375
111,45,Female,Court Operations Manager,JDA Municipal Court Operations,60170.01,825,175,896
112,57,Male,Contract Administration Specialist,DOA Department of Aviation,52433.41,252,776,326
113,27,Female,Police Officer (E) (F) (O) (B) (S),APD Atlanta Police Department,34726.37,856,337,327
114,26,Male,Police Officer (E) (F) (O) (B) (S),APD Atlanta Police Department,39919.57,743,887,529
115,37,Female,Gardener,"PRC Parks, Recreation, & Cultural Affairs",29497.51,825,264,354
116,62,Male,Court Operations Manager,JDA Municipal Court Operations,59197.63,257,702,355
117,50,Male,"Wastewater Collection Operator, Sr (D)",DWM Department of Watershed Management,44241.59,307,438,521
118,58,Female,"Accounting Technician, Sr",DOA Department of Aviation,43983.43,48,818,783
119,32,Male,Police Officer (E) (F) (O) (B) (S),APD Atlanta Police Department,42762.72,488,294,34
120,54,Male,Police Investigator (E) (F) (O),APD Atlanta Police Department,64772.86,785,201,786
121,27,Female,Court Support Specialist II (D),JDA Municipal Court Operations,32929.87,820,265,826
122,47,Male,Fire Sergeant (E),AFR Atlanta Fire & Recuse,54462.14,172,702,353
123,49,Male,Fire Lieutenant (E),AFR Atlanta Fire & Recuse,44222.67,300,481,113
124,30,Male,Police Officer (E) (F) (O) (B) (S),APD Atlanta Police Department,39327.6,50,693,257
125,39,Male,Vehicle/Equipment Mechanic II,DPW Department of Public Works,46498.11,519,44,157
126,41,Male,Fire Sergeant (E),AFR Atlanta Fire & Recuse,47460.52,918,6,752
127,32,Male,Firefighter (E),AFR Atlanta Fire & Recuse,42571.85,225,129,859
128,33,Female,"Recreation Operations Assistant, Sr","PRC Parks, Recreation, & Cultural Affairs",31101.28,715,745,185
129,26,Male,Police Officer (E) (F) (O) (B) (S),APD Atlanta Police Department,40704.08,281,419,552
130,42,Male,Firefighter (E),AFR Atlanta Fire & Recuse,36854.61,586,95,188
131,50,Male,Fire Sergeant (E),AFR Atlanta Fire & Recuse,56368.19,933,257,294
132,26,Male,Firefighter (E),AFR Atlanta Fire & Recuse,32132.8,778,353,348
133,30,Female,Police Officer (E) (F) (O) (B) (S),APD Atlanta Police Department,40717.87,922,621,911
134,32,Female,Airport Operations Representative III (D),DOA Department of Aviation,56363.74,946,690,785
135,48,Male,Police Investigator (E) (F) (O),APD Atlanta Police Department,48001.2,545,504,714
136,38,Male,Electrician Specialist,DOA Department of Aviation,54533.22,814,64,269
137,70,Female,AWDA Manager,PCD Atlanta Workforce Development Agency,52434.1,447,727,255
138,23,Female,Court Support Specialist I (D),JDA Municipal Court Operations,30848.5,884,939,142
139,63,Male,Management Consulting Director,DWM Department of Watershed Management,125000.01,368,797,256
140,37,Male,"Accounting Technician, Sr",DOA Department of Aviation,34827.76,675,37,141
141,64,Female,Legal Specialist,LAW Law Department,56274.62,589,935,520
142,28,Male,Data/Reporting Analyst,AFR Atlanta Fire & Recuse,39640.52,503,510,878
143,44,Female,Data Technician,DWM Department of Watershed Management,42335.03,612,538,356
144,48,Male,"Communications Electronics Technician, Sr (D)",AFR Atlanta Fire & Recuse,43541.03,283,369,255
145,55,Male,Employee Benefits Director,DHR Department of Human Reources,127212.13,9,451,816
146,48,Female,Police Officer (E) (F) (O) (B) (S),APD Atlanta Police Department,39919.57,816,939,355
147,39,Female,Permit Technician,PCD Planning & Community Development,41000.0,94,233,914
148,67,Male,Environmental Compliance Manager,DWM Department of Watershed Management,80000.0,829,68,689
149,43,Male,Airport Security Representative I (D),DOA Department of Aviation,54600.0,773,266,838
150,41,Male,Police Sergeant (E) (F) (O) (B) (S),APD Atlanta Police Department,49553.03,314,495,11
151,27,Female,Communications Dispatcher (D),APD Atlanta Police Department,34155.01,835,716,363
152,25,Male,Firefighter (E),AFR Atlanta Fire & Recuse,35785.83,179,582,504
153,28,Male,Police Officer (E) (F) (O) (B) (S),APD Atlanta Police Department,34726.37,72,946,80
154,51,Female,Corrections Officer (E),COR Department of Corrections,41259.3,279,981,93
155,47,Male,"Court Administrator, Assistant",JDA Municipal Court Operations,90000.02,479,150,106
156,46,Male,Traffic Signal Technician (D),DPW Department of Public Works,35780.61,839,403,681
157,49,Female,911 Operator (D),APD Atlanta Police Department,33589.92,927,661,742
158,43,Female,"Management Analyst, Sr",EXE Executive Offices,53204.4,985,488,548
159,51,Male,"Building Inspector, Sr",PCD Planning & Community Development,47196.01,449,97,569
160,36,Male,Firefighter (E),AFR Atlanta Fire & Recuse,36854.61,747,119,348
161,57,Male,Corrections Captain (E),COR Department of Corrections,64002.43,805,576,604
162,27,Female,Police Officer (E) (F) (O) (B) (S),APD Atlanta Police Department,42128.72,351,124,267
163,55,Female,Watershed Manager I,DWM Department of Watershed Management,67440.01,238,713,989
164,57,Female,Accounting Technical Specialist,DOF Department of Finance,39105.4,983,954,187
165,41,Male,"Career Advisor, Sr",PCD Atlanta Workforce Development Agency,43465.03,991,144,506
166,26,Male,Intern,DWM Department of Watershed Management,24600.01,574,143,136
167,34,Female,Business Manager I,DPW Department of Public Works,59400.02,429,499,122
168,41,Female,Gardener,"PRC Parks, Recreation, & Cultural Affairs",30534.45,736,234,190
169,63,Female,Business Systems Analyst,"PRC Parks, Recreation, & Cultural Affairs",65000.0,546,301,212
170,32,Female,Protocol Officer,DOA Department of Aviation,55000.0,778,53,508
171,26,Male,Firefighter (E),AFR Atlanta Fire & Recuse,35785.83,549,517,244
172,58,Male,"Budget Manager, Sr","PRC Parks, Recreation, & Cultural Affairs",78263.02,762,382,610
173,43,Male,Fire Lieutenant (E),AFR Atlanta Fire & Recuse,52780.83,629,696,432
174,66,Female,Administrative Assistant,DOF Department of Finance,34765.57,525,876,259
175,34,Female,"Customer Service Representative, Sr (D)",APD Atlanta Police Department,30946.5,466,372,368
176,47,Male,Fire Lieutenant (E),AFR Atlanta Fire & Recuse,44222.67,310,77,353
177,44,Male,"Plant Maintenance Mechanic, Sr (D)",DWM Department of Watershed Management,46807.9,290,383,56
178,64,Male,"Electrician, Sr (D)",DWM Department of Watershed Management,44727.43,765,733,848
179,25,Female,Police Officer (E) (F) (O) (B) (S),APD Atlanta Police Department,42971.28,486,299,572
180,36,Male,Police Investigator (E) (F) (O),APD Atlanta Police Department,46377.97,175,539,846
181,60,Male,"Accountant, Sr",DOA Department of Aviation,64953.71,963,851,459
182,56,Male,Labor Crew Supervisor (D),DPW Department of Public Works,40119.37,816,253,850
183,55,Female,Solid Waste Equipment Operator,DPW Department of Public Works,38457.83,399,696,863
184,58,Male,"Communications Specialist, Sr",CCN City Council,51750.0,396,266,912
185,29,Male,Firefighter (E),AFR Atlanta Fire & Recuse,37392.58,875,363,302
186,57,Male,Custodian (D),EXE Executive Offices,29279.83,80,653,649
187,37,Female,"City Attorney, Assistant Sr",LAW Law Department,80000.0,423,525,902
188,43,Male,Fire Captain (E),AFR Atlanta Fire & Recuse,59362.04,589,19,167
189,46,Female,"Customer Service Representative, Sr (D)",DPW Department of Public Works,29900.0,285,307,402
190,64,Male,Water System Control Operator,DWM Department of Watershed Management,50471.97,422,706,520
191,27,Male,Airport Operations Representative II (D),DOA Department of Aviation,47300.03,953,799,783
192,52,Male,Fire Captain (E),AFR Atlanta Fire & Recuse,67527.51,45,457,3
193,26,Male,Environmental Service Worker I (D),DPW Department of Public Works,24600.01,296,455,974
194,49,Female,Information Systems Supervisor,DWM Department of Watershed Management,50716.31,267,390,832
195,40,Male,"Construction/Maintenance Worker, Sr",DWM Department of Watershed Management,38470.54,523,655,913
196,45,Male,Police Sergeant (E) (F) (O) (B) (S),APD Atlanta Police Department,53881.36,534,570,498
197,43,Female,Court Clerk (D),JDA Municipal Court Operations,28865.17,477,614,925
198,33,Female,"Chief of Staff, Deputy",EXE Executive Offices,132001.58,98,558,150
199,51,Female,"Business Process Analyst, Sr",DIT Department of Information Technology,59684.98,612,913,519
200,29,Male,Police Officer (E) (F) (O) (B) (S),APD Atlanta Police Department,42128.72,186,715,39
201,42,Female,Business Process Analyst,EXE Executive Offices,69410.0,625,217,544
202,25,Male,Police Officer (E) (F) (O) (B) (S),APD Atlanta Police Department,39327.6,47,638,40
203,33,Male,"Construction/Maintenance Worker, Seasonal","PRC Parks, Recreation, & Cultural Affairs",21320.0,197,328,700
204,36,Female,Police Officer (E) (F) (O) (B) (S),APD Atlanta Police Department,44259.49,845,724,943
205,36,Female,"Data/Reporting Analyst, Sr",DWM Department of Watershed Management,54310.26,227,525,590
206,29,Male,Vehicle for Hire Enforcement Officer (D),APD Atlanta Police Department,38300.08,943,37,123
207,45,Male,Police Investigator (E) (F) (O),APD Atlanta Police Department,46377.97,561,172,988
208,56,Male,"Contracts Compliance Specialist, Sr",EXE Executive Offices,60000.01,87,166,974
209,37,Male,Police Sergeant (E) (F) (O) (B) (S),APD Atlanta Police Department,53881.36,370,117,456
210,51,Male,Police Officer (E) (F) (O) (B) (S),APD Atlanta Police Department,56310.38,927,468,497
211,63,Male,"Plant Maintenance Mechanic, Sr (D)",DWM Department of Watershed Management,47235.02,402,734,218
212,51,Male,"Facilities Maintenance Mechanic, Sr (D)",DOA Department of Aviation,46745.68,992,898,782
213,53,Female,"Accounting Technician, Sr","PRC Parks, Recreation, & Cultural Affairs",47116.18,73,604,552
214,61,Female,City Council Member,CCN City Council,60300.01,308,97,135
215,62,Female,"Construction/Maintenance Worker, Sr",DWM Department of Watershed Management,45125.7,691,992,172
216,24,Female,Summer Program Counselor,"PRC Parks, Recreation, & Cultural Affairs",20800.0,825,299,600
217,33,Female,Assistant Attorney,PDA Public Defender Administration,63200.01,709,94,899
218,34,Male,Watershed Plant Operator Class I (D),DWM Department of Watershed Management,51000.02,692,119,516
219,31,Male,Police Officer (E) (F) (O) (B) (S),APD Atlanta Police Department,39919.57,601,720,161
220,62,Female,Airport Concessions Manager,DOA Department of Aviation,76684.17,936,991,506
221,50,Male,License Permit Inspector (D),APD Atlanta Police Department,35355.65,547,74,631
222,50,Male,Contracts & Construction Coordinator,PCD Planning & Community Development,58000.01,736,162,755
223,31,Male,"IT/Compliance Auditor, Sr",AUD Audit Administration,81541.22,737,360,773
224,55,Female,Judge Special Assistant,JDA Municipal Court Operations,51731.47,689,934,923
225,38,Male,Police Investigator (E) (F) (O),APD Atlanta Police Department,51420.1,675,147,336
226,58,Female,Fire Protection Engineer,AFR Atlanta Fire & Recuse,47666.74,297,60,730
227,43,Male,Fire Sergeant (E),AFR Atlanta Fire & Recuse,45855.71,182,56,349
228,36,Male,Fire Inspector,AFR Atlanta Fire & Recuse,39785.68,427,305,192
229,34,Female,Recreation Specialist,"PRC Parks, Recreation, & Cultural Affairs",32454.11,581,973,54
230,49,Female,"Administrative Assistant, Sr",DWM Department of Watershed Management,38486.47,184,88,792
231,40,Female,Communications Dispatcher Supervisor (D),APD Atlanta Police Department,45672.94,367,301,281
232,37,Male,Firefighter (E),AFR Atlanta Fire & Recuse,35785.83,91,679,387
233,42,Male,Fire Captain (E),AFR Atlanta Fire & Recuse,55279.3,388,758,85
234,37,Male,Case Manager,JDA Municipal Court Operations,48500.0,922,870,262
235,35,Male,Recreation Operations Assistant,"PRC Parks, Recreation, & Cultural Affairs",28035.05,807,434,171
236,55,Male,Solid Waste Operator I (D),DPW Department of Public Works,30946.5,47,621,177
237,45,Female,Video Integration Center Monitor,DWM Department of Watershed Management,45663.69,280,784,154
238,46,Male,Environmental Service Worker I (D),"PRC Parks, Recreation, & Cultural Affairs",26700.1,573,365,862
239,44,Female,Procurement Specialist,DWM Department of Watershed Management,44505.01,81,727,284
240,42,Male,Police Officer (E) (F) (O) (B) (S),APD Atlanta Police Department,42762.72,866,148,803
241,29,Male,Police Officer (E) (F) (O) (B) (S),APD Atlanta Police Department,42762.72,126,883,205
242,43,Female,Payroll Supervisor,DOF Department of Finance,55000.0,459,552,919
243,26,Female,Corrections Officer (E),COR Department of Corrections,30081.0,229,947,208
244,36,Male,"Plant Maintenance Mechanic, Sr (D)",DWM Department of Watershed Management,51488.69,519,342,322
245,59,Male,"Watershed Management, Deputy Commissioner",DWM Department of Watershed Management,130000.0,464,76,137
246,24,Male,Recreation Operations Assistant,"PRC Parks, Recreation, & Cultural Affairs",25800.01,206,277,55
247,34,Male,IT Director,DIT Department of Information Technology,95000.01,413,450,283
248,48,Male,Fire Captain (E),AFR Atlanta Fire & Recuse,65243.89,501,298,119
249,52,Female,Nurse Assistant,DHR Department of Human Reources,39357.92,492,166,563
250,47,Male,Police Sergeant (E) (F) (O) (B) (S),APD Atlanta Police Department,54940.33,659,967,743
251,26,Female,Summer Program Counselor,"PRC Parks, Recreation, & Cultural Affairs",20800.0,521,962,168
252,37,Male,Watershed Plant Operator Class I (D),DWM Department of Watershed Management,52785.01,216,124,579
253,55,Female,Accounting Technical Specialist,DOF Department of Finance,42161.94,840,518,102
254,38,Female,"IT Manager, Sr",DIT Department of Information Technology,88330.03,530,424,292
255,34,Male,Police Sergeant (E) (F) (O) (B) (S),APD Atlanta Police Department,50298.77,857,908,214
256,26,Male,Police Officer (E) (F) (O) (B) (S),APD Atlanta Police Department,39327.6,967,31,441
257,62,Male,Solid Waste Operator I (D),DPW Department of Public Works,37241.72,63,78,316
258,46,Male,Fire Captain (E),AFR Atlanta Fire & Recuse,59362.04,640,440,361
259,55,Female,Police Officer (E) (F) (O) (B) (S),APD Atlanta Police Department,58281.18,172,269,24
260,35,Male,Police Sergeant (E) (F) (O) (B) (S),APD Atlanta Police Department,53881.34,926,478,529
261,38,Male,Police Reports Technician (D),APD Atlanta Police Department,29034.38,868,823,942
262,23,Female,Intern,DWM Department of Watershed Management,33280.0,994,300,927
263,42,Male,Police Officer (E) (F) (O) (B) (S),APD Atlanta Police Department,41316.7,636,804,810
264,34,Male,Police Officer (E) (F) (O) (B) (S),APD Atlanta Police Department,41316.7,350,513,190
265,27,Female,Communications Dispatcher (D),APD Atlanta Police Department,34325.75,517,776,821
266,45,Male,Fire Captain (E),AFR Atlanta Fire & Recuse,65243.89,374,729,91
267,44,Female,"Water Service Representative, Sr",DWM Department of Watershed Management,39581.01,969,871,831
268,46,Male,Fire Captain (E),AFR Atlanta Fire & Recuse,63037.71,328,84,306
269,51,Female,Police Sergeant (E) (F) (O) (B) (S),APD Atlanta Police Department,65578.03,517,805,399
270,43,Male,Field Engineer,DWM Department of Watershed Management,42021.02,750,746,427
271,29,Male,Police Officer (E) (F) (O) (B) (S),APD Atlanta Police Department,42762.72,542,934,230
272,28,Female,Police Officer (E) (F) (O) (B) (S),APD Atlanta Police Department,34726.37,666,183,902
273,27,Female,Office Manager,EXE Executive Offices,40000.0,440,610,488
274,29,Male,Solid Waste Operator I (D),DPW Department of Public Works,30957.26,906,187,986
275,51,Female,Police Officer (E) (F) (O) (B) (S),APD Atlanta Police Department,63977.68,251,158,934
276,52,Female,Permit Technician,PCD Planning & Community Development,41205.01,757,187,274
277,48,Male,Corrections Officer (E),COR Department of Corrections,48684.48,864,495,936
278,52,Male,Police Officer (E) (F) (O) (B) (S),APD Atlanta Police Department,39919.57,402,863,846
279,23,Female,Warrants Technician I (D),JDA Municipal Court Operations,32499.01,675,250,687
280,56,Female,Airport Assistant Manager,DOA Department of Aviation,72000.03,825,265,538
281,64,Female,"Administrative Assistant, Sr","PRC Parks, Recreation, & Cultural Affairs",35237.74,928,988,809
282,37,Male,"Police Officer, Sr (E) (F) (O) (B) (S)",APD Atlanta Police Department,52430.68,151,582,262
283,46,Male,Airport Programs Manager,DOA Department of Aviation,68057.62,368,779,71
284,60,Male,Bridge Engineer,DPW Department of Public Works,73510.17,739,159,573
285,53,Male,Construction Inspector,DPW Department of Public Works,35355.65,488,693,321
286,55,Male,Watershed Plant Operator Supervisor (D),DWM Department of Watershed Management,56079.09,555,169,341
287,56,Male,Police Crime Analyst,APD Atlanta Police Department,39838.64,692,567,57
288,43,Male,Police Investigator (E) (F) (O),APD Atlanta Police Department,57010.51,534,75,698
289,66,Female,"Administrative Assistant, Sr",LAW Law Department,42959.12,475,440,858
290,82,Male,Auditorium Supervisor (D),"PRC Parks, Recreation, & Cultural Affairs",45567.03,615,306,428
291,27,Male,Police Officer (E) (F) (O) (B) (S),APD Atlanta Police Department,42762.72,89,866,260
292,46,Male,Police Investigator (E) (F) (O),APD Atlanta Police Department,60466.22,147,239,611
293,39,Male,"Communications Dispatcher, Sr (D)",DOA Department of Aviation,39105.4,875,941,395
294,57,Male,Environmental Compliance Manager,DOA Department of Aviation,74184.01,0,370,727
295,52,Female,"IT Project Manager, Sr",DIT Department of Information Technology,84300.01,799,517,319
296,28,Female,Police Officer (E) (F) (O) (B) (S),APD Atlanta Police Department,35420.9,967,542,238
297,29,Male,Customer Service Supervisor (D),DWM Department of Watershed Management,42647.18,602,546,765
298,43,Male,Police Investigator (E) (F) (O),APD Atlanta Police Department,51420.1,335,187,270
299,49,Male,Watershed Operations Coordinator,DWM Department of Watershed Management,61304.82,273,228,242
300,49,Female,"Communications Dispatcher, Sr (D)",APD Atlanta Police Department,48859.52,291,377,363
301,40,Male,City Council Assistant,CCN City Council,45000.01,269,272,665
302,26,Female,Recreation Operations Assistant,"PRC Parks, Recreation, & Cultural Affairs",26703.01,893,164,781
303,53,Male,Fleet Parts Supervisor,DPW Department of Public Works,50849.97,893,121,234
304,30,Male,Solid Waste Operator I (D),DPW Department of Public Works,30946.5,602,687,95
305,32,Female,Firefighter (E),AFR Atlanta Fire & Recuse,38549.05,631,522,504
306,41,Female,"Accounting Manager, Sr",LAW Law Department,85250.01,214,511,43
307,33,Female,Corrections Officer (E),COR Department of Corrections,30081.0,910,871,321
308,36,Male,Fire Lieutenant (E),AFR Atlanta Fire & Recuse,58518.97,651,310,436
309,29,Male,Police Officer (E) (F) (O) (B) (S),APD Atlanta Police Department,41316.7,636,137,493
310,50,Male,Police Sergeant (E) (F) (O) (B) (S),APD Atlanta Police Department,72707.65,369,166,60
311,51,Male,Police Sergeant (E) (F) (O) (B) (S),APD Atlanta Police Department,67873.31,225,661,817
312,26,Male,Police Officer (E) (F) (O) (B) (S),APD Atlanta Police Department,34726.37,70,796,228
313,28,Female,Environmental Service Worker I (D),DPW Department of Public Works,25461.01,275,986,146
314,37,Male,Police Officer (E) (F) (O) (B) (S),APD Atlanta Police Department,44259.49,641,726,98
315,43,Female,"City Attorney, Assistant Sr",LAW Law Department,96560.01,881,320,922
316,61,Female,"Administrative Assistant, Sr",DWM Department of Watershed Management,41654.31,6,633,755
317,23,Female,Recreation Operations Assistant,"PRC Parks, Recreation, & Cultural Affairs",25800.01,768,483,313
318,51,Male,Police Officer (E) (F) (O) (B) (S),APD Atlanta Police Department,41316.7,124,130,210
319,26,Male,Police Officer (E) (F) (O) (B) (S),APD Atlanta Police Department,42128.72,200,373,43
320,61,Male,"Facilities Maintenance Mechanic, Sr (D)",DWM Department of Watershed Management,41502.97,322,639,971
321,51,Male,Fire Chief,AFR Atlanta Fire & Recuse,172860.0,713,35,722
322,52,Male,Facilities Maintenance Mechanic (D),"PRC Parks, Recreation, & Cultural Affairs",40700.84,145,207,193
323,51,Female,"Data/Reporting Analyst, Sr",DWM Department of Watershed Management,55337.57,570,266,942
324,43,Male,"Police Officer, Sr (E) (F) (O) (B) (S)",APD Atlanta Police Department,48001.2,193,197,708
325,31,Male,Construction/Maintenance Worker (D),DWM Department of Watershed Management,32170.8,657,141,979
326,52,Male,"Corrections Officer, Sr (E)",COR Department of Corrections,53343.26,14,77,453
327,48,Male,Fire Sergeant (E),AFR Atlanta Fire & Recuse,54462.14,119,810,333
328,28,Male,Firefighter (E),AFR Atlanta Fire & Recuse,37955.36,655,401,193
329,48,Male,"Chief Information Officer, Deputy",DIT Department of Information Technology,165000.01,508,838,412
330,38,Female,Police Sergeant (E) (F) (O) (B) (S),APD Atlanta Police Department,57719.17,964,694,14
331,60,Male,"IT Project Manager, Sr",DIT Department of Information Technology,80616.99,958,643,231
332,54,Female,Corrections Officer (E),COR Department of Corrections,38230.19,351,471,733
333,54,Female,Contract Administrator,LAW Law Department,71000.01,154,325,941
334,53,Female,Corrections Sergeant (E),COR Department of Corrections,53675.29,949,947,846
335,55,Male,Police Investigator (E) (F) (O),APD Atlanta Police Department,55082.56,105,724,945
336,40,Male,Airport Security Representative II (D),DOA Department of Aviation,50019.63,512,254,482
337,39,Female,Warrants Technician I (D),JDA Municipal Court Operations,35780.61,87,152,871
338,42,Female,Communications Dispatcher (D),APD Atlanta Police Department,38329.1,945,893,556
339,38,Male,"Deputy Commissioner, Finance, Watershed",DWM Department of Watershed Management,130000.0,954,201,606
340,29,Male,"Solicitor, Sr Assistant",SOL Solicitor Office,70716.82,824,163,750
341,29,Female,Assistant Attorney,PDA Public Defender Administration,58800.04,706,727,289
342,48,Male,Ground Transportation Operations Assistant,DOA Department of Aviation,35513.3,583,796,313
343,51,Female,HRIS Specialist,DHR Department of Human Reources,48771.24,735,368,2
344,33,Male,Police Officer (E) (F) (O) (B) (S),APD Atlanta Police Department,42971.28,587,838,679
345,41,Male,"Police Officer, Sr (E) (F) (O) (B) (S)",APD Atlanta Police Department,53219.71,356,5,651
346,53,Male,Fire Captain (E),AFR Atlanta Fire & Recuse,57284.29,194,30,937
347,52,Male,Communications Dispatcher (D),APD Atlanta Police Department,34155.01,190,836,420
348,41,Female,Police Investigator (E) (F) (O),APD Atlanta Police Department,54265.76,399,81,953
349,37,Male,"Police Officer, Sr (E) (F) (O) (B) (S)",APD Atlanta Police Department,49681.22,64,402,714
350,33,Male,Construction/Maintenance Worker (D),"PRC Parks, Recreation, & Cultural Affairs",25800.01,972,687,607
351,40,Female,"Auditor, Sr",DOA Department of Aviation,50019.63,897,586,933
352,34,Male,Vehicle/Equipment Mechanic III,DPW Department of Public Works,51147.91,743,653,305
353,50,Male,Graffiti Worker,DPW Department of Public Works,29602.29,592,698,935
354,51,Male,Recreation Operations Assistant,"PRC Parks, Recreation, & Cultural Affairs",28035.05,554,576,287
355,52,Male,"Recreation Operations Assistant, Sr","PRC Parks, Recreation, & Cultural Affairs",30946.5,96,665,90
356,28,Female,Communications Dispatcher (D),APD Atlanta Police Department,35355.65,959,972,292
357,46,Male,"Facilities Maintenance Mechanic, Sr (D)",DOA Department of Aviation,47161.82,836,904,163
358,54,Female,Human Resources Administrator,DHR Department of Human Reources,44337.49,249,488,63
359,43,Male,Wastewater Collection Superintendent,DWM Department of Watershed Management,70173.0,60,99,441
360,37,Male,"Construction/Maintenance Worker, Seasonal","PRC Parks, Recreation, & Cultural Affairs",21320.0,336,477,627
361,40,Male,Firefighter (E),AFR Atlanta Fire & Recuse,35785.83,825,715,132
362,54,Male,Solid Waste Operator II (D),DPW Department of Public Works,39580.73,20,637,689
363,54,Male,Combination Inspector Chief,PCD Planning & Community Development,78370.82,624,711,67
364,55,Female,"Administrative Assistant, Sr",DWM Department of Watershed Management,45610.94,50,810,956
365,44,Male,Firefighter (E),AFR Atlanta Fire & Recuse,35785.83,672,534,362
366,49,Female,Court Operations Manager,JDA Municipal Court Operations,66893.32,590,390,285
367,67,Male,Solid Waste Operator II (D),DPW Department of Public Works,40472.42,19,476,701
368,33,Male,Storekeeper (D),DOA Department of Aviation,31050.05,976,191,134
369,37,Female,Fire Sergeant (E),AFR Atlanta Fire & Recuse,45175.69,769,812,903
370,23,Female,Police Officer (E) (F) (O) (B) (S),APD Atlanta Police Department,42128.72,907,981,476
371,23,Female,Parks Attendant,"PRC Parks, Recreation, & Cultural Affairs",21840.0,179,749,579
372,23,Female,Police Officer (E) (F) (O) (B) (S),APD Atlanta Police Department,42128.72,163,874,845
373,42,Female,Recreation Operations Assistant,"PRC Parks, Recreation, & Cultural Affairs",28035.05,444,998,482
374,46,Male,Fire Captain (E),AFR Atlanta Fire & Recuse,59361.95,271,288,699
375,56,Male,Pollution Control Monitor,DWM Department of Watershed Management,51488.73,573,774,984
376,41,Male,Watershed Plant Operator Class I (D),DWM Department of Watershed Management,39640.49,836,231,750
377,57,Female,Construction/Maintenance Worker (D),DWM Department of Watershed Management,31205.27,970,346,151
378,25,Male,Firefighter (E),AFR Atlanta Fire & Recuse,32132.8,370,417,569
379,56,Female,"Office Support Assistant, Sr (D)",APD Atlanta Police Department,39670.72,749,726,788
380,35,Female,Pretrial Release Officer (D),JDA Municipal Court Operations,30946.5,151,754,292
381,49,Male,"Corrections Officer, Sr (E)",COR Department of Corrections,48033.02,643,869,143
382,39,Female,Special Events Director,EXE Executive Offices,84500.0,0,253,660
383,53,Male,Police Officer (E) (F) (O) (B) (S),APD Atlanta Police Department,58281.18,282,498,339
384,62,Female,Employee & Labor Relations Director,DHR Department of Human Reources,85000.01,924,451,387
385,36,Male,"Police Officer, Sr (E) (F) (O) (B) (S)",APD Atlanta Police Department,44809.65,802,340,826
386,40,Male,Superintendent of Operations,DPW Department of Public Works,78000.0,842,856,438
387,37,Female,"Recreation Operations Assistant, Sr","PRC Parks, Recreation, & Cultural Affairs",32454.11,538,433,787
388,52,Female,"Human Resources Assistant, Sr",DHR Department of Human Reources,41197.06,623,634,12
389,66,Male,Watershed Manager I,DWM Department of Watershed Management,74941.05,230,420,988
390,63,Male,Facilities Maintenance Mechanic (D),"PRC Parks, Recreation, & Cultural Affairs",34268.92,402,655,190
391,27,Male,Airport Operations Representative I (D),DOA Department of Aviation,41000.0,42,934,266
392,29,Male,Police Officer (E) (F) (O) (B) (S),APD Atlanta Police Department,42762.72,28,263,532
393,53,Female,"City Council Assistant, Sr",CCN City Council,60599.97,356,684,113
394,45,Male,Police Investigator (E) (F) (O),APD Atlanta Police Department,46377.97,750,545,585
395,50,Male,Corrections Officer (E),COR Department of Corrections,36929.98,961,849,25
396,47,Male,Construction/Maintenance Worker (D),DWM Department of Watershed Management,32243.86,952,565,602
397,51,Male,Solid Waste Operator I (D),DPW Department of Public Works,29900.0,525,694,696
398,53,Male,Environmental Service Worker I (D),DPW Department of Public Works,33969.89,534,603,782
399,45,Male,HVAC Technician (D),DOA Department of Aviation,45208.8,118,908,117
400,40,Male,Storekeeper (D),DPW Department of Public Works,26703.01,615,760,39
401,56,Female,Program Management Officer,SOL Solicitor Office,82052.3,232,338,221
402,41,Male,"IT Manager, Sr",DIT Department of Information Technology,84599.38,209,113,396
403,54,Female,Administrative Assistant,SOL Solicitor Office,35145.53,465,508,809
404,39,Male,Fire Sergeant (E),AFR Atlanta Fire & Recuse,39222.84,152,427,162
405,46,Female,"City Council Assistant, Sr",CCN City Council,65741.33,681,445,20
406,30,Female,Community Facility Manager,"PRC Parks, Recreation, & Cultural Affairs",41000.0,338,155,845
407,58,Male,Vehicle/Equipment Mechanic III,DPW Department of Public Works,57796.29,918,911,694
408,47,Male,Police Investigator (E) (F) (O),APD Atlanta Police Department,49681.22,315,185,416
409,47,Male,Watershed Plant Operator Class I (D),DWM Department of Watershed Management,54995.01,825,68,749
410,40,Female,Police Officer (E) (F) (O) (B) (S),APD Atlanta Police Department,41316.7,848,351,653
411,53,Female,Wastewater Collection Supervisor (D),DWM Department of Watershed Management,54418.24,547,654,488
412,55,Male,"Aquatics Facility Assistant, Sr","PRC Parks, Recreation, & Cultural Affairs",41290.7,932,42,866
413,52,Male,Watershed Operations Coordinator,DWM Department of Watershed Management,58336.49,495,316,985
414,66,Male,Electrician Specialist,DOA Department of Aviation,56770.41,662,533,565
415,36,Female,ATL311 Team Lead,EXE Executive Offices,47765.27,747,566,717
416,77,Male,"Combination Inspector, Sr",PCD Planning & Community Development,57300.01,836,919,36
417,46,Female,"Airport International Affairs, Director",DOA Department of Aviation,80705.27,51,443,36
418,51,Male,Police Sergeant (E) (F) (O) (B) (S),APD Atlanta Police Department,55767.3,60,306,699
419,26,Female,Police Officer (E) (F) (O) (B) (S),APD Atlanta Police Department,34726.37,324,227,239
420,53,Male,"Police Officer, Sr (E) (F) (O) (B) (S)",APD Atlanta Police Department,62582.62,34,589,630
421,34,Female,Police Investigator (E) (F) (O),APD Atlanta Police Department,48001.2,890,297,130
422,29,Male,Police Officer (E) (F) (O) (B) (S),APD Atlanta Police Department,34726.37,70,907,414
423,53,Female,911 Communications Director,APD Atlanta Police Department,105400.01,462,838,470
424,26,Male,Firefighter (E),AFR Atlanta Fire & Recuse,32132.8,678,118,625
425,45,Female,Accounting Technical Specialist,DWM Department of Watershed Management,44207.53,336,329,492
426,59,Male,Environmental Compliance Officer,DWM Department of Watershed Management,41400.0,456,287,629
427,41,Male,Field Engineer,DWM Department of Watershed Management,46807.9,853,713,872
428,27,Male,Police Officer (E) (F) (O) (B) (S),APD Atlanta Police Department,42128.72,863,228,541
429,52,Male,Construction/Maintenance Worker (D),DWM Department of Watershed Management,31153.49,45,221,158
430,59,Male,Firefighter (E),AFR Atlanta Fire & Recuse,53119.42,600,861,790
431,40,Male,"Construction Inspector, Sr",DOA Department of Aviation,64283.04,279,711,578
432,38,Male,Police Sergeant (E) (F) (O) (B) (S),APD Atlanta Police Department,55767.3,432,470,522
433,44,Male,Airport Manager,DOA Department of Aviation,79234.11,949,507,928
434,45,Male,Police Sergeant (E) (F) (O) (B) (S),APD Atlanta Police Department,51287.39,925,16,62
435,32,Male,"Deputy Director, Atlanta/Innovation Delivery",EXE Executive Offices,100000.01,347,610,683
436,31,Female,Management Analyst,DWM Department of Watershed Management,54600.0,190,307,50
437,31,Male,Police Officer (E) (F) (O) (B) (S),APD Atlanta Police Department,42762.72,991,213,106
438,50,Female,Customer Service Supervisor (D),APD Atlanta Police Department,39785.68,667,737,692
439,36,Male,Aquatics Facility Assistant,"PRC Parks, Recreation, & Cultural Affairs",28035.05,964,7,977
440,62,Female,"Recreation Operations Assistant, Sr","PRC Parks, Recreation, & Cultural Affairs",44239.18,822,517,277
441,39,Male,Electrician (D),DPW Department of Public Works,35355.65,162,67,61
442,27,Male,Police Officer (E) (F) (O) (B) (S),APD Atlanta Police Department,41316.7,754,171,534
443,35,Male,"Police Officer, Sr (E) (F) (O) (B) (S)",APD Atlanta Police Department,48001.2,832,697,273
444,52,Female,City Council Assistant,CCN City Council,21008.0,619,717,737
445,57,Male,Construction/Maintenance Worker (D),DWM Department of Watershed Management,40930.33,134,415,656
446,50,Female,Legal Program Assistant,SOL Solicitor Office,41300.0,923,250,702
447,34,Male,Project Manager,EXE Executive Offices,70000.32,7,103,736
448,29,Male,Police Officer (E) (F) (O) (B) (S),APD Atlanta Police Department,40717.87,311,120,775
449,51,Male,Police Lieutenant (E) (F) (O) (B) (S),APD Atlanta Police Department,75950.16,945,839,715
450,50,Male,Benefits Manager,DHR Department of Human Reources,85045.02,167,996,541
451,44,Male,Fire Sergeant (E),AFR Atlanta Fire & Recuse,52620.31,683,337,668
452,52,Male,Police Investigator (E) (F) (O),APD Atlanta Police Department,55082.56,543,817,39
453,54,Female,"Police Officer, Sr (E) (F) (O) (B) (S)",APD Atlanta Police Department,62582.62,0,754,523
454,39,Male,Wastewater Collection Coordinator,DWM Department of Watershed Management,52578.01,181,24,245
455,33,Male,Equipment Maintenance/Safety Supervisor,DWM Department of Watershed Management,40986.03,696,50,205
456,50,Male,Police Sergeant (E) (F) (O) (B) (S),APD Atlanta Police Department,67873.31,960,760,923
457,23,Female,Intern,DWM Department of Watershed Management,33280.0,304,253,917
458,31,Male,Construction/Maintenance Worker (D),DPW Department of Public Works,27684.58,958,145,342
459,30,Male,Firefighter (E),AFR Atlanta Fire & Recuse,36489.61,617,423,97
460,34,Female,"City Council Assistant, Sr",CCN City Council,58510.4,24,500,109
461,55,Male,Electrician Specialist,DOA Department of Aviation,53820.0,335,552,726
462,44,Female,Corrections Officer (E),COR Department of Corrections,34258.02,586,971,979
463,49,Female,"Chief Information Officer, Deputy",DIT Department of Information Technology,113000.01,915,473,558
464,28,Female,Airport Security Representative II (D),DOA Department of Aviation,47300.01,137,711,860
465,50,Female,"Training Specialist, Sr",DHR Department of Human Reources,55991.31,981,569,354
466,34,Male,Police Officer (E) (F) (O) (B) (S),APD Atlanta Police Department,41316.7,454,205,203
467,44,Male,Police Lieutenant (E) (F) (O) (B) (S),APD Atlanta Police Department,81359.2,211,493,675
468,41,Male,Firefighter (E),AFR Atlanta Fire & Recuse,44724.92,36,916,745
469,56,Male,Construction/Maintenance Worker (D),DWM Department of Watershed Management,31205.27,413,331,318
470,23,Male,Police Officer (E) (F) (O) (B) (S),APD Atlanta Police Department,34726.37,83,396,512
471,41,Female,"Administrative Assistant, Sr",AFR Atlanta Fire & Recuse,36125.06,786,862,814
472,57,Female,Watershed Plant Operator Supervisor (D),DWM Department of Watershed Management,60666.4,911,947,107
473,48,Male,Video Integration Center Monitor,DWM Department of Watershed Management,50230.06,17,643,498
474,28,Male,Police Officer (E) (F) (O) (B) (S),APD Atlanta Police Department,42128.72,165,600,67
475,48,Male,"Human Resources Director, Airport",DHR Department of Human Reources,135000.01,619,849,244
476,30,Female,City Council Assistant,CCN City Council,40000.0,756,331,150
477,52,Male,Chief Financial Officer,DOF Department of Finance,221108.01,717,755,259
478,48,Male,Police Investigator (E) (F) (O),APD Atlanta Police Department,62582.62,593,661,90
479,45,Female,Code Enforcement Officer,APD Atlanta Police Department,39640.52,773,47,459
480,57,Male,Intern,DWM Department of Watershed Management,24921.0,528,314,56
481,42,Male,Police Officer (E) (F) (O) (B) (S),APD Atlanta Police Department,41316.7,106,564,344
482,35,Female,"City Council Assistant, Sr",CCN City Council,90000.02,235,44,70
483,54,Female,Environmental Service Worker II (D),DPW Department of Public Works,34462.24,151,530,689
484,28,Male,Police Officer (E) (F) (O) (B) (S),APD Atlanta Police Department,42762.72,109,381,328
485,54,Male,Watershed Manager I,DWM Department of Watershed Management,74896.65,127,475,62
486,30,Male,Police Officer (E) (F) (O) (B) (S),APD Atlanta Police Department,45129.34,184,996,260
487,48,Male,Police Officer (E) (F) (O) (B) (S),APD Atlanta Police Department,42762.72,342,168,702
488,60,Male,Facility Project Manager,DOA Department of Aviation,70000.01,474,46,716
489,49,Female,Management Analyst,DOA Department of Aviation,55000.0,864,650,506
490,34,Male,Fire Sergeant (E),AFR Atlanta Fire & Recuse,46756.84,940,887,83
491,34,Male,Watershed Crew Supervisor (D),DWM Department of Watershed Management,50801.09,565,318,441
492,66,Female,"Administrative Assistant, Sr",DWM Department of Watershed Management,38486.47,338,114,544
493,47,Female,"Contracting Officer, Sr",DPW Department of Public Works,60575.04,180,693,902
494,47,Female,Constituent Services Specialist,EXE Executive Offices,51232.55,75,8,86
495,36,Male,Police Investigator (E) (F) (O),APD Atlanta Police Department,48001.2,232,977,793
496,47,Female,"Communications Dispatcher, Sr (D)",DOA Department of Aviation,39331.66,308,42,736
497,54,Male,"Contracts Compliance Specialist, Sr",EXE Executive Offices,66569.78,735,922,206
498,57,Male,Airport Director,DOA Department of Aviation,105000.0,535,457,694
499,56,Male,Police Investigator (E) (F) (O),APD Atlanta Police Department,59005.65,330,512,917
500,32,Male,Desk Top Support Technician,DWM Department of Watershed Management,47194.78,441,974,552
501,31,Male,Corrections Officer (E),COR Department of Corrections,30081.0,84,96,536
502,54,Male,Fleet Parts Supervisor,DPW Department of Public Works,52100.01,111,176,976
503,37,Female,Police Officer (E) (F) (O) (B) (S),APD Atlanta Police Department,41316.7,547,713,536
504,49,Female,Fire Lieutenant (E),AFR Atlanta Fire & Recuse,54628.06,254,277,756
505,43,Female,Administrative Assistant,APD Atlanta Police Department,32890.0,979,557,526
506,41,Male,Installation Chief,DPW Department of Public Works,60660.6,851,198,568
507,46,Male,Police Officer (E) (F) (O) (B) (S),APD Atlanta Police Department,34726.37,145,498,121
508,54,Male,Plant Maintenance Supervisor (D),DWM Department of Watershed Management,52517.97,367,365,938
509,39,Male,Desk Top Support Technician,DIT Department of Information Technology,49972.21,990,213,843
510,52,Male,Environmental Service Worker I (D),DPW Department of Public Works,32821.16,292,56,556
511,54,Female,Accounting Technical Specialist,DOF Department of Finance,50075.2,647,461,755
512,52,Female,"Administrative Assistant, Sr",DWM Department of Watershed Management,34155.01,744,596,325
513,30,Male,Firefighter (E),AFR Atlanta Fire & Recuse,35255.25,906,907,24
514,50,Male,"Water Distribution Operator, Sr",DWM Department of Watershed Management,41503.62,276,509,927
515,33,Female,Pension Analyst,DHR Department of Human Reources,47300.01,493,818,426
516,24,Male,Intern,DWM Department of Watershed Management,33280.0,216,68,880
517,58,Male,Communications Electronics Technician (D),APD Atlanta Police Department,38170.02,404,905,894
518,36,Female,Airport Operations Representative II (D),DOA Department of Aviation,51239.76,468,193,822
519,53,Male,Facilities Maintenance Mechanic (D),DOA Department of Aviation,31567.58,935,922,284
520,26,Male,Police Officer (E) (F) (O) (B) (S),APD Atlanta Police Department,41316.7,536,812,471
521,43,Female,Police Officer (E) (F) (O) (B) (S),APD Atlanta Police Department,42762.72,469,62,377
522,51,Male,Police Lieutenant (E) (F) (O) (B) (S),APD Atlanta Police Department,70900.13,468,291,471
523,45,Male,Airport Director,DOA Department of Aviation,115342.51,41,897,788
524,37,Female,ATL311 Call Center Representative I,EXE Executive Offices,36388.35,94,779,173
525,50,Female,Sustainability Director,EXE Executive Offices,140000.02,737,441,841
526,36,Male,Fire Inspector,AFR Atlanta Fire & Recuse,54413.31,56,519,61
527,32,Male,Watershed Plant Operator Class I (D),DWM Department of Watershed Management,26910.0,813,601,448
528,49,Female,Parks Supervisor (D),"PRC Parks, Recreation, & Cultural Affairs",38588.04,67,837,232
529,33,Male,Firefighter (E),AFR Atlanta Fire & Recuse,35785.83,839,410,108
530,61,Male,Airport Engineering Manager,DOA Department of Aviation,107319.0,969,72,594
531,36,Male,Aquatics Facility Assistant,"PRC Parks, Recreation, & Cultural Affairs",28035.05,124,488,244
532,37,Female,"Recreation Operations Assistant, Sr","PRC Parks, Recreation, & Cultural Affairs",32454.11,891,610,310
533,31,Male,Firefighter (E),AFR Atlanta Fire & Recuse,37955.36,528,149,313
534,46,Female,Customer Service Supervisor (D),APD Atlanta Police Department,45296.16,718,957,612
535,53,Male,Police Officer (E) (F) (O) (B) (S),APD Atlanta Police Department,58281.18,167,160,400
536,55,Male,Plant Maintenance Supervisor (D),DWM Department of Watershed Management,54381.23,441,803,950
537,52,Male,Police Lieutenant (E) (F) (O) (B) (S),APD Atlanta Police Department,81359.2,220,145,724
538,59,Female,"City Council Assistant, Sr",CCN City Council,67163.2,546,998,63
539,37,Male,Fire Lieutenant (E),AFR Atlanta Fire & Recuse,45826.49,605,582,569
540,29,Male,Intern,DWM Department of Watershed Management,33280.0,93,389,150
541,60,Female,"Office Support Assistant, Sr (D)",APD Atlanta Police Department,35158.88,971,954,63
542,42,Male,Police Sergeant (E) (F) (O) (B) (S),APD Atlanta Police Department,53881.36,111,763,673
543,36,Male,Fire Lieutenant (E),AFR Atlanta Fire & Recuse,43566.99,786,127,426
544,27,Male,Police Officer (E) (F) (O) (B) (S),APD Atlanta Police Department,41316.7,464,507,757
545,33,Female,Video Integration Monitor PT,APD Atlanta Police Department,40600.04,66,408,836
546,47,Male,Police Sergeant (E) (F) (O) (B) (S),APD Atlanta Police Department,57719.17,140,496,844
547,25,Female,Police Officer (E) (F) (O) (B) (S),APD Atlanta Police Department,34726.37,819,599,398
548,58,Male,Process Control Engineer,DWM Department of Watershed Management,67397.03,814,885,693
549,33,Male,Fire Sergeant (E),AFR Atlanta Fire & Recuse,39222.84,60,435,614
550,53,Male,City Council Assistant,CCN City Council,45152.56,427,759,723
551,51,Male,Project Manager,DWM Department of Watershed Management,66569.78,811,161,719
552,46,Female,"Traffic Engineer, Sr",DPW Department of Public Works,60000.01,217,217,180
553,60,Female,Construction/Maintenance Worker I (D),DWM Department of Watershed Management,38486.9,890,138,372
554,35,Male,Fire Sergeant (E),AFR Atlanta Fire & Recuse,42975.69,446,23,381
555,39,Female,Police Investigator (E) (F) (O),APD Atlanta Police Department,51420.1,108,272,258
556,35,Male,Police Investigator (E) (F) (O),APD Atlanta Police Department,44809.65,403,788,146
557,32,Male,Police Officer (E) (F) (O) (B) (S),APD Atlanta Police Department,42762.72,932,73,351
558,57,Male,"Landscape Architect, Sr",PCD Planning & Community Development,53000.0,558,828,846
559,35,Female,Driver/Courier,DWM Department of Watershed Management,34444.8,606,380,389
560,36,Male,Environmental Service Worker I (D),DPW Department of Public Works,26700.1,860,173,111
561,25,Female,Recreation Operations Assistant,"PRC Parks, Recreation, & Cultural Affairs",25800.01,545,614,359
562,65,Female,"Financial Manager, Sr",DWM Department of Watershed Management,76219.6,276,966,73
563,29,Female,Police Officer (E) (F) (O) (B) (S),APD Atlanta Police Department,42762.72,981,837,851
564,59,Female,ATL311 Quality Assurance & Training Specialist,EXE Executive Offices,43680.0,432,4,603
565,40,Female,Data Technician,DWM Department of Watershed Management,34325.78,321,39,428
566,68,Male,"Watershed Inspector, Sr",DWM Department of Watershed Management,52288.93,610,270,60
567,53,Male,Watershed Operations Coordinator,DWM Department of Watershed Management,50800.01,915,250,791
568,44,Male,Police Officer (E) (F) (O) (B) (S),APD Atlanta Police Department,39919.57,677,444,872
569,65,Female,Data/Reporting Analyst,DWM Department of Watershed Management,56175.81,705,564,674
570,45,Female,HRIS Manager,DHR Department of Human Reources,80000.0,298,576,561
571,45,Female,Press Secretary,CCN City Council,60927.9,722,463,722
572,32,Male,Police Officer (E) (F) (O) (B) (S),APD Atlanta Police Department,42762.72,523,224,225
573,23,Female,"Recreation Operations Assistant, Sr","PRC Parks, Recreation, & Cultural Affairs",29900.0,521,906,255
574,36,Female,"Public Defender Assistant, Sr",PDA Public Defender Administration,67440.01,852,109,953
575,44,Male,Fire Sergeant (E),AFR Atlanta Fire & Recuse,43648.01,676,918,471
576,46,Male,Police Officer (E) (F) (O) (B) (S),APD Atlanta Police Department,44259.49,619,740,136
577,46,Male,"City Attorney, Deputy",LAW Law Department,128560.02,121,378,105
578,61,Male,Chemist,DWM Department of Watershed Management,47298.52,257,689,667
579,65,Male,Watershed Plant Operator Class I (D),DWM Department of Watershed Management,51054.02,282,275,22
580,32,Male,Systems Administrator,DOA Department of Aviation,57781.61,101,213,608
581,33,Male,Police Investigator (E) (F) (O),APD Atlanta Police Department,48001.2,287,596,683
582,34,Female,Police Investigator (E) (F) (O),APD Atlanta Police Department,47289.49,563,5,620
583,51,Male,Fire Sergeant (E),AFR Atlanta Fire & Recuse,66284.83,980,86,956
584,44,Male,"Public Defender Assistant, Sr",PDA Public Defender Administration,67400.01,223,456,42
585,36,Male,Police Officer (E) (F) (O) (B) (S),APD Atlanta Police Department,40704.08,563,84,271
586,31,Female,Airport Operations Representative II (D),DOA Department of Aviation,47300.03,56,442,689
587,46,Male,Fire Lieutenant (E),AFR Atlanta Fire & Recuse,56540.17,91,88,519
588,54,Male,"Wastewater Collection Operator, Sr (D)",DWM Department of Watershed Management,42745.5,362,664,353
589,37,Female,"Administrative Assistant, Sr",DWM Department of Watershed Management,40410.79,393,52,981
590,44,Male,Construction/Maintenance Worker (D),DWM Department of Watershed Management,31205.27,373,425,589
591,50,Male,Fire Sergeant (E),AFR Atlanta Fire & Recuse,55532.46,315,979,52
592,35,Male,Fire Lieutenant (E),AFR Atlanta Fire & Recuse,44222.78,449,617,178
593,41,Male,Police Officer (E) (F) (O) (B) (S),APD Atlanta Police Department,58281.18,221,911,869
594,56,Male,Construction/Maintenance Worker (D),DPW Department of Public Works,33969.89,817,665,268
595,52,Female,"Facilities Maintenance Mechanic, Sr (D)",DOA Department of Aviation,38366.13,981,987,207
596,49,Male,"Plant Maintenance Mechanic, Sr (D)",DWM Department of Watershed Management,46807.9,268,584,743
597,53,Male,"Facilities Maintenance Mechanic, Sr (D)",DOA Department of Aviation,47161.82,411,268,60
598,52,Male,"Traffic Signal Technician, Sr (D)",DPW Department of Public Works,54223.87,286,984,860
599,58,Male,Construction/Maintenance Worker (D),DWM Department of Watershed Management,39546.29,433,648,25
600,29,Male,Police Officer (E) (F) (O) (B) (S),APD Atlanta Police Department,40704.08,61,176,40
601,34,Female,Research Technician,APD Atlanta Police Department,32499.01,82,544,580
602,50,Male,Field Engineer,DWM Department of Watershed Management,46807.9,181,278,85
603,54,Male,"Civil Engineer, Sr",DPW Department of Public Works,58700.1,437,55,632
604,52,Female,"Administrative Assistant, Sr",DPW Department of Public Works,46182.59,47,967,179
605,35,Male,Fire Sergeant (E),AFR Atlanta Fire & Recuse,40436.03,514,227,192
606,59,Female,"Office Support Assistant, Sr (D)",COR Department of Corrections,43355.24,653,602,3
607,67,Female,"City Council Assistant, Sr",CCN City Council,43062.24,829,694,568
608,34,Female,Police Officer (E) (F) (O) (B) (S),APD Atlanta Police Department,41316.66,910,451,159
609,43,Male,"Police Officer, Sr (E) (F) (O) (B) (S)",APD Atlanta Police Department,48001.2,739,698,76
610,36,Male,Traffic Signal Technician (D),DPW Department of Public Works,35780.61,496,839,94
611,45,Male,Ground Transportation Operations Assistant,DOA Department of Aviation,32454.11,770,945,118
612,24,Male,Data/Reporting Analyst,DOA Department of Aviation,45500.0,729,628,691
613,45,Male,Code Enforcement Officer,APD Atlanta Police Department,39640.52,454,317,489
614,30,Male,Environmental Service Worker I (D),DPW Department of Public Works,24606.4,361,113,575
615,45,Male,Watershed Plant Operator Class I (D),DWM Department of Watershed Management,41027.91,423,289,804
616,52,Female,"Accounting Manager, Sr",DOF Department of Finance,69410.0,223,407,647
617,41,Female,"Accountant, Sr",DWM Department of Watershed Management,47234.93,649,992,251
618,32,Female,"Data/Reporting Analyst, Sr",EXE Executive Offices,55000.0,895,887,473
619,32,Male,Storekeeper (D),"PRC Parks, Recreation, & Cultural Affairs",26703.01,492,131,874
620,37,Male,Police Officer (E) (F) (O) (B) (S),APD Atlanta Police Department,42762.72,742,966,896
621,40,Male,Environmental Service Worker I (D),"PRC Parks, Recreation, & Cultural Affairs",26700.1,547,968,127
622,29,Female,Corrections Officer (E),COR Department of Corrections,30081.0,244,266,226
623,59,Female,Solid Waste Equipment Operator,DPW Department of Public Works,38762.67,692,951,563
624,47,Male,Police Investigator (E) (F) (O),APD Atlanta Police Department,48001.2,146,958,825
625,35,Female,Special Projects Coordinator,PCD Planning & Community Development,52571.38,662,444,823
626,46,Female,Communications Dispatcher Supervisor (D),APD Atlanta Police Department,49568.65,751,514,109
627,48,Male,Construction/Maintenance Worker (D),DWM Department of Watershed Management,30008.31,844,765,632
628,45,Male,Fire Section Chief (E),AFR Atlanta Fire & Recuse,89459.7,566,164,209
629,59,Male,Pollution Control Maintenance Manager,DWM Department of Watershed Management,63836.01,868,193,611
630,38,Male,Police Investigator (E) (F) (O),APD Atlanta Police Department,44145.23,373,164,876
631,32,Male,Police Officer (E) (F) (O) (B) (S),APD Atlanta Police Department,44259.49,510,430,539
632,24,Male,Firefighter (E),AFR Atlanta Fire & Recuse,35785.83,319,592,838
633,26,Female,Police Officer (E) (F) (O) (B) (S),APD Atlanta Police Department,42762.72,857,213,689
634,45,Female,Communications Dispatcher Supervisor (D),DOA Department of Aviation,48474.17,145,732,505
635,40,Male,Fire Sergeant (E),AFR Atlanta Fire & Recuse,41686.43,158,818,62
636,38,Female,Communications Dispatcher (D),APD Atlanta Police Department,35780.61,132,803,695
637,62,Male,"Investigator, Sr",LAW Law Department,48367.39,341,929,666
638,52,Male,Firefighter (E),AFR Atlanta Fire & Recuse,51323.06,173,152,101
639,32,Male,Video Integration Monitor PT,APD Atlanta Police Department,40600.04,260,893,392
640,53,Male,Police Officer (E) (F) (O) (B) (S),APD Atlanta Police Department,47411.73,359,273,512
641,53,Female,Police Officer (E) (F) (O) (B) (S),APD Atlanta Police Department,52566.18,197,15,779
642,36,Male,Police Investigator (E) (F) (O),APD Atlanta Police Department,48001.2,41,481,82
643,42,Male,Fire Lieutenant (E),AFR Atlanta Fire & Recuse,60567.31,897,389,440
644,46,Male,Police Officer (E) (F) (O) (B) (S),APD Atlanta Police Department,41316.7,961,823,557
645,58,Male,"Facilities Maintenance Mechanic, Sr (D)",EXE Executive Offices,41290.7,746,401,946
646,25,Male,Environmental Service Worker I (D),DPW Department of Public Works,24600.01,189,960,431
647,40,Female,Judge Special Assistant,JDA Municipal Court Operations,51475.01,993,837,244
648,46,Male,Firefighter (E),AFR Atlanta Fire & Recuse,41751.2,924,145,60
649,27,Male,Warrants Technician I (D),JDA Municipal Court Operations,32499.1,509,827,855
650,54,Female,Data/Reporting Analyst,DWM Department of Watershed Management,43687.42,712,279,511
651,32,Male,Traffic Service Technician,DPW Department of Public Works,25800.01,937,319,872
652,41,Male,"Field Engineer, Sr",DWM Department of Watershed Management,52782.5,735,450,183
653,30,Female,Corrections Inmate Services Assistant (D),COR Department of Corrections,35000.01,744,353,963
654,37,Female,Police Sergeant (E) (F) (O) (B) (S),APD Atlanta Police Department,53082.45,593,381,156
655,43,Female,Benefits Representative,DHR Department of Human Reources,39105.4,842,558,27
656,25,Male,Desk Top Support Technician,DOA Department of Aviation,46000.01,184,582,720
657,49,Male,Solid Waste Operator I (D),DPW Department of Public Works,32034.31,873,405,115
658,70,Female,"Office Support Assistant, Sr (D)",APD Atlanta Police Department,27684.58,877,196,899
659,51,Female,Programmer Analyst,DWM Department of Watershed Management,49053.35,219,610,870
660,55,Male,Watershed Director II,DWM Department of Watershed Management,120000.0,184,584,265
661,51,Female,"Data/Reporting Analyst, Sr",APD Atlanta Police Department,48475.42,595,489,945
662,49,Male,Street Maintenance Supervisor,DPW Department of Public Works,43284.8,260,129,443
663,52,Male,Fire Sergeant (E),AFR Atlanta Fire & Recuse,54462.14,28,828,321
664,30,Male,Firefighter (E),AFR Atlanta Fire & Recuse,35255.25,251,89,486
665,34,Female,"Water Service Representative, Sr",DWM Department of Watershed Management,37198.45,343,31,332
666,50,Male,Electrician Specialist,DOA Department of Aviation,54640.43,185,565,64
667,47,Male,Fire Sergeant (E),AFR Atlanta Fire & Recuse,47460.52,535,277,738
668,34,Female,Police Officer (E) (F) (O) (B) (S),APD Atlanta Police Department,34726.37,664,774,12
669,50,Male,Police Lieutenant (E) (F) (O) (B) (S),APD Atlanta Police Department,81359.2,464,476,566
670,73,Male,"Plans Review Specialist, Sr",PCD Planning & Community Development,58357.12,545,160,501
671,46,Male,Fire Captain (E),AFR Atlanta Fire & Recuse,56434.94,839,2,128
672,26,Male,Firefighter (E),AFR Atlanta Fire & Recuse,38549.05,214,472,967
673,26,Male,Police Officer (E) (F) (O) (B) (S),APD Atlanta Police Department,39327.6,947,696,74
674,56,Male,Watershed Plant Operator Class I (D),DWM Department of Watershed Management,51564.45,853,403,348
675,28,Male,Recreation Operations Assistant,"PRC Parks, Recreation, & Cultural Affairs",27641.74,192,428,746
676,38,Female,ATL311 Call Center Representative II,EXE Executive Offices,41995.2,167,778,300
677,52,Male,Corrections Lieutenant (E),COR Department of Corrections,68619.2,862,232,666
678,46,Female,Project Manager,"PRC Parks, Recreation, & Cultural Affairs",65169.42,391,370,644
679,47,Female,"Administrative Assistant, Sr","PRC Parks, Recreation, & Cultural Affairs",45522.89,260,25,863
680,50,Male,City Council Member,CCN City Council,60300.01,969,874,681
681,26,Male,Aquatics Facility Assistant,"PRC Parks, Recreation, & Cultural Affairs",24600.01,89,305,256
682,60,Female,"Court Clerk, Sr (D)",JDA Municipal Court Operations,37431.59,57,617,761
683,34,Male,Fire Lieutenant (E),AFR Atlanta Fire & Recuse,45826.56,133,928,614
684,21,Male,Environmental Service Worker I (D),DPW Department of Public Works,24600.01,504,721,117
685,34,Male,Police Officer (E) (F) (O) (B) (S),APD Atlanta Police Department,34726.37,950,206,956
686,39,Male,Police Officer (E) (F) (O) (B) (S),APD Atlanta Police Department,44259.49,564,897,535
687,39,Female,Creative Services Manager,DOA Department of Aviation,66659.96,259,222,673
688,31,Female,Police Officer (E) (F) (O) (B) (S),APD Atlanta Police Department,42762.72,295,364,80
689,50,Female,Police Investigator (E) (F) (O),APD Atlanta Police Department,64772.86,717,860,196
690,54,Female,Accounting Manager,DOF Department of Finance,51239.76,566,647,833
691,49,Female,Executive Director of Aging & Constituent Services,EXE Executive Offices,130000.0,691,641,922
692,32,Male,Firefighter (E),AFR Atlanta Fire & Recuse,36854.61,954,594,734
693,36,Male,Firefighter (E),AFR Atlanta Fire & Recuse,37955.36,341,928,662
694,51,Female,Contract Administrator,LAW Law Department,53923.51,551,447,533
695,54,Male,Construction Project Manager,DWM Department of Watershed Management,72336.01,433,434,345
696,42,Female,"City Council Assistant, Sr",CCN City Council,38740.34,852,788,887
697,37,Male,Traffic Service Technician,DPW Department of Public Works,28035.05,996,862,675
698,34,Male,Police Officer (E) (F) (O) (B) (S),APD Atlanta Police Department,34726.37,921,712,309
699,48,Male,Construction/Maintenance Worker (D),DPW Department of Public Works,33969.89,494,907,307
700,45,Female,Facilities Maintenance Mechanic (D),"PRC Parks, Recreation, & Cultural Affairs",32055.84,633,6,667
701,44,Male,Fire Captain (E),AFR Atlanta Fire & Recuse,54459.72,504,554,365
702,34,Male,Police Officer (E) (F) (O) (B) (S),APD Atlanta Police Department,41316.7,615,145,774
703,56,Male,Administrative Assistant,DWM Department of Watershed Management,39894.4,202,229,644
704,36,Female,Fire Lieutenant (E),AFR Atlanta Fire & Recuse,51998.25,471,775,878
705,53,Female,Contracting Officer,DOP Department of Procurement,45000.01,934,432,297
706,28,Female,City Council Assistant,CCN City Council,45599.99,794,958,343
707,28,Male,Police Officer (E) (F) (O) (B) (S),APD Atlanta Police Department,39327.6,376,637,286
708,46,Female,City Council Member,CCN City Council,60300.01,20,886,583
709,53,Male,Police Officer (E) (F) (O) (B) (S),APD Atlanta Police Department,60321.04,45,952,994
710,47,Female,"Career Advisor, Sr",PCD Atlanta Workforce Development Agency,47609.99,318,504,646
711,28,Male,"City Attorney, Assistant Sr",LAW Law Department,63200.01,273,626,959
712,38,Male,Police Officer (E) (F) (O) (B) (S),APD Atlanta Police Department,34726.37,6,599,592
713,26,Female,Police Officer (E) (F) (O) (B) (S),APD Atlanta Police Department,34726.37,870,572,191
714,32,Male,Police Officer (E) (F) (O) (B) (S),APD Atlanta Police Department,44259.49,142,359,442
715,53,Male,Wastewater Laboratory Director,DWM Department of Watershed Management,103508.72,217,653,318
716,60,Female,Corrections ID Technician (D),COR Department of Corrections,32141.52,286,46,838
717,46,Male,Traffic Signal Technician (D),DPW Department of Public Works,34155.01,486,583,594
718,51,Female,Utility Call Center Representative (D),DWM Department of Watershed Management,34672.5,934,481,188
719,45,Male,Fire Sergeant (E),AFR Atlanta Fire & Recuse,40435.76,550,652,187
720,38,Male,Communications Dispatcher (D),APD Atlanta Police Department,34325.75,918,991,39
721,36,Male,Police Officer (E) (F) (O) (B) (S),APD Atlanta Police Department,45808.67,526,720,973
722,48,Female,Data/Reporting Analyst,APD Atlanta Police Department,41033.87,270,904,897
723,35,Male,Police Sergeant (E) (F) (O) (B) (S),APD Atlanta Police Department,53881.36,616,290,778
724,42,Female,Business Process Analyst,EXE Executive Offices,63100.0,95,294,876
725,22,Male,Police Officer (E) (F) (O) (B) (S),APD Atlanta Police Department,39327.6,336,847,160
726,45,Male,Fire Command Technician (E),AFR Atlanta Fire & Recuse,42975.69,973,186,335
727,39,Female,Crime Scene Technician II (D),APD Atlanta Police Department,40172.82,78,187,244
728,39,Male,Police Investigator (E) (F) (O),APD Atlanta Police Department,49681.22,593,985,179
729,34,Male,Firefighter (E),AFR Atlanta Fire & Recuse,42784.7,773,801,709
730,44,Male,Fire Lieutenant (E),AFR Atlanta Fire & Recuse,47488.64,817,26,392
731,52,Male,"Combination Inspector, Sr",PCD Planning & Community Development,58162.42,588,10,540
732,47,Female,Police Officer (E) (F) (O) (B) (S),APD Atlanta Police Department,47411.73,194,605,601
733,54,Male,"Facilities Maintenance Supervisor, Sr",DOA Department of Aviation,67000.0,962,833,871
734,25,Male,Aquatics Facility Assistant,"PRC Parks, Recreation, & Cultural Affairs",24600.01,525,777,321
735,57,Female,Quality Services Specialist,JDA Municipal Court Operations,42021.02,951,978,327
736,51,Male,Police Sergeant (E) (F) (O) (B) (S),APD Atlanta Police Department,49553.03,448,397,894
737,52,Male,Firefighter (E),AFR Atlanta Fire & Recuse,40339.3,319,164,694
738,36,Male,Airport Operations Representative II (D),DOA Department of Aviation,53110.72,609,122,652
739,38,Male,Fire Lieutenant (E),AFR Atlanta Fire & Recuse,43566.99,196,706,781
740,51,Male,Literacy Instructor,DHR Department of Human Reources,53008.18,368,432,602
741,27,Male,Police Officer (E) (F) (O) (B) (S),APD Atlanta Police Department,39327.6,105,527,649
742,47,Male,"Police Officer, Sr (E) (F) (O) (B) (S)",APD Atlanta Police Department,60466.22,118,972,784
743,33,Female,Police Property Management Technician (D),APD Atlanta Police Department,35780.61,63,137,371
744,33,Male,Police Officer (E) (F) (O) (B) (S),APD Atlanta Police Department,42128.72,219,278,281
745,55,Female,"Police Officer, Sr (E) (F) (O) (B) (S)",APD Atlanta Police Department,62582.62,870,870,957
746,51,Male,Police Lieutenant (E) (F) (O) (B) (S),APD Atlanta Police Department,81359.2,443,162,470
747,55,Female,Airport Real Estate Manager,DOA Department of Aviation,76351.02,617,16,64
748,30,Male,Airport Wildlife Biologist,DOA Department of Aviation,65000.0,853,77,246
749,44,Male,Police Investigator (E) (F) (O),APD Atlanta Police Department,55082.56,883,910,354
750,25,Male,Police Officer (E) (F) (O) (B) (S),APD Atlanta Police Department,34726.37,226,917,576
751,51,Female,Police Investigator (E) (F) (O),APD Atlanta Police Department,55082.56,446,888,301
752,41,Female,Judge Special Assistant,JDA Municipal Court Operations,51731.47,651,378,976
753,54,Female,IT Manager,DWM Department of Watershed Management,60170.01,454,850,849
754,24,Female,Legal Program Assistant,SOL Solicitor Office,41300.0,719,628,326
755,45,Female,Public Information Officer,COR Department of Corrections,60030.01,590,187,880
756,56,Female,Director of EAP Services,DHR Department of Human Reources,124600.01,427,767,611
757,31,Male,City Council Assistant,CCN City Council,60000.01,370,173,955
758,61,Male,Water System Control Superintendent,DWM Department of Watershed Management,68201.39,175,254,329
759,26,Female,Police Officer (E) (F) (O) (B) (S),APD Atlanta Police Department,39919.57,680,424,534
760,46,Female,Mail Clerk,APD Atlanta Police Department,35600.01,784,177,597
761,49,Male,Environmental Service Worker I (D),DPW Department of Public Works,27634.63,867,939,300
762,38,Male,"Accountant, Sr",DOF Department of Finance,54600.0,110,816,340
763,32,Male,Police Officer (E) (F) (O) (B) (S),APD Atlanta Police Department,39919.57,113,481,146
764,64,Male,Facilities Maintenance Supervisor,EXE Executive Offices,55331.12,419,971,956
765,36,Male,Watershed Plant Operator Class I (D),DWM Department of Watershed Management,52785.01,648,283,734
766,72,Female,Administrative Assistant,APD Atlanta Police Department,41290.7,481,744,155
767,45,Female,Project Manager,EXE Executive Offices,67800.01,39,301,390
768,42,Female,Communications Manager,"PRC Parks, Recreation, & Cultural Affairs",85000.01,237,316,156
769,41,Male,Police Officer (E) (F) (O) (B) (S),APD Atlanta Police Department,42762.72,10,155,186
770,31,Female,Corrections Officer (E),COR Department of Corrections,34257.02,682,396,641
771,51,Male,Police Officer (E) (F) (O) (B) (S),APD Atlanta Police Department,58281.18,229,173,941
772,62,Female,Case Manager,JDA Municipal Court Operations,51336.1,32,406,685
773,39,Male,Investigation Manager,LAW Law Department,58993.58,265,602,530
774,53,Male,Vehicle/Equipment Mechanic III,DPW Department of Public Works,53820.0,541,531,298
775,50,Male,Fire Captain (E),AFR Atlanta Fire & Recuse,63037.71,550,719,410
776,56,Male,Plant Maintenance Mechanic (D),DWM Department of Watershed Management,45527.07,593,996,463
777,22,Female,Aquatics Facility Assistant,"PRC Parks, Recreation, & Cultural Affairs",24606.4,347,657,909
778,35,Male,Fire Sergeant (E),AFR Atlanta Fire & Recuse,39283.75,347,442,790
779,43,Male,EMS Instructor,AFR Atlanta Fire & Recuse,60261.57,457,744,247
780,29,Male,Police Officer (E) (F) (O) (B) (S),APD Atlanta Police Department,41316.7,576,194,701
781,58,Female,IT Project Manager,DIT Department of Information Technology,70943.39,752,658,528
782,43,Male,Fire Sergeant (E),AFR Atlanta Fire & Recuse,40498.59,757,680,10
783,24,Male,Police Officer (E) (F) (O) (B) (S),APD Atlanta Police Department,34726.37,336,804,480
784,40,Male,Fire Captain (E),AFR Atlanta Fire & Recuse,55279.3,12,360,343
785,63,Male,"Storekeeper, Sr (D)",DWM Department of Watershed Management,41059.06,537,164,447
786,49,Female,Warrants Technician I (D),APD Atlanta Police Department,32541.75,703,949,964
787,45,Female,"Administrative Assistant, Sr",DOA Department of Aviation,37032.9,894,15,689
788,40,Male,Police Sergeant (E) (F) (O) (B) (S),APD Atlanta Police Department,53881.36,992,504,952
789,55,Male,Watershed Operations Coordinator,DWM Department of Watershed Management,56134.0,413,755,508
790,27,Male,Fire Sergeant (E),AFR Atlanta Fire & Recuse,38641.27,705,748,580
791,50,Male,Vehicle/Equipment Mechanic II,DPW Department of Public Works,46498.11,826,520,300
792,48,Female,Program Management Officer,DPW Department of Public Works,106203.91,245,486,268
793,33,Male,"Facilities Maintenance Mechanic, Sr (D)",DOA Department of Aviation,35355.65,366,664,106
794,45,Male,"Project Manager, Sr",EXE Executive Offices,75000.0,202,607,361
795,43,Male,Police Officer (E) (F) (O) (B) (S),APD Atlanta Police Department,43618.02,270,898,407
796,50,Female,"Management Analyst, Sr",PCD Planning & Community Development,81093.5,545,484,172
797,34,Male,Police Sergeant (E) (F) (O) (B) (S),APD Atlanta Police Department,53082.45,539,810,956
798,60,Female,Corrections Nursing Services Director,COR Department of Corrections,77636.21,127,53,258
799,34,Male,Police Officer (E) (F) (O) (B) (S),APD Atlanta Police Department,42128.72,952,939,840
800,43,Female,"Customer Service Representative, Sr (D)",APD Atlanta Police Department,32454.11,517,92,854
801,56,Male,Information Systems Manager,DWM Department of Watershed Management,64627.8,915,975,888
802,31,Female,"City Attorney, Assistant Sr",LAW Law Department,63200.01,931,718,678
803,40,Male,Police Officer (E) (F) (O) (B) (S),APD Atlanta Police Department,42762.72,543,673,669
804,43,Female,Office Manager,DWM Department of Watershed Management,41606.95,200,345,138
805,42,Male,"Civil Engineer, Sr",DWM Department of Watershed Management,60752.21,330,917,954
806,63,Female,ATL311 Call Center Representative I,EXE Executive Offices,40221.19,480,212,87
807,44,Male,Police Officer (E) (F) (O) (B) (S),APD Atlanta Police Department,42762.72,887,638,706
808,30,Male,Firefighter (E),AFR Atlanta Fire & Recuse,35785.83,733,235,463
809,28,Female,Special Projects Coordinator,"PRC Parks, Recreation, & Cultural Affairs",42021.02,397,574,28
810,33,Male,Parks Worker II (D),"PRC Parks, Recreation, & Cultural Affairs",29644.92,694,986,123
811,45,Male,Corrections Officer (E),COR Department of Corrections,35461.71,700,898,792
812,40,Male,Firefighter (E),AFR Atlanta Fire & Recuse,37955.36,768,400,920
813,37,Female,Contracts Coordinator,APD Atlanta Police Department,39838.86,136,389,131
814,29,Male,Recreation Operations Assistant,"PRC Parks, Recreation, & Cultural Affairs",25800.01,253,220,791
815,42,Female,Revenue Collection Administrator,DWM Department of Watershed Management,69550.0,240,346,680
816,48,Male,Environmental Service Worker I (D),DPW Department of Public Works,26699.89,24,629,620
817,47,Female,Police Officer (E) (F) (O) (B) (S),APD Atlanta Police Department,48343.67,245,731,926
818,44,Male,Warrants Technician I (D),APD Atlanta Police Department,34206.29,575,955,329
819,41,Female,"Facilities Maintenance Mechanic, Sr (D)",DOA Department of Aviation,35900.09,844,32,471
820,34,Male,Police Officer (E) (F) (O) (B) (S),APD Atlanta Police Department,44259.49,916,546,261
821,50,Male,Business Manager I,DPW Department of Public Works,67800.1,171,120,255
822,28,Female,Warrants Technician I (D),APD Atlanta Police Department,32499.01,767,892,24
823,39,Female,Crime Scene Technician II (D),APD Atlanta Police Department,37005.28,909,285,178
824,44,Male,Solid Waste Operator I (D),DPW Department of Public Works,29900.0,227,614,265
825,40,Male,Firefighter (E),AFR Atlanta Fire & Recuse,35785.83,313,198,873
826,47,Male,Fire Captain (E),AFR Atlanta Fire & Recuse,60905.95,119,190,55
827,45,Male,Police Sergeant (E) (F) (O) (B) (S),APD Atlanta Police Department,63360.54,36,585,188
828,58,Female,"Human Resources Assistant, Sr",DHR Department of Human Reources,39670.72,504,492,111
829,44,Female,Fire Captain (E),AFR Atlanta Fire & Recuse,54459.72,926,1,402
830,43,Male,Police Officer (E) (F) (O) (B) (S),APD Atlanta Police Department,45808.67,658,750,760
831,35,Male,"Police Officer, Sr (E) (F) (O) (B) (S)",APD Atlanta Police Department,49681.22,667,819,403
832,44,Female,Communications Dispatcher (D),APD Atlanta Police Department,35780.61,183,403,937
833,29,Female,Airport Planner,DOA Department of Aviation,54600.0,477,429,623
834,37,Female,Public Works Transportation Manager,DPW Department of Public Works,75004.8,737,366,314
835,28,Male,Environmental Service Worker I (D),DPW Department of Public Works,26699.89,38,687,986
836,30,Male,Firefighter (E),AFR Atlanta Fire & Recuse,37955.36,669,110,917
837,31,Female,"Accounting Technician, Sr",DOF Department of Finance,32454.11,554,994,288
838,45,Male,"Water Distribution Operator, Sr",DWM Department of Watershed Management,40365.0,968,518,164
839,36,Male,"Police Officer, Sr (E) (F) (O) (B) (S)",APD Atlanta Police Department,51420.1,814,682,138
840,38,Male,Police Officer (E) (F) (O) (B) (S),APD Atlanta Police Department,45808.67,279,177,752
841,48,Male,Construction/Maintenance Worker (D),DWM Department of Watershed Management,31153.51,592,84,489
842,46,Female,Communications Dispatcher (D),APD Atlanta Police Department,34155.01,709,662,941
843,59,Male,"Procurement Officer, Deputy",DOP Department of Procurement,106101.01,238,96,500
844,39,Male,Information Technology Security Manager,DIT Department of Information Technology,100623.6,189,916,335
845,50,Male,Environmental Service Worker I (D),DPW Department of Public Works,29602.72,659,446,661
846,42,Female,"Facility Project Manager, Sr",DOA Department of Aviation,80000.0,712,356,474
847,36,Female,"Construction/Maintenance Worker, Sr",DWM Department of Watershed Management,38486.47,582,176,126
848,58,Male,IT Director,DIT Department of Information Technology,100814.75,19,419,85
849,52,Female,"Data/Reporting Analyst, Sr",DWM Department of Watershed Management,49245.04,652,369,427
850,42,Male,Environmental Service Worker I (D),DPW Department of Public Works,26700.1,179,502,930
851,25,Female,Police Officer (E) (F) (O) (B) (S),APD Atlanta Police Department,42128.72,653,146,998
852,41,Male,Watershed Crew Supervisor (D),DWM Department of Watershed Management,51980.54,472,932,207
853,25,Male,Police Officer (E) (F) (O) (B) (S),APD Atlanta Police Department,39327.6,795,506,685
854,46,Male,Police Officer (E) (F) (O) (B) (S),APD Atlanta Police Department,56310.38,129,137,50
855,28,Male,"Tree Trimmer, Sr","PRC Parks, Recreation, & Cultural Affairs",47038.51,758,556,732
856,36,Male,"Water Service Representative, Sr",DWM Department of Watershed Management,43637.8,135,733,924
857,62,Male,Facilities Maintenance Mechanic (D),DWM Department of Watershed Management,36406.22,727,794,34
858,66,Male,"HVAC Inspector, Sr",PCD Planning & Community Development,48935.94,905,947,609
859,35,Female,Film & Entertainment Coordinator,EXE Executive Offices,51750.08,865,8,502
860,25,Female,"Administrative Assistant, Sr",DWM Department of Watershed Management,32085.01,784,724,832
861,41,Female,"Financial Analyst, Sr",APD Atlanta Police Department,54249.48,883,257,905
862,45,Male,Recreation Operations Assistant,"PRC Parks, Recreation, & Cultural Affairs",28035.05,736,625,374
863,51,Male,Fire Lieutenant (E),AFR Atlanta Fire & Recuse,50995.92,296,273,571
864,50,Male,Police Officer (E) (F) (O) (B) (S),APD Atlanta Police Department,39919.57,12,55,990
865,48,Female,"Project Manager, Sr",DIT Department of Information Technology,78400.0,3,691,785
866,49,Male,Environmental Service Worker I (D),DPW Department of Public Works,25461.01,911,236,514
867,44,Female,"Administrative Assistant, Sr",EXE Executive Offices,43271.28,937,667,805
868,54,Male,Police Investigator (E) (F) (O),APD Atlanta Police Department,48001.2,839,851,782
869,36,Male,Recreation Program Supervisor,"PRC Parks, Recreation, & Cultural Affairs",53648.34,251,431,326
870,29,Male,Police Officer (E) (F) (O) (B) (S),APD Atlanta Police Department,39919.57,343,270,302
871,32,Male,Police Officer (E) (F) (O) (B) (S),APD Atlanta Police Department,42762.72,728,496,6
872,46,Male,Airport Security Representative I (D),DOA Department of Aviation,41913.25,272,332,798
873,25,Female,Police Officer (E) (F) (O) (B) (S),APD Atlanta Police Department,42128.72,924,344,499
874,48,Male,Environmental Service Worker I (D),DPW Department of Public Works,26700.1,599,520,445
875,24,Male,"Financial Analyst, Associate",DOF Department of Finance,50793.6,817,562,435
876,29,Male,Police Officer (E) (F) (O) (B) (S),APD Atlanta Police Department,39919.57,728,979,404
877,22,Male,Firefighter (E),AFR Atlanta Fire & Recuse,32132.8,808,939,923
878,42,Female,Police Officer (E) (F) (O) (B) (S),APD Atlanta Police Department,41316.7,129,399,476
879,47,Male,Firefighter (E),AFR Atlanta Fire & Recuse,51323.06,604,296,234
880,29,Male,Corrections Officer (E),COR Department of Corrections,34257.02,571,441,154
881,44,Male,Police Officer (E) (F) (O) (B) (S),APD Atlanta Police Department,49071.36,99,974,198
882,34,Female,Firefighter (E),AFR Atlanta Fire & Recuse,36854.61,646,42,136
883,24,Male,Seasonal Equipment Operator,"PRC Parks, Recreation, & Cultural Affairs",21320.0,777,759,194
884,40,Male,Police Sergeant (E) (F) (O) (B) (S),APD Atlanta Police Department,53881.36,972,181,520
885,45,Male,"Management Analyst, Sr",EXE Executive Offices,71390.18,244,615,63
886,40,Male,Construction/Maintenance Worker (D),DWM Department of Watershed Management,31153.51,545,332,379
887,37,Female,Police Investigator (E) (F) (O),APD Atlanta Police Department,48001.2,225,697,235
888,51,Male,Police Officer (E) (F) (O) (B) (S),APD Atlanta Police Department,52566.18,408,753,838
889,39,Female,Permit Technician,PCD Planning & Community Development,41000.0,576,427,339
890,29,Male,"Engineering Aide, Sr",DWM Department of Watershed Management,31205.27,111,507,922
891,48,Male,"Database Administrator, Sr",DOA Department of Aviation,88719.45,588,197,465
892,29,Female,ATL311 Call Center Representative II,EXE Executive Offices,41995.2,148,829,949
893,53,Male,Electrician Specialist,DOA Department of Aviation,55711.88,725,634,196
894,32,Male,Police Investigator (E) (F) (O),APD Atlanta Police Department,48001.2,615,135,930
895,32,Male,"Public Relations Manager, Sr",DHR Department of Human Reources,80000.0,332,42,306
896,44,Female,Corrections Officer (E),COR Department of Corrections,44276.34,998,86,732
897,55,Male,Parks Worker III (D),"PRC Parks, Recreation, & Cultural Affairs",32499.01,648,916,266
898,57,Female,"Office Support Assistant, Sr (D)",APD Atlanta Police Department,27684.58,888,54,167
899,25,Male,Code Enforcement Officer,APD Atlanta Police Department,39640.52,356,541,679
900,53,Female,Court Clerk (D),JDA Municipal Court Operations,36369.83,983,337,396
901,29,Male,Firefighter (E),AFR Atlanta Fire & Recuse,36854.61,670,676,45
902,52,Male,"Construction Inspector, Sr",DWM Department of Watershed Management,55234.99,750,348,649
903,27,Male,Intern,DWM Department of Watershed Management,24921.0,298,113,431
904,25,Male,Summer Program Counselor,"PRC Parks, Recreation, & Cultural Affairs",20800.0,357,161,815
905,32,Female,Special Events Manager,DOA Department of Aviation,63983.92,958,665,32
906,29,Male,Police Officer (E) (F) (O) (B) (S),APD Atlanta Police Department,34726.37,864,733,391
907,57,Female,Accounting Manager,DWM Department of Watershed Management,72421.07,810,478,740
908,62,Female,"Water Service Representative, Sr",DWM Department of Watershed Management,38176.25,51,397,11
909,50,Male,ATL 311 Call Center Supervisor,EXE Executive Offices,60802.46,768,155,513
910,47,Male,Corrections Officer (E),COR Department of Corrections,36656.07,45,882,899
911,39,Female,Seasonal Equipment Operator,"PRC Parks, Recreation, & Cultural Affairs",21320.0,787,491,711
912,58,Female,"Executive Assistant, Sr",DOA Department of Aviation,69979.04,390,369,508
913,33,Male,"Construction Inspector, Sr",DWM Department of Watershed Management,43497.97,699,755,430
914,48,Female,Project Manager,DWM Department of Watershed Management,51821.54,902,708,524
915,36,Female,"Customer Service Representative, Sr (D)",DWM Department of Watershed Management,36358.42,875,175,742
916,38,Male,Firefighter (E),AFR Atlanta Fire & Recuse,47910.58,877,437,874
917,44,Female,Court Clerk (D),JDA Municipal Court Operations,28048.51,927,481,579
918,40,Female,ATL311 Call Center Representative I,EXE Executive Offices,36942.05,451,599,635
919,48,Female,"Police Property Management Technician, Sr (D)",APD Atlanta Police Department,38545.24,550,94,921
920,53,Female,"Recreation Operations Assistant, Sr","PRC Parks, Recreation, & Cultural Affairs",39894.4,369,932,769
921,49,Male,Watershed Crew Supervisor (D),DWM Department of Watershed Management,50219.38,363,858,540
922,68,Male,"Field Engineer, Sr",DWM Department of Watershed Management,60517.99,734,483,271
923,33,Female,Court Support Specialist I (D),JDA Municipal Court Operations,30848.5,770,425,533
924,38,Male,Information Systems Manager,CCN City Council,58700.01,728,483,598
925,52,Female,Police Reports Technician (D),APD Atlanta Police Department,32637.09,12,280,591
926,41,Male,Fire Captain (E),AFR Atlanta Fire & Recuse,60602.9,906,2,426
927,30,Female,Police Officer (E) (F) (O) (B) (S),APD Atlanta Police Department,44259.49,487,246,163
928,26,Male,Firefighter (E),AFR Atlanta Fire & Recuse,32132.8,13,871,707
929,34,Female,Water Service Representative,DWM Department of Watershed Management,34672.5,896,249,425
930,29,Female,Police Officer (E) (F) (O) (B) (S),APD Atlanta Police Department,42762.72,685,665,603
931,45,Male,Parks Supervisor (D),"PRC Parks, Recreation, & Cultural Affairs",38568.57,863,805,873
932,48,Male,Police Lieutenant (E) (F) (O) (B) (S),APD Atlanta Police Department,75950.16,198,591,466
933,35,Male,Fire Sergeant (E),AFR Atlanta Fire & Recuse,42975.69,801,421,726
934,23,Female,Summer Program Counselor,"PRC Parks, Recreation, & Cultural Affairs",20800.0,644,1,105
935,62,Female,"Office Support Assistant, Sr (D)",APD Atlanta Police Department,30638.86,131,381,83
936,49,Female,Airport Assistant General Manager,DOA Department of Aviation,120862.68,757,236,121
937,41,Male,Pollution Control Monitor,DWM Department of Watershed Management,42161.94,638,184,367
938,51,Female,Accountant,DOF Department of Finance,41218.37,722,485,608
939,55,Male,Solid Waste Operator III (D),DPW Department of Public Works,41048.3,965,583,436
940,40,Female,"City Council Assistant, Sr",CCN City Council,56280.05,820,744,917
941,47,Female,Police Lieutenant (E) (F) (O) (B) (S),APD Atlanta Police Department,81359.2,309,477,857
942,39,Female,Watershed Manager II,DWM Department of Watershed Management,92400.01,513,833,986
943,57,Male,Solid Waste Equipment Operator,DPW Department of Public Works,33779.58,87,798,139
944,48,Male,Facilities Maintenance Mechanic (D),DOA Department of Aviation,32055.84,660,910,84
945,45,Female,Police Officer (E) (F) (O) (B) (S),APD Atlanta Police Department,56310.38,518,272,634
946,35,Male,"GIS Technician, Sr",DWM Department of Watershed Management,42745.5,321,984,730
947,49,Male,Police Sergeant (E) (F) (O) (B) (S),APD Atlanta Police Department,55767.3,964,797,663
948,58,Male,"Facilities Maintenance Mechanic, Sr (D)",DOA Department of Aviation,40323.45,904,56,660
949,37,Female,Police Lieutenant (E) (F) (O) (B) (S),APD Atlanta Police Department,70900.13,349,14,826
950,38,Female,"Communications Electronics Technician, Sr (D)",DWM Department of Watershed Management,53901.59,176,548,46
951,45,Male,Facilities Maintenance Crew Supervisor,DOA Department of Aviation,48927.33,386,347,48
952,28,Male,Police Officer (E) (F) (O) (B) (S),APD Atlanta Police Department,41316.7,982,735,438
953,34,Female,Fire Sergeant (E),AFR Atlanta Fire & Recuse,44304.9,221,813,391
954,26,Female,Corrections Officer (E),COR Department of Corrections,30081.0,828,663,683
955,46,Male,Police Officer (E) (F) (O) (B) (S),APD Atlanta Police Department,42762.72,19,124,99
956,50,Male,Fire Sergeant (E),AFR Atlanta Fire & Recuse,56368.19,327,402,97
957,43,Male,"Financial Analyst, Sr",DOF Department of Finance,60000.1,373,425,374
958,36,Male,Police Officer (E) (F) (O) (B) (S),APD Atlanta Police Department,40318.72,797,735,448
959,54,Male,Solid Waste Operator II (D),DPW Department of Public Works,40472.42,746,566,866
960,48,Female,Code Enforcement Supervisor,APD Atlanta Police Department,54600.0,56,138,982
961,51,Female,"Office Support Assistant, Sr (D)",APD Atlanta Police Department,27684.58,245,277,889
962,48,Male,"Construction/Maintenance Worker, Sr",DWM Department of Watershed Management,43599.8,779,104,860
963,47,Female,"Customer Service Representative, Sr (D)",DWM Department of Watershed Management,37241.93,516,588,458
964,60,Female,Training Supervisor,DHR Department of Human Reources,68424.01,389,581,837
965,33,Male,Recreation Operations Assistant,"PRC Parks, Recreation, & Cultural Affairs",25800.11,460,688,364
966,36,Female,Contracting Officer,DOP Department of Procurement,42500.02,490,29,606
967,43,Female,"Management Analyst, Sr",DWM Department of Watershed Management,55056.35,328,250,721
968,54,Male,"Combination Inspector, Sr",PCD Planning & Community Development,60024.22,176,58,217
969,30,Male,Police Officer (E) (F) (O) (B) (S),APD Atlanta Police Department,34726.37,577,488,594
970,34,Male,Police Sergeant (E) (F) (O) (B) (S),APD Atlanta Police Department,53082.45,875,247,326
971,54,Female,Executive Assistant,PCD Atlanta Workforce Development Agency,58700.1,415,392,457
972,60,Male,Corrections Officer (E),COR Department of Corrections,47215.17,788,350,627
973,49,Male,Police Deputy Chief,APD Atlanta Police Department,111761.0,419,305,854
974,53,Male,Fire Captain (E),AFR Atlanta Fire & Recuse,65243.89,98,535,978
975,44,Female,Recreation Program Director,"PRC Parks, Recreation, & Cultural Affairs",53349.86,925,607,880
976,52,Male,Organizational Development Director,DHR Department of Human Reources,105000.0,428,853,407
977,62,Male,IT Operations Shift Supervisor (D),DIT Department of Information Technology,47594.1,184,334,257
978,38,Female,Police Officer (E) (F) (O) (B) (S),APD Atlanta Police Department,49071.15,882,157,780
979,78,Male,Environmental Service Worker I (D),DPW Department of Public Works,32821.16,837,674,996
980,46,Female,Police Sergeant (E) (F) (O) (B) (S),APD Atlanta Police Department,58873.36,598,362,915
981,48,Male,"Field Engineer, Sr",DPW Department of Public Works,52000.0,319,859,603
982,65,Male,"Facility Project Manager, Sr",DOA Department of Aviation,78413.98,120,622,857
983,40,Male,Fire Sergeant (E),AFR Atlanta Fire & Recuse,45855.71,823,100,789
984,29,Male,Police Officer (E) (F) (O) (B) (S),APD Atlanta Police Department,42128.72,32,192,144
985,30,Female,Accountant,DHR Department of Human Reources,44000.01,485,580,333
986,52,Male,Police Investigator (E) (F) (O),APD Atlanta Police Department,64772.86,960,251,94
987,42,Male,Police Investigator (E) (F) (O),APD Atlanta Police Department,55082.56,409,71,278
988,50,Male,Fire Lieutenant (E),AFR Atlanta Fire & Recuse,60567.31,482,139,119
989,44,Female,"Data/Reporting Analyst, Sr",AFR Atlanta Fire & Recuse,54600.0,674,524,336
990,59,Female,IT Manager,DIT Department of Information Technology,77545.6,500,859,647
991,45,Female,"Psychological Services Specialist, Sr",COR Department of Corrections,45000.8,646,719,278
992,40,Female,Corrections Officer (E),COR Department of Corrections,36929.98,651,23,69
993,58,Male,Fire Inspector,AFR Atlanta Fire & Recuse,39785.68,65,201,800
994,32,Female,Code Enforcement Officer,APD Atlanta Police Department,39640.52,477,800,459
995,52,Male,"Police Officer, Sr (E) (F) (O) (B) (S)",APD Atlanta Police Department,62582.62,135,586,917
996,46,Male,Fire Assistant Chief (E),AFR Atlanta Fire & Recuse,101438.36,740,474,209
997,38,Female,Water Service Representative,DWM Department of Watershed Management,36358.42,972,817,484
998,50,Male,Police Sergeant (E) (F) (O) (B) (S),APD Atlanta Police Department,53082.45,446,217,661
999,53,Male,Firefighter (E),AFR Atlanta Fire & Recuse,36854.61,715,538,312
1000,29,Male,Police Officer (E) (F) (O) (B) (S),APD Atlanta Police Department,39327.6,885,275,248
1001,53,Male,Construction/Maintenance Worker (D),DWM Department of Watershed Management,36916.86,849,306,773
1002,46,Female,IT Project Manager,DIT Department of Information Technology,70000.01,489,230,795
1003,57,Male,Electrician (D),DWM Department of Watershed Management,50715.02,773,27,305
1004,21,Male,"Administrative Assistant, Sr",DHR Department of Human Reources,21008.0,144,114,463
1005,32,Female,Recreation Operations Assistant,"PRC Parks, Recreation, & Cultural Affairs",28035.05,655,64,63
1006,44,Male,Watershed Crew Supervisor (D),DWM Department of Watershed Management,46807.9,476,709,635
1007,47,Male,Police Investigator (E) (F) (O),APD Atlanta Police Department,49681.22,934,643,635
1008,29,Female,Police Officer (E) (F) (O) (B) (S),APD Atlanta Police Department,39919.57,778,229,680
1009,60,Male,Safety & Security Manager,DWM Department of Watershed Management,72900.01,958,200,704
1010,50,Male,"Construction/Maintenance Worker, Sr",DWM Department of Watershed Management,40894.59,300,1,619
1011,55,Female,ERP Developer,DIT Department of Information Technology,74090.41,579,66,21
1012,34,Female,"Communications Dispatcher, Sr (D)",APD Atlanta Police Department,39105.4,432,384,274
1013,31,Female,"Corrections ID Technician, Lead (D)",COR Department of Corrections,32141.52,6,510,312
1014,39,Male,Police Officer (E) (F) (O) (B) (S),APD Atlanta Police Department,42762.72,777,952,76
1015,28,Male,Police Officer (E) (F) (O) (B) (S),APD Atlanta Police Department,41316.7,663,457,3
1016,47,Female,"Pollution Control Monitor, Sr",DWM Department of Watershed Management,48094.31,249,978,305
1017,46,Female,Executive Director of Recreation,"PRC Parks, Recreation, & Cultural Affairs",110000.01,803,426,100
1018,56,Male,Journeyperson,DWM Department of Watershed Management,43337.03,183,94,732
1019,37,Male,Police Investigator (E) (F) (O),APD Atlanta Police Department,49681.22,944,426,658
1020,25,Female,Police Officer (E) (F) (O) (B) (S),APD Atlanta Police Department,42128.72,309,801,512
1021,28,Female,"Customer Service Representative, Sr (D)","PRC Parks, Recreation, & Cultural Affairs",29900.0,757,534,906
1022,29,Male,Police Officer (E) (F) (O) (B) (S),APD Atlanta Police Department,41316.7,618,939,430
1023,58,Female,Watershed Crew Supervisor (D),DWM Department of Watershed Management,46807.9,579,445,286
1024,53,Male,"Customer Service Representative, Sr (D)",DWM Department of Watershed Management,30291.87,188,213,545
1025,43,Female,"City Attorney, Assistant Sr",LAW Law Department,96560.05,45,447,206
1026,58,Male,"Construction/Maintenance Worker, Sr",DWM Department of Watershed Management,41523.64,516,613,748
1027,47,Female,"Data/Reporting Analyst, Sr",DWM Department of Watershed Management,57399.89,97,76,977
1028,31,Male,Police Officer (E) (F) (O) (B) (S),APD Atlanta Police Department,39919.57,186,825,132
1029,60,Male,Pollution Control Monitor Supervisor,DWM Department of Watershed Management,59177.21,462,548,481
1030,43,Male,Police Sergeant (E) (F) (O) (B) (S),APD Atlanta Police Department,57719.17,888,39,925
1031,60,Male,"Programmer Analyst, Lead",DWM Department of Watershed Management,84375.01,94,922,530
1032,53,Female,Claims Manager,LAW Law Department,62720.0,264,870,430
1033,33,Male,Police Officer (E) (F) (O) (B) (S),APD Atlanta Police Department,42128.72,832,926,885
1034,38,Female,Police Investigator (E) (F) (O),APD Atlanta Police Department,44809.65,881,170,353
1035,50,Male,Police Sergeant (E) (F) (O) (B) (S),APD Atlanta Police Department,67873.31,937,475,379
1036,28,Male,Police Officer (E) (F) (O) (B) (S),APD Atlanta Police Department,42762.72,708,218,62
1037,51,Male,Parks Supervisor (D),"PRC Parks, Recreation, & Cultural Affairs",38597.31,322,308,759
1038,21,Male,Police Officer (E) (F) (O) (B) (S),APD Atlanta Police Department,34726.37,965,131,655
1039,41,Male,Police Officer (E) (F) (O) (B) (S),APD Atlanta Police Department,39919.57,361,934,597
1040,56,Male,Revenue Auditor,DOF Department of Finance,44985.2,465,144,143
1041,63,Male,Wastewater Collection System Operator (D),DWM Department of Watershed Management,36916.86,49,885,621
1042,53,Male,Fire Battalion Chief (E),AFR Atlanta Fire & Recuse,87059.23,940,357,273
1043,37,Female,Customer Service Manager,DWM Department of Watershed Management,62000.02,31,648,88
1044,28,Male,Firefighter (E),AFR Atlanta Fire & Recuse,32132.8,456,220,25
1045,41,Female,"City Attorney, Deputy",LAW Law Department,128560.02,901,759,939
1046,28,Female,Communications Dispatcher (D),APD Atlanta Police Department,35355.65,358,852,734
1047,42,Male,Corrections Officer (E),COR Department of Corrections,30081.0,788,99,814
1048,32,Male,Administrative Assistant,EXE Executive Offices,41432.04,499,323,930
1049,32,Male,Police Officer (E) (F) (O) (B) (S),APD Atlanta Police Department,44259.49,562,625,887
1050,44,Female,Police Investigator (E) (F) (O),APD Atlanta Police Department,47289.49,524,182,316
1051,29,Male,Plant Maintenance Mechanic (D),DWM Department of Watershed Management,43987.52,633,151,413
1052,55,Male,Solid Waste Route Supervisor (D),DPW Department of Public Works,45699.21,64,499,469
1053,35,Male,Police Officer (E) (F) (O) (B) (S),APD Atlanta Police Department,42143.05,802,689,810
1054,27,Male,Police Officer (E) (F) (O) (B) (S),APD Atlanta Police Department,34726.37,317,494,166
1055,34,Male,Police Officer (E) (F) (O) (B) (S),APD Atlanta Police Department,42762.72,316,958,735
1056,47,Female,Police Sergeant (E) (F) (O) (B) (S),APD Atlanta Police Department,57719.17,271,295,675
1057,32,Male,Police Officer (E) (F) (O) (B) (S),APD Atlanta Police Department,39919.57,634,584,267
1058,36,Female,Judge,JDA Municipal Court Operations,153000.64,296,97,346
1059,42,Male,"Communications Electronics Technician, Sr (D)",AFR Atlanta Fire & Recuse,42231.05,996,825,396
1060,50,Male,Police Officer (E) (F) (O) (B) (S),APD Atlanta Police Department,58281.18,664,855,263
1061,52,Female,ATL 311 Call Center Director,EXE Executive Offices,140000.02,507,687,266
1062,32,Female,Police Officer (E) (F) (O) (B) (S),APD Atlanta Police Department,34726.37,151,982,799
1063,49,Male,Police Lieutenant (E) (F) (O) (B) (S),APD Atlanta Police Department,81359.2,625,126,590
1064,55,Female,Airport Security Systems Assistant,DOA Department of Aviation,41059.06,214,610,430
1065,45,Female,"Communications Dispatcher, Sr (D)",DOA Department of Aviation,41499.99,122,359,894
1066,57,Male,"Field Engineer, Sr",DWM Department of Watershed Management,49000.02,824,625,524
1067,42,Male,Electrician Assistant (D),DPW Department of Public Works,30534.45,834,501,705
1068,56,Female,"Administrative Assistant, Sr",LAW Law Department,41905.97,813,624,431
1069,34,Female,Police Reports Technician (D),APD Atlanta Police Department,29436.74,814,272,175
1070,48,Male,Firefighter (E),AFR Atlanta Fire & Recuse,51323.06,138,264,992
1071,28,Female,Corrections Officer (E),COR Department of Corrections,34257.02,591,851,331
1072,26,Male,Police Officer (E) (F) (O) (B) (S),APD Atlanta Police Department,42762.72,894,443,11
1073,41,Male,Construction/Maintenance Worker (D),DWM Department of Watershed Management,31153.49,406,642,176
1074,44,Male,"Data/Reporting Analyst, Sr",DWM Department of Watershed Management,55619.62,144,48,474
1075,34,Female,Parks Worker II (D),"PRC Parks, Recreation, & Cultural Affairs",33587.9,520,707,806
1076,24,Male,Firefighter (E),AFR Atlanta Fire & Recuse,32132.8,46,800,121
1077,55,Male,"Police Officer, Sr (E) (F) (O) (B) (S)",APD Atlanta Police Department,64772.86,764,414,376
1078,49,Male,"Traffic Service Technician, Sr",DPW Department of Public Works,35468.46,290,131,879
1079,55,Female,"Recreation Operations Assistant, Sr","PRC Parks, Recreation, & Cultural Affairs",45889.3,583,849,175
1080,54,Male,Fire Sergeant (E),AFR Atlanta Fire & Recuse,56368.19,914,429,835
1081,46,Female,Chief Of Staff,EXE Executive Offices,196526.01,891,108,824
1082,47,Male,"Construction/Maintenance Worker, Sr",DWM Department of Watershed Management,44131.32,40,77,744
1083,50,Male,Desk Top Support Technician,DWM Department of Watershed Management,47666.74,736,389,937
1084,24,Male,Police Officer (E) (F) (O) (B) (S),APD Atlanta Police Department,34726.37,407,43,704
1085,25,Male,Intern,DWM Department of Watershed Management,33280.0,824,568,951
1086,45,Female,Behavioral Health Specialist,DHR Department of Human Reources,59197.63,942,635,66
1087,59,Male,"Wastewater Collection Operator, Sr (D)",DWM Department of Watershed Management,45522.89,987,452,939
1088,43,Male,"Field Engineer, Sr",DWM Department of Watershed Management,42021.02,291,753,959
1089,64,Female,Payroll Specialist,DWM Department of Watershed Management,43750.92,353,427,174
1090,48,Male,Watershed Crew Supervisor (D),DWM Department of Watershed Management,51488.69,581,911,526
1091,47,Male,Police Officer (E) (F) (O) (B) (S),APD Atlanta Police Department,56310.38,492,6,428
1092,50,Female,Police Investigator (E) (F) (O),APD Atlanta Police Department,53219.71,378,395,19
1093,37,Male,"Construction Inspector, Sr",DWM Department of Watershed Management,49874.01,820,262,532
1094,58,Female,Health Technician (D),COR Department of Corrections,37032.9,291,879,682
1095,46,Male,Water Distribution Inspection Supervisor,DWM Department of Watershed Management,46807.9,230,462,247
1096,49,Male,Police Sergeant (E) (F) (O) (B) (S),APD Atlanta Police Department,49553.03,478,622,161
1097,54,Male,"Accounting Manager, Sr",DOA Department of Aviation,80000.0,996,490,465
1098,39,Male,Police Officer (E) (F) (O) (B) (S),APD Atlanta Police Department,34726.37,3,976,292
1099,27,Female,"Administrative Assistant, Sr",DOF Department of Finance,34155.01,72,995,586
1100,38,Female,"Customer Service Representative, Sr (D)",APD Atlanta Police Department,32055.84,96,643,261
1101,51,Female,ATL311 Call Center Representative I,EXE Executive Offices,43355.24,233,618,381
1102,55,Male,Facilities Maintenance Mechanic (D),"PRC Parks, Recreation, & Cultural Affairs",32055.84,829,779,738
1103,53,Female,"Customer Service Representative, Sr (D)",APD Atlanta Police Department,34268.96,32,816,206
1104,49,Male,Fire Sergeant (E),AFR Atlanta Fire & Recuse,56368.19,377,603,590
1105,64,Male,"Combination Inspector, Sr",PCD Planning & Community Development,56132.34,151,856,157
1106,44,Male,Fire Lieutenant (E),AFR Atlanta Fire & Recuse,43566.99,959,101,578
1107,58,Male,Corrections Officer (E),COR Department of Corrections,41339.17,152,77,597
1108,56,Male,Water Meter Reader Supervisor,DWM Department of Watershed Management,50995.28,608,482,117
1109,32,Male,Parks Worker I (D),"PRC Parks, Recreation, & Cultural Affairs",26700.1,497,2,718
1110,35,Male,Airport Operations Representative II (D),DOA Department of Aviation,47300.01,342,99,873
1111,28,Female,Police Officer (E) (F) (O) (B) (S),APD Atlanta Police Department,40704.08,970,386,30
1112,36,Male,Vehicle/Equipment Mechanic II,DPW Department of Public Works,38001.6,556,590,513
1113,42,Male,Corrections Officer (E),COR Department of Corrections,34258.02,207,562,458
1114,54,Male,Facilities Maintenance Supervisor,EXE Executive Offices,60963.99,633,190,584
1115,59,Male,Electrician Specialist,DWM Department of Watershed Management,52440.92,441,47,907
1116,42,Male,"Construction/Maintenance Worker, Sr",DWM Department of Watershed Management,38486.47,436,421,561
1117,26,Male,Data/Reporting Analyst,APD Atlanta Police Department,38300.02,434,814,374
1118,34,Male,"Wastewater Collection Operator, Sr (D)",DWM Department of Watershed Management,44241.59,421,476,941
1119,65,Female,"Data/Reporting Analyst, Sr",DPW Department of Public Works,41617.06,713,701,929
1120,47,Male,Telecom Engineer,DIT Department of Information Technology,54080.0,742,340,628
1121,30,Male,Recreation Operations Assistant,"PRC Parks, Recreation, & Cultural Affairs",25800.01,781,343,755
1122,43,Female,Fire Command Technician (E),AFR Atlanta Fire & Recuse,39222.84,148,187,584
1123,49,Female,"Data/Reporting Analyst, Sr",DWM Department of Watershed Management,55458.83,705,576,264
1124,74,Male,"Human Resources Representative, Sr",AFR Atlanta Fire & Recuse,48289.7,356,294,630
1125,49,Female,"Utility Call Center Representative, Sr (D)",DWM Department of Watershed Management,39994.29,40,691,362
1126,41,Male,Corrections Officer (E),COR Department of Corrections,30081.0,432,444,428
1127,49,Female,"Legal Secretary, Sr",LAW Law Department,39921.95,818,146,420
1128,49,Male,Water Meter Mechanic,DWM Department of Watershed Management,44984.05,941,941,459
1129,38,Female,Urban Planner III,"PRC Parks, Recreation, & Cultural Affairs",70000.01,68,995,504
1130,46,Male,Police Officer (E) (F) (O) (B) (S),APD Atlanta Police Department,58281.18,44,105,401
1131,36,Female,Police Officer (E) (F) (O) (B) (S),APD Atlanta Police Department,48343.67,571,986,713
1132,32,Male,Police Officer (E) (F) (O) (B) (S),APD Atlanta Police Department,42762.72,896,689,3
1133,59,Female,Training Supervisor,PCD Planning & Community Development,70000.01,379,42,733
1134,32,Female,Chemist,DWM Department of Watershed Management,43687.42,254,817,110
1135,55,Female,Legislative Assistant,CCN City Council,52643.28,825,982,898
1136,50,Male,Fire Sergeant (E),AFR Atlanta Fire & Recuse,64043.38,157,149,149
1137,59,Male,Environmental Service Worker I (D),DPW Department of Public Works,26699.89,503,721,289
1138,29,Male,Police Officer (E) (F) (O) (B) (S),APD Atlanta Police Department,42128.72,406,354,924
1139,49,Male,Fire Sergeant (E),AFR Atlanta Fire & Recuse,54462.14,334,335,812
1140,63,Male,Electrician Specialist,DOA Department of Aviation,60569.24,43,632,870
1141,44,Male,Police Officer (E) (F) (O) (B) (S),APD Atlanta Police Department,40704.08,870,943,794
1142,29,Female,Communications Dispatcher (D),APD Atlanta Police Department,35355.65,870,845,532
1143,54,Female,Legal Program Assistant,SOL Solicitor Office,48292.0,541,191,734
1144,38,Female,Permit Technician,PCD Planning & Community Development,41000.0,160,804,84
1145,61,Male,Vehicle/Equipment Mechanic III,DPW Department of Public Works,51319.09,243,336,843
1146,41,Male,Firefighter (E),AFR Atlanta Fire & Recuse,42571.85,935,421,489
1147,53,Male,Fire Captain (E),AFR Atlanta Fire & Recuse,65243.9,815,678,71
1148,57,Male,"Water Distribution Operator, Sr",DWM Department of Watershed Management,41503.51,253,846,560
1149,26,Male,Apprentice,DPW Department of Public Works,28372.57,402,144,79
1150,54,Male,Performance Audit Manager,DIT Department of Information Technology,88000.02,770,267,626
1151,43,Male,Construction/Maintenance Worker (D),DWM Department of Watershed Management,31205.27,743,60,211
1152,48,Female,Police Officer (E) (F) (O) (B) (S),APD Atlanta Police Department,58281.18,649,363,900
1153,40,Female,Urban Planner III,PCD Planning & Community Development,61181.58,577,933,338
1154,27,Male,Aquatics Facility Assistant,"PRC Parks, Recreation, & Cultural Affairs",24600.01,361,217,724
1155,34,Female,Parks Attendant,"PRC Parks, Recreation, & Cultural Affairs",21840.0,940,754,458
1156,49,Female,Procurement Specialist,DOP Department of Procurement,39747.36,497,476,508
1157,45,Male,CAD Operator,DOA Department of Aviation,56230.06,282,151,373
1158,45,Female,Police Officer (E) (F) (O) (B) (S),APD Atlanta Police Department,47411.73,361,111,657
1159,30,Male,Police Officer (E) (F) (O) (B) (S),APD Atlanta Police Department,42762.72,224,251,948
1160,41,Male,Police Lieutenant (E) (F) (O) (B) (S),APD Atlanta Police Department,81359.03,455,464,954
1161,54,Female,"Financial Analyst, Sr",DOF Department of Finance,63552.01,755,258,960
1162,49,Male,Fire Captain (E),AFR Atlanta Fire & Recuse,59289.83,417,442,87
1163,53,Male,Solid Waste Operator I (D),DPW Department of Public Works,34765.57,540,512,794
1164,54,Male,License Permit Inspector (D),APD Atlanta Police Department,43983.43,700,948,900
1165,43,Male,Vehicle/Equipment Mechanic II,DPW Department of Public Works,39358.8,516,44,863
1166,34,Male,Police Investigator (E) (F) (O),APD Atlanta Police Department,48001.2,667,940,426
1167,37,Male,Police Sergeant (E) (F) (O) (B) (S),APD Atlanta Police Department,50298.77,426,111,314
1168,40,Male,Police Investigator (E) (F) (O),APD Atlanta Police Department,44809.65,368,448,454
1169,27,Male,Police Officer (E) (F) (O) (B) (S),APD Atlanta Police Department,39919.57,993,496,875
1170,38,Male,Firefighter (E),AFR Atlanta Fire & Recuse,44724.92,358,693,597
1171,28,Female,Program Management Officer Deputy,EXE Executive Offices,70000.01,259,835,528
1172,50,Female,"Solicitor, Sr Assistant",SOL Solicitor Office,77893.19,919,764,229
1173,60,Male,Solid Waste Operator II (D),DPW Department of Public Works,37316.68,312,433,147
1174,50,Female,Environmental Program Manager,DWM Department of Watershed Management,51239.76,532,154,307
1175,61,Female,Judge,JDA Municipal Court Operations,153000.64,314,794,954
1176,44,Male,Vehicle/Equipment Mechanic III,DPW Department of Public Works,51148.61,591,423,788
1177,53,Male,"Facilities Maintenance Mechanic, Sr (D)",EXE Executive Offices,38403.37,590,429,511
1178,39,Female,Debt Manager,DOF Department of Finance,72480.01,22,965,755
1179,64,Male,Watershed Plant Operator Supervisor (D),DWM Department of Watershed Management,63239.09,915,650,459
1180,35,Male,Human Resources Manager II,DHR Department of Human Reources,65000.0,624,579,865
1181,55,Female,Corrections Officer (E),COR Department of Corrections,36655.01,635,629,370
1182,42,Female,ATL311 Team Lead,EXE Executive Offices,47765.24,862,258,699
1183,48,Male,Construction/Maintenance Worker (D),DWM Department of Watershed Management,31205.27,46,844,427
1184,29,Male,Police Officer (E) (F) (O) (B) (S),APD Atlanta Police Department,34726.37,166,152,25
1185,32,Male,Police Officer (E) (F) (O) (B) (S),APD Atlanta Police Department,41316.7,472,293,935
1186,45,Female,"Police Officer, Sr (E) (F) (O) (B) (S)",APD Atlanta Police Department,60466.22,763,754,296
1187,42,Male,Construction Project Manager,DWM Department of Watershed Management,72336.01,456,987,569
1188,50,Female,"Budget Analyst, Sr",DOA Department of Aviation,62391.93,44,316,6
1189,49,Male,Corrections Officer (E),COR Department of Corrections,42807.23,523,461,382
1190,52,Male,"IT Manager, Sr",DIT Department of Information Technology,78900.02,464,41,260
1191,42,Female,Police Officer (E) (F) (O) (B) (S),APD Atlanta Police Department,50788.82,415,731,347
1192,52,Male,"Office Support Assistant, Sr (D)",PDA Public Defender Administration,35065.82,57,671,688
1193,44,Female,Budget & Fiscal Policy Chief,DOF Department of Finance,123191.02,43,140,709
1194,48,Male,Firefighter (E),AFR Atlanta Fire & Recuse,41751.2,613,286,66
1195,29,Male,Facilities Maintenance Mechanic (D),"PRC Parks, Recreation, & Cultural Affairs",30946.5,314,551,781
1196,26,Female,Communications Dispatcher (D),APD Atlanta Police Department,34155.01,518,134,620
1197,41,Male,Fire Captain (E),AFR Atlanta Fire & Recuse,52553.64,921,698,305
1198,39,Male,Police Sergeant (E) (F) (O) (B) (S),APD Atlanta Police Department,52059.28,425,743,850
1199,37,Male,Police Officer (E) (F) (O) (B) (S),APD Atlanta Police Department,42762.72,385,253,88
1200,53,Female,Warrants Technician I (D),APD Atlanta Police Department,32499.02,473,62,87
1201,50,Female,"Police Officer, Sr (E) (F) (O) (B) (S)",APD Atlanta Police Department,64772.86,580,842,134
1202,61,Male,"Programmer Analyst, Sr",DOA Department of Aviation,64720.49,717,235,118
1203,44,Male,"Administrative Assistant, Sr",DHR Department of Human Reources,39998.4,909,701,557
1204,29,Male,Urban Planner I,PCD Planning & Community Development,42021.02,261,335,563
1205,38,Female,ATL311 Call Center Representative II,EXE Executive Offices,41995.2,327,634,362
1206,36,Male,Police Officer (E) (F) (O) (B) (S),APD Atlanta Police Department,41316.7,645,813,961
1207,28,Male,Police Officer (E) (F) (O) (B) (S),APD Atlanta Police Department,42762.72,748,38,212
1208,46,Male,Channel 26 Station Director,EXE Executive Offices,81988.5,36,931,548
1209,48,Female,Police Officer (E) (F) (O) (B) (S),APD Atlanta Police Department,44259.49,125,244,200
1210,36,Male,Firefighter (E),AFR Atlanta Fire & Recuse,41751.2,315,910,346
1211,46,Male,Police Lieutenant (E) (F) (O) (B) (S),APD Atlanta Police Department,70900.13,903,267,721
1212,38,Male,"City Council Assistant, Sr",CCN City Council,46309.12,577,693,120
1213,47,Male,"Buildings, Assistant Director",PCD Planning & Community Development,82194.03,324,930,5
1214,53,Female,Police Traffic Control Inspector (D),APD Atlanta Police Department,35982.55,518,823,923
1215,62,Female,Court Reporting Coordinator,JDA Municipal Court Operations,74679.98,287,710,0
1216,38,Male,Watershed Crew Supervisor (D),DWM Department of Watershed Management,51488.69,21,151,337
1217,22,Male,Firefighter (E),AFR Atlanta Fire & Recuse,35255.25,868,455,147
1218,35,Female,"Airport Engineer, Associate",DOA Department of Aviation,62878.53,294,298,573
1219,49,Male,Airport Assistant General Manager,DOA Department of Aviation,179000.02,645,817,197
1220,20,Female,Summer Program Counselor,"PRC Parks, Recreation, & Cultural Affairs",21320.0,552,355,295
1221,62,Male,"Construction/Maintenance Worker, Sr",DWM Department of Watershed Management,42976.78,231,571,225
1222,64,Male,Watershed Plant Operator Class I (D),DWM Department of Watershed Management,55823.66,567,212,414
1223,24,Female,Summer Program Counselor,"PRC Parks, Recreation, & Cultural Affairs",31200.0,49,290,560
1224,25,Female,Recreation Operations Assistant,"PRC Parks, Recreation, & Cultural Affairs",28035.05,600,154,118
1225,32,Male,Fire Sergeant (E),AFR Atlanta Fire & Recuse,45855.71,999,795,533
1226,60,Female,Performance & Operations Consultant,DOF Department of Finance,95727.94,470,313,473
1227,63,Male,Accountant,DHR Department of Human Reources,41218.15,597,397,335
1228,59,Male,Solid Waste Operator I (D),DPW Department of Public Works,33924.25,982,641,410
1229,42,Male,Police Officer (E) (F) (O) (B) (S),APD Atlanta Police Department,39327.6,415,567,501
1230,48,Male,Mail Clerk,"PRC Parks, Recreation, & Cultural Affairs",41699.28,585,67,114
1231,35,Female,Quality Services Specialist,JDA Municipal Court Operations,42021.02,24,419,31
1232,28,Female,Police Officer (E) (F) (O) (B) (S),APD Atlanta Police Department,42762.72,8,208,728
1233,45,Male,Police Officer (E) (F) (O) (B) (S),APD Atlanta Police Department,58281.18,991,608,262
1234,51,Male,Police Sergeant (E) (F) (O) (B) (S),APD Atlanta Police Department,61217.94,625,633,344
1235,54,Male,Vehicle/Equipment Maintenance Supervisor,DPW Department of Public Works,54413.31,386,998,5
1236,50,Female,Human Resources Business Partner,DHR Department of Human Reources,58060.91,222,99,35
1237,60,Male,Solicitor,SOL Solicitor Office,168015.04,595,114,258
1238,66,Male,Construction/Maintenance Worker (D),DPW Department of Public Works,31711.39,252,884,332
1239,49,Female,"City Council Assistant, Sr",CCN City Council,41000.0,424,449,162
1240,60,Male,Police Investigator (E) (F) (O),APD Atlanta Police Department,49681.22,502,975,491
1241,47,Male,Project Manager,"PRC Parks, Recreation, & Cultural Affairs",69166.39,678,37,412
1242,43,Male,"Plant Maintenance Mechanic, Sr (D)",DWM Department of Watershed Management,50735.47,57,200,958
1243,42,Male,Contracts Compliance Manager,EXE Executive Offices,60000.01,886,314,350
1244,64,Female,"Administrative Assistant, Sr",DOP Department of Procurement,35780.61,861,675,631
1245,41,Female,Police Investigator (E) (F) (O),APD Atlanta Police Department,49681.22,888,943,154
1246,51,Male,Watershed Plant Operator Supervisor (D),DWM Department of Watershed Management,56079.09,213,603,834
1247,38,Male,Fire Sergeant (E),AFR Atlanta Fire & Recuse,49121.57,812,148,185
1248,51,Female,"Accountant, Sr",DOA Department of Aviation,57622.03,364,436,695
1249,24,Male,Police Officer (E) (F) (O) (B) (S),APD Atlanta Police Department,40114.15,787,642,133
1250,46,Female,"Training Specialist, Sr",DHR Department of Human Reources,58700.01,977,821,864
1251,39,Male,Police Officer (E) (F) (O) (B) (S),APD Atlanta Police Department,47411.73,57,171,627
1252,44,Female,Fire Lieutenant (E),AFR Atlanta Fire & Recuse,47488.64,109,641,787
1253,53,Male,"Wastewater Collection Operator, Sr (D)",DWM Department of Watershed Management,48705.59,169,144,480
1254,51,Male,Corrections Lieutenant (E),COR Department of Corrections,56011.09,38,536,608
1255,23,Female,Intern,DWM Department of Watershed Management,33280.0,872,196,302
1256,28,Male,Desk Top Support Technician,DIT Department of Information Technology,53972.42,63,175,359
1257,41,Female,Data Technician,DWM Department of Watershed Management,38762.67,67,126,596
1258,36,Male,"Management Analyst, Sr","PRC Parks, Recreation, & Cultural Affairs",50900.01,583,947,38
1259,31,Male,Police Traffic Control Inspector (D),APD Atlanta Police Department,29436.74,164,448,832
1260,26,Male,Police Officer (E) (F) (O) (B) (S),APD Atlanta Police Department,34726.37,803,880,793
1261,50,Female,Police Major,APD Atlanta Police Department,102877.01,700,782,863
1262,38,Male,Police Sergeant (E) (F) (O) (B) (S),APD Atlanta Police Department,53082.45,29,978,570
1263,35,Male,Airport Security Representative I (D),DOA Department of Aviation,41000.0,194,741,651
1264,35,Male,Police Sergeant (E) (F) (O) (B) (S),APD Atlanta Police Department,49553.03,629,126,36
1265,36,Male,Firefighter (E),AFR Atlanta Fire & Recuse,36854.61,565,751,537
1266,49,Male,Fire Lieutenant (E),AFR Atlanta Fire & Recuse,58518.97,274,590,878
1267,45,Male,Firefighter (E),AFR Atlanta Fire & Recuse,37955.36,724,114,492
1268,32,Female,"Solicitor, Sr Assistant",SOL Solicitor Office,69526.6,100,804,267
1269,34,Male,"Electrical Inspector, Sr",PCD Planning & Community Development,43470.0,430,684,277
1270,43,Male,Council Communications Director,CCN City Council,78475.3,762,687,190
1271,45,Female,"Financial Analyst, Sr",DOF Department of Finance,60260.01,981,312,259
1272,46,Female,Quality Services Specialist,JDA Municipal Court Operations,48042.72,108,655,892
1273,60,Male,Watershed Director I,DWM Department of Watershed Management,92755.54,380,693,973
1274,50,Male,Police Investigator (E) (F) (O),APD Atlanta Police Department,62582.62,649,419,46
1275,42,Female,Solid Waste Route Supervisor (SWEET),DPW Department of Public Works,40643.81,220,928,690
1276,29,Male,Firefighter (E),AFR Atlanta Fire & Recuse,37955.36,727,810,395
1277,36,Male,Police Officer (E) (F) (O) (B) (S),APD Atlanta Police Department,45129.32,41,39,52
1278,62,Female,Data/Reporting Analyst,DWM Department of Watershed Management,49620.1,490,572,132
1279,52,Male,Fire Captain (E),AFR Atlanta Fire & Recuse,69891.06,625,834,607
1280,58,Female,"Construction Inspector, Sr",DWM Department of Watershed Management,59568.11,26,568,14
1281,39,Male,"Laboratory Technician, Sr (D)",DWM Department of Watershed Management,36000.02,261,35,195
1282,32,Female,Police Officer (E) (F) (O) (B) (S),APD Atlanta Police Department,44259.49,215,652,239
1283,41,Male,Field Engineer,DWM Department of Watershed Management,47639.96,695,945,655
1284,45,Male,Environmental Service Worker I (D),DPW Department of Public Works,24600.01,254,752,575
1285,26,Male,Corrections Officer (E),COR Department of Corrections,36694.53,495,927,722
1286,52,Male,Solid Waste Equipment Operator,DPW Department of Public Works,29034.38,273,11,603
1287,30,Male,Police Officer (E) (F) (O) (B) (S),APD Atlanta Police Department,42762.72,557,901,91
1288,35,Male,"Storekeeper, Sr (D)",DWM Department of Watershed Management,35600.01,836,520,205
1289,66,Male,"Procurement Officer, Deputy",DOP Department of Procurement,106770.01,880,998,95
1290,36,Female,"Accountant, Sr",DOF Department of Finance,55523.31,546,584,441
1291,27,Male,Police Officer (E) (F) (O) (B) (S),APD Atlanta Police Department,41316.7,715,10,966
1292,45,Male,Police Officer (E) (F) (O) (B) (S),APD Atlanta Police Department,56310.38,65,357,659
1293,36,Male,Police Officer (E) (F) (O) (B) (S),APD Atlanta Police Department,44259.49,206,535,934
1294,22,Female,Intern,DWM Department of Watershed Management,33280.0,221,513,7
1295,59,Female,Crime Scene Supervisor (D),APD Atlanta Police Department,48954.67,83,794,753
1296,29,Male,Summer Program Counselor,"PRC Parks, Recreation, & Cultural Affairs",20800.0,343,413,905
1297,41,Female,Special Projects Coordinator,EXE Executive Offices,52492.8,374,459,27
1298,45,Male,Urban Planner II,PCD Planning & Community Development,44000.01,601,666,177
1299,55,Male,Traffic Signal Technician (D),DPW Department of Public Works,41059.06,384,350,186
1300,48,Female,"Administrative Assistant, Sr",DPW Department of Public Works,40539.53,626,960,571
1301,39,Female,Fire Lieutenant (E),AFR Atlanta Fire & Recuse,47018.46,564,508,842
1302,78,Male,Watershed Manager II,DWM Department of Watershed Management,85000.01,59,685,566
1303,29,Male,Firefighter (E),AFR Atlanta Fire & Recuse,37392.58,66,698,357
1304,35,Female,Court Interpreter,JDA Municipal Court Operations,50448.5,395,42,492
1305,64,Female,Procurement Specialist,DWM Department of Watershed Management,50866.4,748,544,432
1306,50,Male,Equipment Maintenance/Safety Inspector,DWM Department of Watershed Management,45743.34,872,272,111
1307,52,Male,GIS Coordinator,DWM Department of Watershed Management,85000.01,305,46,404
1308,60,Female,Airport Security Representative II (D),DOA Department of Aviation,56376.32,84,107,207
1309,52,Male,Fire Command Technician (E),AFR Atlanta Fire & Recuse,39222.84,760,32,599
1310,63,Male,Airport Planning & Development Director,DOA Department of Aviation,160000.01,147,967,417
1311,48,Male,Police Lieutenant (E) (F) (O) (B) (S),APD Atlanta Police Department,70900.13,963,206,412
1312,66,Female,Judge Special Assistant,JDA Municipal Court Operations,51731.47,159,449,770
1313,33,Male,Police Investigator (E) (F) (O),APD Atlanta Police Department,44809.65,351,913,985
1314,49,Male,Police Investigator (E) (F) (O),APD Atlanta Police Department,62582.62,35,50,524
1315,53,Female,Watershed Manager I,DWM Department of Watershed Management,84000.01,938,350,932
1316,27,Female,Police Officer (E) (F) (O) (B) (S),APD Atlanta Police Department,42128.72,614,821,641
1317,35,Male,Airport Operations Representative II (D),DOA Department of Aviation,51259.1,976,235,194
1318,49,Male,"Construction/Maintenance Worker, Sr",DWM Department of Watershed Management,27620.42,646,934,746
1319,46,Female,Microbiologist,DWM Department of Watershed Management,50667.44,951,758,867
1320,38,Female,"IT Manager, Sr",DWM Department of Watershed Management,87736.0,816,272,432
1321,44,Female,"Human Resources Representative, Sr",DHR Department of Human Reources,56811.04,987,110,707
1322,51,Male,Firefighter (E),AFR Atlanta Fire & Recuse,51323.06,538,197,293
1323,44,Male,Construction/Maintenance Worker (D),DWM Department of Watershed Management,31153.49,890,174,848
1324,48,Male,"Plans Review Specialist, Sr",PCD Planning & Community Development,56363.65,232,213,612
1325,55,Male,Police Officer (E) (F) (O) (B) (S),APD Atlanta Police Department,54406.14,249,154,481
1326,49,Male,Wastewater Collection Supervisor (D),DWM Department of Watershed Management,54418.24,898,373,410
1327,57,Female,Communications Dispatcher Supervisor (D),APD Atlanta Police Department,45743.34,782,564,983
1328,38,Female,"Data/Reporting Analyst, Sr",EXE Executive Offices,57500.0,106,923,28
1329,47,Male,Police Investigator (E) (F) (O),APD Atlanta Police Department,48001.2,251,928,520
1330,30,Female,Case Manager,JDA Municipal Court Operations,50448.5,455,519,377
1331,45,Male,Police Officer (E) (F) (O) (B) (S),APD Atlanta Police Department,41316.7,204,602,928
1332,31,Male,"Facilities Maintenance Mechanic, Sr (D)",DOA Department of Aviation,35780.61,872,189,242
1333,40,Female,Police Officer (E) (F) (O) (B) (S),APD Atlanta Police Department,50788.82,464,623,976
1334,39,Male,Code Enforcement Officer,APD Atlanta Police Department,41033.87,672,876,336
1335,28,Male,Police Officer (E) (F) (O) (B) (S),APD Atlanta Police Department,39327.6,219,349,791
1336,24,Male,Police Officer (E) (F) (O) (B) (S),APD Atlanta Police Department,34726.37,577,242,874
1337,49,Male,Recreation Operations Assistant,"PRC Parks, Recreation, & Cultural Affairs",28044.31,752,167,887
1338,52,Male,Fire Lieutenant (E),AFR Atlanta Fire & Recuse,60567.23,86,873,383
1339,37,Female,Watershed Commercial Accounts Representative,DWM Department of Watershed Management,41218.15,600,616,308
1340,43,Female,Court Clerk (D),JDA Municipal Court Operations,30622.5,458,257,105
1341,29,Male,Corrections Officer (E),COR Department of Corrections,35634.0,120,297,726
1342,46,Male,Fire Sergeant (E),AFR Atlanta Fire & Recuse,50841.03,235,578,479
1343,45,Male,Police Officer (E) (F) (O) (B) (S),APD Atlanta Police Department,44259.49,679,161,576
1344,40,Male,Fire Captain (E),AFR Atlanta Fire & Recuse,52553.64,946,594,181
1345,65,Male,Parks District Maintenance Operations Manager,"PRC Parks, Recreation, & Cultural Affairs",56948.32,22,901,195
1346,29,Male,Firefighter (E),AFR Atlanta Fire & Recuse,37392.58,829,432,186
1347,22,Male,Environmental Service Worker I (D),DPW Department of Public Works,24606.4,436,995,234
1348,31,Male,Firefighter (E),AFR Atlanta Fire & Recuse,32132.8,952,532,129
1349,27,Male,Firefighter (E),AFR Atlanta Fire & Recuse,32132.8,692,142,729
1350,60,Female,Police Property Management Technician (D),APD Atlanta Police Department,29436.74,776,619,322
1351,39,Male,Solid Waste Operator I (D),DPW Department of Public Works,33924.25,661,14,710
1352,35,Male,Community Facility Manager,"PRC Parks, Recreation, & Cultural Affairs",41617.06,556,397,277
1353,45,Female,"Legal Program Assistant, Sr",SOL Solicitor Office,46766.49,481,22,286
1354,43,Male,Engineering Aide,DWM Department of Watershed Management,35158.88,983,74,371
1355,42,Male,GIS Analyst,DIT Department of Information Technology,60000.01,544,301,39
1356,37,Female,Fire Sergeant (E),AFR Atlanta Fire & Recuse,38641.27,953,971,602
1357,52,Female,Police Sergeant (E) (F) (O) (B) (S),APD Atlanta Police Department,70248.88,570,765,506
1358,49,Female,Journeyperson,DWM Department of Watershed Management,44754.95,945,327,562
1359,43,Female,Custodian (D),EXE Executive Offices,26697.09,61,647,25
1360,32,Male,Watershed Plant Operator Class I (D),DWM Department of Watershed Management,51054.02,720,197,888
1361,23,Male,Police Officer (E) (F) (O) (B) (S),APD Atlanta Police Department,34726.37,611,674,186
1362,50,Male,Police Sergeant (E) (F) (O) (B) (S),APD Atlanta Police Department,65578.03,28,902,608
1363,59,Female,Court Clerk (D),JDA Municipal Court Operations,28865.17,298,578,874
1364,27,Male,Firefighter (E),AFR Atlanta Fire & Recuse,36854.61,987,300,529
1365,37,Female,Police Officer (E) (F) (O) (B) (S),APD Atlanta Police Department,42762.72,637,929,389
1366,47,Male,"City Attorney, Assistant Sr",LAW Law Department,96560.01,239,117,39
1367,43,Female,Utility Billing Specialist II,DWM Department of Watershed Management,39103.89,456,190,284
1368,46,Male,Crime Prevention Inspector,APD Atlanta Police Department,41774.87,817,963,112
1369,50,Male,Police Officer (E) (F) (O) (B) (S),APD Atlanta Police Department,42762.72,776,488,25
1370,27,Female,Administrative Assistant,DOP Department of Procurement,30946.5,798,174,862
1371,31,Male,"Facilities Maintenance Supervisor, Sr","PRC Parks, Recreation, & Cultural Affairs",41000.0,673,970,245
1372,25,Male,Police Officer (E) (F) (O) (B) (S),APD Atlanta Police Department,39919.57,773,254,589
1373,46,Female,Police Sergeant (E) (F) (O) (B) (S),APD Atlanta Police Department,57719.17,77,756,238
1374,46,Male,"Construction Inspector, Sr",DWM Department of Watershed Management,52491.51,814,449,699
1375,47,Male,Environmental Service Worker I (D),DPW Department of Public Works,24600.01,851,535,566
1376,37,Male,Police Lieutenant (E) (F) (O) (B) (S),APD Atlanta Police Department,81359.01,938,678,112
1377,26,Female,Police Officer (E) (F) (O) (B) (S),APD Atlanta Police Department,39327.6,26,787,983
1378,51,Female,"Accounting Technician, Sr",DOA Department of Aviation,37032.9,403,717,489
1379,37,Female,Construction Project Manager,DWM Department of Watershed Management,70000.01,248,694,184
1380,35,Female,Recreation Operations Assistant,"PRC Parks, Recreation, & Cultural Affairs",26703.01,790,134,713
1381,62,Male,"Facilities Maintenance Mechanic, Sr (D)","PRC Parks, Recreation, & Cultural Affairs",38403.37,984,481,725
1382,26,Male,Police Officer (E) (F) (O) (B) (S),APD Atlanta Police Department,39327.6,762,418,669
1383,53,Female,Project Manager,"PRC Parks, Recreation, & Cultural Affairs",76686.02,881,932,611
1384,62,Male,Construction Inspector,DPW Department of Public Works,42496.06,462,826,139
1385,36,Female,"Solicitor, Sr Assistant",SOL Solicitor Office,78000.0,833,403,725
1386,35,Female,Communications Dispatcher (D),APD Atlanta Police Department,35780.61,521,409,802
1387,28,Female,Corrections Officer (E),COR Department of Corrections,30081.0,20,667,697
1388,43,Male,Police Investigator (E) (F) (O),APD Atlanta Police Department,57010.51,649,874,702
1389,49,Female,Revenue Collection Administrator,DWM Department of Watershed Management,52835.33,307,215,487
1390,33,Male,Police Sergeant (E) (F) (O) (B) (S),APD Atlanta Police Department,53082.45,202,765,373
1391,56,Female,Warrants Technicians Supervisor (D),APD Atlanta Police Department,42022.66,365,61,492
1392,89,Female,Police Property Management Technician (D),APD Atlanta Police Department,29436.74,308,460,49
1393,48,Male,Police Officer (E) (F) (O) (B) (S),APD Atlanta Police Department,58281.18,657,562,90
1394,33,Male,Fleet Parts Supervisor,DPW Department of Public Works,48681.07,986,124,905
1395,59,Female,Corrections Officer (E),COR Department of Corrections,47215.17,69,244,93
1396,56,Male,Corrections Officer (E),COR Department of Corrections,51622.06,692,175,237
1397,49,Female,"Facility Project Manager, Sr",DOA Department of Aviation,79797.6,123,411,319
1398,37,Male,Parks Worker II (D),"PRC Parks, Recreation, & Cultural Affairs",30534.45,880,477,680
1399,43,Male,Police Crime Analyst,APD Atlanta Police Department,38300.02,961,153,836
1400,47,Male,Parks District Maintenance Supervisor,"PRC Parks, Recreation, & Cultural Affairs",35914.52,633,816,657
1401,52,Male,"IT/Compliance Auditor, Sr",AUD Audit Administration,65000.0,98,586,362
1402,60,Male,Custodian (D),EXE Executive Offices,26700.1,78,842,787
1403,55,Male,Custodian (D),"PRC Parks, Recreation, & Cultural Affairs",24606.4,696,764,635
1404,51,Male,Environmental Service Worker I (D),DPW Department of Public Works,31711.39,201,135,76
1405,30,Female,Corrections Officer (E),COR Department of Corrections,30081.0,809,235,29
1406,32,Male,"Administrative Assistant, Sr",APD Atlanta Police Department,34155.01,778,101,587
1407,54,Male,Police Officer (E) (F) (O) (B) (S),APD Atlanta Police Department,47411.73,956,203,949
1408,27,Male,Police Officer (E) (F) (O) (B) (S),APD Atlanta Police Department,34726.37,22,765,861
1409,65,Female,Permit Technician,PCD Planning & Community Development,41205.01,816,753,259
1410,29,Male,Gardener,"PRC Parks, Recreation, & Cultural Affairs",29497.51,237,664,38
1411,38,Male,Police Officer (E) (F) (O) (B) (S),APD Atlanta Police Department,44259.49,515,219,481
1412,32,Male,Police Officer (E) (F) (O) (B) (S),APD Atlanta Police Department,41316.7,610,397,234
1413,55,Male,Fire Sergeant (E),AFR Atlanta Fire & Recuse,58341.21,673,450,260
1414,50,Female,"Communications Dispatcher, Sr (D)",APD Atlanta Police Department,44620.87,618,396,24
1415,44,Male,"Desk Top Support Technician, Sr",DWM Department of Watershed Management,44662.18,48,998,917
1416,26,Male,"Pretrial Release Officer, Sr (D)",JDA Municipal Court Operations,30946.5,308,214,539
1417,42,Female,Community Affairs Assistant,EXE Executive Offices,43015.94,714,794,150
1418,36,Male,Airport Operations Representative II (D),DOA Department of Aviation,53110.51,636,32,603
1419,38,Male,Police Officer (E) (F) (O) (B) (S),APD Atlanta Police Department,41316.7,825,351,505
1420,29,Male,Police Officer (E) (F) (O) (B) (S),APD Atlanta Police Department,41316.7,370,681,525
1421,39,Male,Water Meter Mechanic,DWM Department of Watershed Management,44919.01,83,523,455
1422,42,Male,Fire Sergeant (E),AFR Atlanta Fire & Recuse,49121.57,587,230,199
1423,37,Male,Fire Sergeant (E),AFR Atlanta Fire & Recuse,43835.29,891,459,78
1424,38,Male,Police Officer (E) (F) (O) (B) (S),APD Atlanta Police Department,41316.7,752,230,781
1425,60,Female,HRIS Specialist,DHR Department of Human Reources,41000.04,154,919,173
1426,52,Male,"Police Officer, Sr (E) (F) (O) (B) (S)",APD Atlanta Police Department,69386.51,210,556,990
1427,31,Female,Ecologist,DWM Department of Watershed Management,56511.0,901,90,264
1428,42,Male,Project Manager,PCD Planning & Community Development,66745.02,944,48,528
1429,56,Female,Customer Service Manager,EXE Executive Offices,47666.94,71,625,718
1430,61,Male,Landfill Supervisor (D),DPW Department of Public Works,56175.81,7,893,411
1431,66,Male,Management Analyst,EXE Executive Offices,57455.22,751,346,322
1432,28,Male,Firefighter (E),AFR Atlanta Fire & Recuse,32132.8,745,801,288
1433,58,Male,Claims Director,LAW Law Department,74800.02,221,487,945
1434,46,Male,Fire Section Chief (E),AFR Atlanta Fire & Recuse,83792.57,507,556,975
1435,47,Female,Watershed Manager I,DWM Department of Watershed Management,67400.01,837,262,245
1436,42,Male,ATL311 Call Center Representative I,EXE Executive Offices,36942.05,48,853,952
1437,30,Male,Intern,PCD Planning & Community Development,31200.0,798,212,147
1438,48,Male,Police Investigator (E) (F) (O),APD Atlanta Police Department,53219.71,693,262,165
1439,57,Female,"Storekeeper, Sr (D)",DWM Department of Watershed Management,35886.1,509,56,828
1440,58,Male,"Electronics Technician, Sr",AFR Atlanta Fire & Recuse,34700.02,112,473,475
1441,41,Male,Firefighter (E),AFR Atlanta Fire & Recuse,35785.83,522,394,58
1442,51,Female,Watershed Director I,DWM Department of Watershed Management,79759.89,704,412,67
1443,54,Male,Police Officer (E) (F) (O) (B) (S),APD Atlanta Police Department,58281.18,326,171,545
1444,55,Female,Airport Security Systems Assistant,DOA Department of Aviation,40176.63,562,455,71
1445,29,Female,Environmental Service Worker I (D),DPW Department of Public Works,24600.01,220,396,322
1446,60,Male,Water Service Representative,DWM Department of Watershed Management,36406.86,598,982,210
1447,33,Male,Firefighter (E),AFR Atlanta Fire & Recuse,35255.25,406,624,81
1448,56,Female,"Management Analyst, Sr",DOF Department of Finance,67800.01,273,894,315
1449,41,Male,Watershed Crew Supervisor (D),DWM Department of Watershed Management,46807.9,404,291,106
1450,45,Female,Permit Technician,PCD Planning & Community Development,41617.06,121,839,688
1451,27,Male,Police Officer (E) (F) (O) (B) (S),APD Atlanta Police Department,39919.57,550,809,803
1452,30,Female,Police Officer (E) (F) (O) (B) (S),APD Atlanta Police Department,42762.72,820,79,499
1453,46,Male,Firefighter (E),AFR Atlanta Fire & Recuse,41751.2,599,914,21
1454,47,Male,Fire Sergeant (E),AFR Atlanta Fire & Recuse,52620.31,615,261,820
1455,29,Male,Environmental Service Worker I (D),DPW Department of Public Works,25461.01,190,955,884
1456,36,Male,"Public Defender Assistant, Sr",PDA Public Defender Administration,78400.0,852,182,347
1457,39,Female,Recreation Operations Assistant,"PRC Parks, Recreation, & Cultural Affairs",28035.05,72,25,966
1458,45,Male,Police Lieutenant (E) (F) (O) (B) (S),APD Atlanta Police Department,70900.13,443,658,104
1459,36,Male,Firefighter (E),AFR Atlanta Fire & Recuse,36854.61,918,880,902
1460,33,Female,Permit Technician,PCD Planning & Community Development,41913.25,451,305,417
1461,51,Male,Vehicle for Hire Supervisor (D),APD Atlanta Police Department,41000.13,837,28,56
1462,50,Male,Fire Assistant Chief (E),AFR Atlanta Fire & Recuse,95685.84,314,83,886
1463,27,Female,Police Officer (E) (F) (O) (B) (S),APD Atlanta Police Department,39919.57,362,110,224
1464,24,Female,Police Officer (E) (F) (O) (B) (S),APD Atlanta Police Department,42128.72,717,150,476
1465,56,Male,Airport Security Systems Assistant,DOA Department of Aviation,51592.71,222,907,740
1466,57,Male,Public Works Transportation Manager,DPW Department of Public Works,75000.02,896,19,781
1467,29,Male,Police Officer (E) (F) (O) (B) (S),APD Atlanta Police Department,41316.7,599,536,347
1468,45,Male,Fire Captain (E),AFR Atlanta Fire & Recuse,74868.94,10,128,35
1469,32,Male,Parks Worker II (D),"PRC Parks, Recreation, & Cultural Affairs",29497.51,209,103,585
1470,31,Female,Police Sergeant (E) (F) (O) (B) (S),APD Atlanta Police Department,53082.45,786,31,355
1471,60,Female,"Customer Service Representative, Sr (D)",DOA Department of Aviation,32055.84,114,617,877
1472,28,Female,Police Officer (E) (F) (O) (B) (S),APD Atlanta Police Department,42762.72,712,6,326
1473,31,Female,Police Officer (E) (F) (O) (B) (S),APD Atlanta Police Department,39919.57,671,159,379
1474,42,Male,Construction/Maintenance Worker (D),DWM Department of Watershed Management,31205.27,484,288,840
1475,50,Male,Environmental Service Worker I (D),DPW Department of Public Works,25588.4,27,212,267
1476,45,Male,Environmental Service Worker II (D),DPW Department of Public Works,32055.84,881,639,92
1477,56,Female,Warrants Technician I (D),APD Atlanta Police Department,32499.01,157,602,322
1478,33,Female,"City Attorney, Assistant Sr",LAW Law Department,63200.01,338,884,474
1479,27,Female,EAP Case Manager,DHR Department of Human Reources,51239.76,310,272,445
1480,50,Male,"Facilities Maintenance Mechanic, Sr (D)",DOA Department of Aviation,37877.22,682,569,622
1481,23,Female,Intern,PCD Planning & Community Development,31200.0,968,190,743
1482,46,Female,Communications Dispatcher Supervisor (D),APD Atlanta Police Department,47891.62,135,582,20
1483,53,Male,"Facilities Maintenance Supervisor, Sr","PRC Parks, Recreation, & Cultural Affairs",54432.21,978,343,385
1484,37,Male,Environmental Service Worker I (D),DPW Department of Public Works,24600.01,916,467,535
1485,35,Male,Police Sergeant (E) (F) (O) (B) (S),APD Atlanta Police Department,53082.45,488,24,820
1486,46,Female,"Accounting Technician, Sr","PRC Parks, Recreation, & Cultural Affairs",34211.41,763,46,907
1487,45,Male,Server Engineer,DIT Department of Information Technology,78400.0,568,448,655
1488,35,Female,Communications Dispatcher (D),APD Atlanta Police Department,35780.61,243,255,831
1489,39,Male,Police Sergeant (E) (F) (O) (B) (S),APD Atlanta Police Department,52059.28,883,915,920
1490,52,Male,Police Officer (E) (F) (O) (B) (S),APD Atlanta Police Department,58281.18,343,800,353
1491,34,Male,Firefighter (E),AFR Atlanta Fire & Recuse,35785.83,193,593,13
1492,54,Male,Watershed Manager II,DWM Department of Watershed Management,89532.02,801,201,683
1493,65,Male,Electrician (D),"PRC Parks, Recreation, & Cultural Affairs",35398.49,577,204,296
1494,26,Male,Police Officer (E) (F) (O) (B) (S),APD Atlanta Police Department,39327.6,666,485,814
1495,36,Male,Facilities Maintenance Mechanic (D),DOA Department of Aviation,30946.5,267,329,407
1496,46,Male,"Watershed Inspector, Sr",DWM Department of Watershed Management,49200.18,291,682,153
1497,29,Female,Summer Program Counselor,"PRC Parks, Recreation, & Cultural Affairs",20800.0,1,859,151
1498,48,Male,Police Investigator (E) (F) (O),APD Atlanta Police Department,64772.86,141,840,656
1499,50,Female,Watershed Plant Operator Class I (D),DWM Department of Watershed Management,33804.56,0,668,180
1500,38,Male,Police Sergeant (E) (F) (O) (B) (S),APD Atlanta Police Department,53881.36,783,965,227
1501,45,Male,"Police Officer, Sr (E) (F) (O) (B) (S)",APD Atlanta Police Department,60466.22,402,835,961
1502,28,Male,Police Officer (E) (F) (O) (B) (S),APD Atlanta Police Department,42762.72,124,655,516
1503,50,Male,"Storekeeper, Sr (D)",DIT Department of Information Technology,31317.64,386,293,523
1504,30,Male,Police Officer (E) (F) (O) (B) (S),APD Atlanta Police Department,39327.6,496,750,156
1505,43,Male,Fire Lieutenant (E),AFR Atlanta Fire & Recuse,54628.05,971,742,868
1506,46,Male,Police Investigator (E) (F) (O),APD Atlanta Police Department,64450.71,826,329,377
1507,50,Female,Civil Engineering Manager,DWM Department of Watershed Management,72900.01,923,645,207
1508,30,Male,Fire Sergeant (E),AFR Atlanta Fire & Recuse,41068.42,843,599,597
1509,48,Male,Police Sergeant (E) (F) (O) (B) (S),APD Atlanta Police Department,63360.54,955,280,87
1510,50,Male,Water Distribution Inspection Supervisor,DWM Department of Watershed Management,56637.57,691,398,728
1511,26,Female,ATL311 Call Center Representative II,EXE Executive Offices,41995.2,323,186,715
1512,41,Female,Corrections ID Technician (D),COR Department of Corrections,34961.69,527,981,990
1513,71,Male,"Facilities Maintenance Mechanic, Sr (D)",EXE Executive Offices,35398.49,733,565,299
1514,52,Male,Police Investigator (E) (F) (O),APD Atlanta Police Department,64772.86,209,169,906
1515,59,Male,"Management Analyst, Sr",DOA Department of Aviation,79000.0,800,606,240
1516,40,Male,Firefighter (E),AFR Atlanta Fire & Recuse,36854.61,376,500,201
1517,29,Male,Police Officer (E) (F) (O) (B) (S),APD Atlanta Police Department,41316.7,833,417,497
1518,54,Male,Police Officer (E) (F) (O) (B) (S),APD Atlanta Police Department,58281.18,642,124,35
1519,42,Male,Airport Customer Service Trainer,DOA Department of Aviation,50600.01,482,231,604
1520,30,Male,HVAC Technician (D),EXE Executive Offices,44919.01,600,924,292
1521,63,Male,Watershed Plant Operator Class I (D),DWM Department of Watershed Management,51054.02,164,775,746
1522,49,Male,"Police Officer, Sr (E) (F) (O) (B) (S)",APD Atlanta Police Department,56310.38,44,528,57
1523,57,Male,"Career Advisor, Sr",PCD Atlanta Workforce Development Agency,43764.25,308,690,875
1524,37,Male,Police Officer (E) (F) (O) (B) (S),APD Atlanta Police Department,45808.67,974,435,76
1525,43,Male,Construction/Maintenance Worker (D),DWM Department of Watershed Management,30113.09,663,867,926
1526,38,Female,Communications Dispatcher (D),APD Atlanta Police Department,35780.61,889,454,937
1527,24,Female,Police Officer (E) (F) (O) (B) (S),APD Atlanta Police Department,39327.6,57,570,988
1528,26,Female,"Human Resources Assistant, Sr",DHR Department of Human Reources,37001.25,56,788,426
1529,34,Male,Business Systems Analyst,PCD Planning & Community Development,70000.01,573,281,807
1530,53,Male,Police Investigator (E) (F) (O),APD Atlanta Police Department,62582.62,468,458,527
1531,22,Male,Firefighter (E),AFR Atlanta Fire & Recuse,32132.8,656,883,908
1532,34,Female,Recreation Operations Assistant,"PRC Parks, Recreation, & Cultural Affairs",25800.01,881,274,386
1533,61,Female,"Office Support Assistant, Sr (D)",APD Atlanta Police Department,27641.74,946,245,27
1534,48,Female,Community Affairs Coordinator,DOA Department of Aviation,55949.38,816,295,638
1535,38,Male,Video Integration Monitor PT,APD Atlanta Police Department,40600.0,379,128,240
1536,42,Male,Firefighter (E),AFR Atlanta Fire & Recuse,35785.83,460,578,886
1537,51,Male,Police Officer (E) (F) (O) (B) (S),APD Atlanta Police Department,52566.18,95,895,968
1538,31,Male,Police Officer (E) (F) (O) (B) (S),APD Atlanta Police Department,42762.72,920,99,144
1539,44,Male,Police Investigator (E) (F) (O),APD Atlanta Police Department,57010.51,810,741,778
1540,48,Female,"Accounting Technician, Sr",DWM Department of Watershed Management,38545.24,599,869,456
1541,65,Male,Police Reports Technician (D),APD Atlanta Police Department,30467.07,261,774,716
1542,47,Male,Police Sergeant (E) (F) (O) (B) (S),APD Atlanta Police Department,61217.94,805,388,784
1543,50,Male,Ground Transportation Operations Assistant,DOA Department of Aviation,35001.94,308,443,54
1544,59,Male,"Construction/Maintenance Worker, Sr",DWM Department of Watershed Management,38486.47,834,258,592
1545,51,Male,"Wastewater Collection Operator, Sr (D)",DWM Department of Watershed Management,42959.99,628,293,194
1546,41,Female,Office Manager,DWM Department of Watershed Management,41606.95,331,136,29
1547,51,Female,Customer Service Manager,DWM Department of Watershed Management,53641.74,120,515,972
1548,28,Female,Police Officer (E) (F) (O) (B) (S),APD Atlanta Police Department,34726.37,525,661,764
1549,45,Male,Fire Lieutenant (E),AFR Atlanta Fire & Recuse,50995.92,465,170,212
1550,20,Male,Intern,DWM Department of Watershed Management,29078.4,720,968,5
1551,26,Female,Recreation Operations Assistant,"PRC Parks, Recreation, & Cultural Affairs",30951.02,320,530,947
1552,24,Male,Police Officer (E) (F) (O) (B) (S),APD Atlanta Police Department,34726.37,432,578,910
1553,57,Female,Communications Dispatcher (D),APD Atlanta Police Department,38329.1,460,90,736
1554,46,Male,Server Engineer,DIT Department of Information Technology,78000.0,98,323,86
1555,39,Female,Chief Counsel,LAW Law Department,116880.0,477,264,466
1556,61,Male,Watershed Director I,DWM Department of Watershed Management,110000.01,565,402,300
1557,61,Male,"Code Enforcement Officer, Sr",DOF Department of Finance,58465.25,705,572,40
1558,68,Female,Human Services Director,EXE Executive Offices,68000.0,52,482,176
1559,39,Male,Data/Reporting Analyst,DWM Department of Watershed Management,44000.01,360,173,505
1560,33,Male,Police Officer (E) (F) (O) (B) (S),APD Atlanta Police Department,41316.7,710,327,990
1561,39,Female,"Director, Office Innovation Delivery & Performance",EXE Executive Offices,100000.01,136,828,339
1562,55,Female,IT Project Manager,DOA Department of Aviation,71609.99,246,504,328
1563,66,Male,"Airport Planning & Development, Assistant Director",DOA Department of Aviation,133366.67,588,203,223
1564,42,Male,Police Officer (E) (F) (O) (B) (S),APD Atlanta Police Department,42762.72,671,286,77
1565,26,Male,Police Officer (E) (F) (O) (B) (S),APD Atlanta Police Department,42762.72,488,451,829
1566,30,Male,Police Officer (E) (F) (O) (B) (S),APD Atlanta Police Department,39327.6,364,703,458
1567,53,Female,"Office Support Assistant, Sr (D)",APD Atlanta Police Department,32821.16,556,386,701
1568,28,Male,Police Officer (E) (F) (O) (B) (S),APD Atlanta Police Department,42762.72,744,218,247
1569,36,Female,Police Officer (E) (F) (O) (B) (S),APD Atlanta Police Department,34726.37,356,268,279
1570,38,Male,Fire Sergeant (E),AFR Atlanta Fire & Recuse,39222.84,521,19,945
1571,41,Male,Police Lieutenant (E) (F) (O) (B) (S),APD Atlanta Police Department,81359.2,262,74,626
1572,35,Female,ATL311 Call Center Representative I,EXE Executive Offices,35193.6,842,739,126
1573,40,Male,"Drafting Technician, Sr (D)",DWM Department of Watershed Management,42735.88,45,55,403
1574,44,Male,Firefighter (E),AFR Atlanta Fire & Recuse,37955.36,789,568,167
1575,34,Male,Airport Security Representative I (D),DOA Department of Aviation,41000.0,761,557,419
1576,59,Male,Environmental Service Worker I (D),DPW Department of Public Works,26700.1,253,47,625
1577,51,Male,Environmental Program Manager,DWM Department of Watershed Management,62211.72,216,914,862
1578,45,Male,Journeyperson,DWM Department of Watershed Management,44653.57,755,665,793
1579,41,Male,Fire Command Technician (E),AFR Atlanta Fire & Recuse,41068.42,647,469,411
1580,60,Male,Airport Deputy General Manager,DOA Department of Aviation,185733.77,78,506,732
1581,51,Female,Aquatics Facility Assistant,"PRC Parks, Recreation, & Cultural Affairs",26167.23,910,152,955
1582,35,Female,Police Reports Technician (D),APD Atlanta Police Department,29436.74,110,10,268
1583,30,Female,"Office Support Assistant, Sr (D)",APD Atlanta Police Department,26703.01,619,777,144
1584,48,Male,Fire Captain (E),AFR Atlanta Fire & Recuse,65243.89,104,450,312
1585,31,Male,Firefighter (E),AFR Atlanta Fire & Recuse,40339.3,661,219,500
1586,56,Male,"Building Operations, Assistant Director",EXE Executive Offices,85800.0,208,402,817
1587,28,Male,Firefighter (E),AFR Atlanta Fire & Recuse,37392.58,652,486,547
1588,37,Male,Help Desk Specialist,DIT Department of Information Technology,39640.52,66,3,117
1589,27,Male,Firefighter (E),AFR Atlanta Fire & Recuse,35785.83,209,681,308
1590,45,Male,Fire Captain (E),AFR Atlanta Fire & Recuse,54459.72,61,404,626
1591,53,Female,Safety Manager,DWM Department of Watershed Management,59684.98,718,307,659
1592,48,Male,Police Officer (E) (F) (O) (B) (S),APD Atlanta Police Department,58281.18,272,632,126
1593,51,Male,Police Major,APD Atlanta Police Department,102365.27,142,854,0
1594,42,Male,Police Officer (E) (F) (O) (B) (S),APD Atlanta Police Department,39327.6,859,571,820
1595,54,Female,"Corrections Officer, Sr (E)",COR Department of Corrections,45221.07,958,982,447
1596,24,Male,Firefighter (E),AFR Atlanta Fire & Recuse,35785.83,930,995,122
1597,53,Male,"Police Officer, Sr (E) (F) (O) (B) (S)",APD Atlanta Police Department,64772.86,986,513,18
1598,43,Male,Police Officer (E) (F) (O) (B) (S),APD Atlanta Police Department,42762.72,737,917,338
1599,41,Male,Network Engineer,DOA Department of Aviation,64442.96,561,348,982
1600,54,Female,Administrative Assistant,APD Atlanta Police Department,42735.88,480,980,877
1601,42,Male,Firefighter (E),AFR Atlanta Fire & Recuse,40339.3,146,790,979
1602,37,Female,"Planning, Assistant Director",PCD Planning & Community Development,74000.01,289,457,526
1603,37,Female,Watershed Director II,DWM Department of Watershed Management,130830.0,519,786,640
1604,29,Male,Police Officer (E) (F) (O) (B) (S),APD Atlanta Police Department,39327.6,153,149,496
1605,39,Male,Watershed Plant Operator Supervisor (D),DWM Department of Watershed Management,55880.01,584,43,10
1606,45,Male,Police Officer (E) (F) (O) (B) (S),APD Atlanta Police Department,42762.72,785,130,825
1607,37,Male,Police Officer (E) (F) (O) (B) (S),APD Atlanta Police Department,34726.37,2,896,716
1608,36,Male,Police Officer (E) (F) (O) (B) (S),APD Atlanta Police Department,39919.57,790,596,878
1609,22,Female,Engineering Technician,DWM Department of Watershed Management,33000.01,243,342,152
1610,57,Male,Pollution Control Monitor,DWM Department of Watershed Management,42161.94,173,62,215
1611,46,Female,"Construction/Maintenance Worker, Sr",DWM Department of Watershed Management,38486.47,838,527,796
1612,37,Male,Firefighter (E),AFR Atlanta Fire & Recuse,35785.83,221,526,476
1613,58,Male,Airport Programs Manager,DOA Department of Aviation,60928.46,428,667,28
1614,45,Male,Environmental Service Worker I (D),DPW Department of Public Works,41218.15,663,334,41
1615,41,Female,Construction Project Manager,DWM Department of Watershed Management,72336.97,817,545,215
1616,40,Male,Civil Engineering Manager,DWM Department of Watershed Management,72900.01,105,775,103
1617,52,Male,Police Officer (E) (F) (O) (B) (S),APD Atlanta Police Department,58281.18,600,949,649
1618,39,Male,GIS Coordinator,DWM Department of Watershed Management,75000.02,546,530,983
1619,55,Male,"IT Manager, Sr",DPW Department of Public Works,74800.0,590,172,442
1620,33,Male,"Contracting Officer, Sr",DOP Department of Procurement,57500.02,788,709,144
1621,52,Male,"Police Officer, Sr (E) (F) (O) (B) (S)",APD Atlanta Police Department,60466.22,586,56,338
1622,33,Female,Project Manager,DWM Department of Watershed Management,55827.82,937,303,789
1623,60,Female,"General Manager, Atl/Ful City Water Resources Commissioner",DWM Department of Watershed Management,137100.02,160,156,201
1624,46,Male,Police Investigator (E) (F) (O),APD Atlanta Police Department,62582.62,7,520,77
1625,56,Female,"Data/Reporting Analyst, Sr",DOA Department of Aviation,62696.62,480,602,857
1626,23,Female,"Administrative Assistant, Sr",EXE Executive Offices,38295.02,3,536,724
1627,58,Female,"Field Engineer, Sr",DWM Department of Watershed Management,49245.04,92,22,669
1628,52,Male,Telecommunications Manager,APD Atlanta Police Department,62720.0,46,146,627
1629,32,Male,Electrician Assistant (D),DPW Department of Public Works,30534.45,646,942,36
1630,58,Male,Custodian (D),EXE Executive Offices,26700.1,544,246,34
1631,39,Female,Police Officer (E) (F) (O) (B) (S),APD Atlanta Police Department,44259.49,74,441,751
1632,47,Female,Permit Technician,PCD Planning & Community Development,43379.35,419,976,917
1633,49,Male,"Construction Inspector, Sr",DPW Department of Public Works,42021.02,800,55,890
1634,30,Male,Police Officer (E) (F) (O) (B) (S),APD Atlanta Police Department,34726.37,605,519,552
1635,70,Male,Plumbing Field Engineer,"PRC Parks, Recreation, & Cultural Affairs",55298.46,431,693,61
1636,29,Male,Fire Command Technician (E),AFR Atlanta Fire & Recuse,38641.27,815,228,585
1637,45,Male,Fire Captain (E),AFR Atlanta Fire & Recuse,55279.3,885,119,688
1638,47,Male,"Construction Inspector, Sr",DWM Department of Watershed Management,53776.97,551,107,286
1639,39,Male,Police Investigator (E) (F) (O),APD Atlanta Police Department,49681.22,80,161,421
1640,33,Male,Police Officer (E) (F) (O) (B) (S),APD Atlanta Police Department,42762.72,381,189,374
1641,62,Male,"Construction/Maintenance Worker, Sr",DWM Department of Watershed Management,38486.47,174,459,857
1642,59,Female,Environmental Service Worker I (D),DPW Department of Public Works,33969.89,602,54,184
1643,45,Female,"Solicitor, Sr Assistant",SOL Solicitor Office,84672.02,608,313,992
1644,51,Male,Police Officer (E) (F) (O) (B) (S),APD Atlanta Police Department,42762.72,940,945,51
1645,58,Female,ATL311 Call Center Representative II,EXE Executive Offices,51265.14,880,241,901
1646,24,Male,Solid Waste Operator I (D),DPW Department of Public Works,29900.0,139,88,255
1647,29,Male,Firefighter (E),AFR Atlanta Fire & Recuse,36854.6,2,460,663
1648,39,Male,Police Sergeant (E) (F) (O) (B) (S),APD Atlanta Police Department,53881.36,153,795,417
1649,44,Female,Police Officer (E) (F) (O) (B) (S),APD Atlanta Police Department,58281.18,681,448,982
1650,27,Male,Police Officer (E) (F) (O) (B) (S),APD Atlanta Police Department,39327.6,532,469,506
1651,55,Male,"Plant Maintenance Mechanic, Sr (D)",DWM Department of Watershed Management,46807.9,937,3,583
1652,54,Male,Server Engineer,DIT Department of Information Technology,75000.02,623,538,929
1653,26,Female,Watershed Plant Operator Class I (D),DWM Department of Watershed Management,41027.91,516,445,861
1654,33,Male,Police Officer (E) (F) (O) (B) (S),APD Atlanta Police Department,44259.49,262,597,449
1655,44,Male,Solid Waste Equipment Operator,DPW Department of Public Works,27100.01,350,890,664
1656,25,Female,Corrections Officer (E),COR Department of Corrections,36656.07,743,243,4
1657,45,Male,Police Officer (E) (F) (O) (B) (S),APD Atlanta Police Department,43618.02,802,569,979
1658,56,Female,Public Information Officer,EXE Executive Offices,62100.1,570,552,84
1659,37,Female,Police Officer (E) (F) (O) (B) (S),APD Atlanta Police Department,34726.37,607,74,628
1660,43,Male,Solid Waste Equipment Operator,DPW Department of Public Works,27100.01,187,428,704
1661,24,Female,Data/Reporting Analyst,"PRC Parks, Recreation, & Cultural Affairs",38300.02,103,782,247
1662,47,Female,"Office Support Assistant, Sr (D)",APD Atlanta Police Department,27641.74,116,923,622
1663,62,Male,Construction/Maintenance Worker II (D),DWM Department of Watershed Management,38295.02,122,515,95
1664,51,Male,Police Lieutenant (E) (F) (O) (B) (S),APD Atlanta Police Department,75950.06,304,521,418
1665,38,Female,Environmental Service Worker I (D),DPW Department of Public Works,25588.4,821,226,767
1666,34,Male,Watershed Plant Operator Class I (D),DWM Department of Watershed Management,52785.01,880,932,816
1667,51,Male,Project Manager,"PRC Parks, Recreation, & Cultural Affairs",68226.08,231,362,543
1668,44,Male,Fire Sergeant (E),AFR Atlanta Fire & Recuse,45855.71,710,725,306
1669,44,Male,Construction/Maintenance Worker (D),DWM Department of Watershed Management,31205.27,517,569,333
1670,42,Female,"Customer Service Representative, Sr (D)",APD Atlanta Police Department,31101.29,981,519,854
1671,31,Female,Police Officer (E) (F) (O) (B) (S),APD Atlanta Police Department,34726.37,158,426,551
1672,72,Male,"Data/Reporting Analyst, Sr","PRC Parks, Recreation, & Cultural Affairs",69512.87,914,610,554
1673,64,Male,"Plant Maintenance Mechanic, Sr (D)",DWM Department of Watershed Management,52339.73,724,12,527
1674,35,Male,Firefighter (E),AFR Atlanta Fire & Recuse,35785.83,828,219,297
1675,63,Female,Electrician Specialist,DWM Department of Watershed Management,50715.02,359,846,155
1676,51,Female,ATL311 Call Center Representative II,EXE Executive Offices,42500.0,499,330,474
1677,44,Male,Fire Captain (E),AFR Atlanta Fire & Recuse,52553.64,826,636,978
1678,28,Male,Firefighter (E),AFR Atlanta Fire & Recuse,41132.23,543,986,222
1679,54,Male,Police Captain (E),APD Atlanta Police Department,83453.01,462,306,940
1680,50,Male,Fire Lieutenant (E),AFR Atlanta Fire & Recuse,56540.17,655,343,708
1681,45,Male,Solid Waste Operator I (D),DPW Department of Public Works,32034.31,798,886,85
1682,54,Male,"Revenue Auditor, Sr",DOF Department of Finance,70000.01,136,845,623
1683,47,Male,Corrections Officer (E),COR Department of Corrections,36929.98,43,342,597
1684,26,Male,Corrections Officer (E),COR Department of Corrections,30081.0,233,717,87
1685,43,Male,Police Officer (E) (F) (O) (B) (S),APD Atlanta Police Department,47411.73,1,77,217
1686,35,Male,Firefighter (E),AFR Atlanta Fire & Recuse,35255.25,202,704,775
1687,65,Female,Executive Assistant to the Mayor,EXE Executive Offices,85031.02,195,646,528
1688,55,Male,Police Officer (E) (F) (O) (B) (S),APD Atlanta Police Department,50788.82,566,233,839
1689,37,Female,Communications Dispatcher (D),APD Atlanta Police Department,35780.61,415,795,468
1690,50,Female,Police Officer (E) (F) (O) (B) (S),APD Atlanta Police Department,61814.27,797,639,148
1691,67,Male,Watershed Plant Operator Class I (D),DWM Department of Watershed Management,55825.33,486,244,563
1692,39,Male,Police Officer (E) (F) (O) (B) (S),APD Atlanta Police Department,44259.49,893,889,998
1693,27,Male,Firefighter (E),AFR Atlanta Fire & Recuse,35255.25,403,450,764
1694,62,Male,Project Manager,CRB Administration,50900.1,763,108,525
1695,36,Male,Watershed Manager I,DWM Department of Watershed Management,70000.01,317,656,285
1696,63,Female,Code Enforcement Officer,APD Atlanta Police Department,41055.4,401,187,95
1697,45,Female,"Business Systems Analyst, Sr",DIT Department of Information Technology,58700.01,884,669,317
1698,26,Male,Facilities Maintenance Mechanic (D),DOA Department of Aviation,32034.31,696,744,999
1699,23,Male,Firefighter (E),AFR Atlanta Fire & Recuse,35255.25,85,785,243
1700,49,Male,Police Investigator (E) (F) (O),APD Atlanta Police Department,57010.51,707,655,481
1701,64,Female,Office Support Specialist (D),COR Department of Corrections,41523.64,950,872,752
1702,44,Male,Equipment Operator III (D),DPW Department of Public Works,41398.34,663,406,572
1703,50,Female,Corrections ID Technician (D),COR Department of Corrections,30534.45,908,301,217
1704,54,Female,Corrections Sergeant (E),COR Department of Corrections,51118.43,265,397,744
1705,42,Male,Fire Lieutenant (E),AFR Atlanta Fire & Recuse,49211.14,524,117,901
1706,65,Male,"Communications Electronics Technician, Sr (D)",APD Atlanta Police Department,47344.38,824,403,345
1707,31,Male,Vehicle/Equipment Mechanic II,DPW Department of Public Works,46498.11,416,195,83
1708,41,Female,Communications Dispatcher (D),APD Atlanta Police Department,34155.01,127,374,465
1709,23,Female,Police Officer (E) (F) (O) (B) (S),APD Atlanta Police Department,34726.37,148,914,294
1710,50,Female,Data/Reporting Analyst,DWM Department of Watershed Management,56393.24,851,618,971
1711,41,Male,"Construction Inspector, Sr",DWM Department of Watershed Management,48888.15,156,691,193
1712,49,Male,Fire Lieutenant (E),AFR Atlanta Fire & Recuse,60567.31,535,970,606
1713,51,Male,Fire Sergeant (E),AFR Atlanta Fire & Recuse,52620.31,346,357,178
1714,42,Male,Police Investigator (E) (F) (O),APD Atlanta Police Department,53219.71,839,38,902
1715,44,Male,Fire Lieutenant (E),AFR Atlanta Fire & Recuse,43566.99,383,494,440
1716,43,Female,"Communications Dispatcher Supervisor, Sr (D)",APD Atlanta Police Department,49535.1,883,835,943
1717,31,Male,Vehicle/Equipment Mechanic II,DPW Department of Public Works,39146.81,59,155,16
1718,51,Female,Corrections Officer (E),COR Department of Corrections,45746.9,814,826,705
1719,37,Male,Police Officer (E) (F) (O) (B) (S),APD Atlanta Police Department,40704.08,904,767,439
1720,37,Male,Fire Sergeant (E),AFR Atlanta Fire & Recuse,49121.57,704,944,704
1721,55,Male,Corrections Sergeant (E),COR Department of Corrections,46524.94,269,814,498
1722,32,Male,Corrections Officer (E),COR Department of Corrections,36703.26,149,238,108
1723,39,Female,Judicial Assistant,JDA Municipal Court Operations,51592.71,875,913,100
1724,47,Female,Airport Security Representative III (D),DOA Department of Aviation,65889.16,557,180,628
1725,54,Female,Desk Top Support Technician,DWM Department of Watershed Management,48934.91,753,342,402
1726,56,Male,Equipment Operator I (D),DPW Department of Public Works,36916.86,310,686,31
1727,25,Male,Corrections Officer (E),COR Department of Corrections,30081.0,636,696,46
1728,32,Female,Business Process Analyst,DIT Department of Information Technology,63100.0,313,995,437
1729,49,Male,Police Major,APD Atlanta Police Department,102877.01,803,302,372
1730,37,Male,Police Officer (E) (F) (O) (B) (S),APD Atlanta Police Department,43603.23,628,279,303
1731,37,Male,"Data/Reporting Analyst, Sr",EXE Executive Offices,51920.0,6,942,521
1732,30,Male,Airport Operations Representative II (D),DOA Department of Aviation,47300.03,849,979,647
1733,25,Male,Firefighter (E),AFR Atlanta Fire & Recuse,35255.25,215,548,750
1734,37,Male,Watershed Crew Supervisor (D),DWM Department of Watershed Management,47921.24,604,654,604
1735,62,Female,"Administrative Assistant, Sr","PRC Parks, Recreation, & Cultural Affairs",50471.97,657,823,863
1736,27,Male,Police Officer (E) (F) (O) (B) (S),APD Atlanta Police Department,42762.72,205,18,501
1737,45,Male,Business Manager I,DPW Department of Public Works,60069.19,96,408,728
1738,44,Female,Revenue Director,DOF Department of Finance,90600.02,847,358,656
1739,47,Male,Watershed Crew Supervisor (D),DWM Department of Watershed Management,46902.82,372,246,694
1740,49,Male,Installation Chief,DPW Department of Public Works,47300.01,334,494,801
1741,50,Male,Construction/Maintenance Worker (D),DPW Department of Public Works,28035.05,61,753,1
1742,41,Male,Environmental Service Worker II (D),DPW Department of Public Works,35668.45,562,25,160
1743,35,Male,Firefighter (E),AFR Atlanta Fire & Recuse,35785.83,529,341,414
1744,52,Female,Solid Waste Equipment Operator,DPW Department of Public Works,33589.92,586,473,38
1745,35,Female,Warrants Technician I (D),APD Atlanta Police Department,32499.01,612,545,626
1746,34,Male,"Communications Dispatcher, Sr (D)",DOA Department of Aviation,38000.02,769,710,330
1747,43,Female,"Programmer Analyst, Sr",DOA Department of Aviation,62023.71,845,878,236
1748,52,Male,"Investigator, Sr",PDA Public Defender Administration,59516.65,318,618,165
1749,30,Male,Police Officer (E) (F) (O) (B) (S),APD Atlanta Police Department,39919.57,841,318,739
1750,57,Male,Airport Security Representative II (D),DOA Department of Aviation,51239.76,364,12,853
1751,53,Female,"Field Engineer, Sr",DWM Department of Watershed Management,50000.02,850,515,919
1752,55,Male,Corrections Officer (E),COR Department of Corrections,51903.28,53,151,327
1753,34,Male,Solid Waste Route Supervisor (D),DPW Department of Public Works,41217.29,699,880,279
1754,41,Male,Watershed Crew Supervisor (D),DWM Department of Watershed Management,46807.9,746,368,435
1755,54,Male,Police Sergeant (E) (F) (O) (B) (S),APD Atlanta Police Department,65578.03,9,46,816
1756,24,Female,Police Officer (E) (F) (O) (B) (S),APD Atlanta Police Department,34726.37,858,611,303
1757,35,Male,Firefighter (E),AFR Atlanta Fire & Recuse,47200.19,116,138,53
1758,54,Female,Grant Services Manager,DOF Department of Finance,84300.01,773,61,77
1759,62,Male,Solid Waste Equipment Operator,DPW Department of Public Works,38762.67,733,416,440
1760,62,Male,"Airport Engineer, Sr",DOA Department of Aviation,88807.46,443,229,141
1761,52,Male,Watershed Operations Coordinator,DWM Department of Watershed Management,57757.86,684,385,488
1762,30,Male,Police Officer (E) (F) (O) (B) (S),APD Atlanta Police Department,39327.6,405,990,342
1763,50,Male,"Safety Analyst, Sr","PRC Parks, Recreation, & Cultural Affairs",44000.01,443,150,34
1764,40,Male,Construction/Maintenance Worker I (D),DWM Department of Watershed Management,32170.8,68,585,160
1765,28,Male,Police Officer (E) (F) (O) (B) (S),APD Atlanta Police Department,39919.57,167,994,312
1766,55,Female,Corrections Officer (E),COR Department of Corrections,35462.13,41,391,693
1767,56,Male,"Solicitor, Sr Assistant",SOL Solicitor Office,81677.25,728,519,359
1768,29,Female,Police Officer (E) (F) (O) (B) (S),APD Atlanta Police Department,42762.72,811,779,961
1769,51,Male,"Civil Engineer, Sr",DWM Department of Watershed Management,70000.01,59,292,320
1770,28,Female,Legal Program Assistant,SOL Solicitor Office,34700.02,112,393,746
1771,50,Female,Recreation Program Supervisor,"PRC Parks, Recreation, & Cultural Affairs",66000.02,601,404,759
1772,49,Male,Police Sergeant (E) (F) (O) (B) (S),APD Atlanta Police Department,65578.03,714,558,122
1773,45,Female,Code Enforcement Officer,APD Atlanta Police Department,41033.87,710,894,256
1774,62,Male,"Electrician, Sr (D)",DWM Department of Watershed Management,52288.93,907,763,249
1775,26,Male,Police Officer (E) (F) (O) (B) (S),APD Atlanta Police Department,39327.6,263,112,192
1776,34,Male,Vehicle/Equipment Mechanic II,DPW Department of Public Works,46498.11,480,198,105
1777,61,Male,Police Officer (E) (F) (O) (B) (S),APD Atlanta Police Department,49071.36,822,697,660
1778,56,Male,Watershed Plant Operator Supervisor (D),DWM Department of Watershed Management,60636.33,136,329,395
1779,45,Male,Athletics & Operations Director,"PRC Parks, Recreation, & Cultural Affairs",80000.0,49,887,997
1780,30,Female,Firefighter (E),AFR Atlanta Fire & Recuse,37955.36,355,86,317
1781,49,Male,Field Engineering Manager,DWM Department of Watershed Management,60042.15,80,20,151
1782,34,Male,Airport Planning Manager,DOA Department of Aviation,68000.0,360,495,70
1783,25,Female,Corrections Officer (E),COR Department of Corrections,30081.0,65,707,177
1784,39,Male,"Accountant, Sr",DOF Department of Finance,54600.0,570,327,509
1785,43,Male,"Customer Service Representative, Sr (D)",APD Atlanta Police Department,32055.84,466,732,983
1786,60,Male,Vehicle/Equipment Mechanic II,DPW Department of Public Works,46498.11,316,262,710
1787,50,Male,Records Analyst,DOF Department of Finance,34765.57,278,305,987
1788,26,Female,Police Officer (E) (F) (O) (B) (S),APD Atlanta Police Department,41316.7,220,691,672
1789,27,Male,Environmental Service Worker I (D),DPW Department of Public Works,26699.89,478,222,72
1790,50,Female,"Business Systems Analyst, Sr",DOF Department of Finance,70800.02,41,936,749
1791,40,Female,Watershed Commercial Accounts Representative,DWM Department of Watershed Management,34700.02,868,442,930
1792,29,Female,"Recreation Operations Assistant, Sr","PRC Parks, Recreation, & Cultural Affairs",30946.5,520,615,341
1793,56,Female,Police Deputy Chief,APD Atlanta Police Department,112320.0,650,432,256
1794,64,Female,Accounting Technical Specialist,DOF Department of Finance,40736.14,482,962,791
1795,41,Female,"Data/Reporting Analyst, Sr",JDA Municipal Court Operations,44985.2,85,535,67
1796,57,Male,"Facility Project Manager, Sr",DOA Department of Aviation,88284.29,762,890,288
1797,49,Male,Police Officer (E) (F) (O) (B) (S),APD Atlanta Police Department,47411.73,145,136,315
1798,21,Female,Intern,DWM Department of Watershed Management,33280.0,500,698,853
1799,34,Male,Police Officer (E) (F) (O) (B) (S),APD Atlanta Police Department,44259.49,197,158,135
1800,34,Male,"Water Service Representative, Sr",DWM Department of Watershed Management,46549.36,98,865,999
1801,24,Male,Construction/Maintenance Worker (D),DWM Department of Watershed Management,31153.49,72,9,889
1802,30,Female,Communications Dispatcher (D),APD Atlanta Police Department,34325.75,368,640,648
1803,29,Male,AWDA Security & Safety Officer,PCD Atlanta Workforce Development Agency,60000.01,945,222,68
1804,64,Male,Watershed Crew Supervisor (D),DWM Department of Watershed Management,46807.9,686,850,219
1805,44,Female,"Human Resources Representative, Sr",DHR Department of Human Reources,54863.54,320,305,468
1806,41,Male,Environmental Compliance Officer,DWM Department of Watershed Management,44207.53,562,279,195
1807,51,Male,Fire Sergeant (E),AFR Atlanta Fire & Recuse,44304.9,386,359,415
1808,34,Male,Police Officer (E) (F) (O) (B) (S),APD Atlanta Police Department,44259.49,827,25,203
1809,40,Male,Firefighter (E),AFR Atlanta Fire & Recuse,35255.25,697,395,871
1810,37,Female,"Solicitor, Sr Assistant",SOL Solicitor Office,77893.19,6,975,947
1811,54,Male,Construction Project Manager,EXE Executive Offices,72900.01,203,383,0
1812,28,Male,Firefighter (E),AFR Atlanta Fire & Recuse,36854.61,614,666,851
1813,40,Male,Police Officer (E) (F) (O) (B) (S),APD Atlanta Police Department,45808.67,206,325,446
1814,34,Male,Police Officer (E) (F) (O) (B) (S),APD Atlanta Police Department,45808.67,580,332,983
1815,64,Male,"Accountant, Sr",DWM Department of Watershed Management,53428.34,752,589,555
1816,46,Male,Police Sergeant (E) (F) (O) (B) (S),APD Atlanta Police Department,56863.25,758,923,855
1817,26,Male,Police Officer (E) (F) (O) (B) (S),APD Atlanta Police Department,39919.57,232,956,809
1818,50,Female,911 Operator (D),APD Atlanta Police Department,35780.61,231,915,799
1819,33,Female,Pretrial Release Officer (D),JDA Municipal Court Operations,29900.0,585,615,151
1820,47,Male,Airport Security Representative II (D),DOA Department of Aviation,56376.11,164,630,569
1821,28,Male,Vehicle/Equipment Mechanic III,DPW Department of Public Works,49400.0,364,139,478
1822,55,Female,"Customer Service Representative, Sr (D)",DWM Department of Watershed Management,50195.55,199,832,637
1823,36,Female,Customer Service Manager,EXE Executive Offices,56500.02,287,863,831
1824,46,Male,Fire Sergeant (E),AFR Atlanta Fire & Recuse,47460.52,977,593,333
1825,27,Female,"Administrative Assistant, Sr",EXE Executive Offices,40000.0,845,470,880
1826,54,Female,"Office Support Assistant, Sr (D)",APD Atlanta Police Department,37566.58,690,172,339
1827,43,Female,Police Officer (E) (F) (O) (B) (S),APD Atlanta Police Department,56310.38,698,521,653
1828,44,Female,"Financial Manager, Sr",DPW Department of Public Works,75266.42,5,262,810
1829,39,Male,Police Officer (E) (F) (O) (B) (S),APD Atlanta Police Department,44259.49,37,860,529
1830,31,Male,Corrections Officer (E),COR Department of Corrections,35457.01,906,861,910
1831,44,Male,"Process Control Technician, Sr (D)",DWM Department of Watershed Management,54276.18,869,399,743
1832,49,Female,"Customer Service Representative, Sr (D)",DWM Department of Watershed Management,41290.7,554,5,601
1833,56,Male,Corrections Officer (E),COR Department of Corrections,38400.34,780,572,836
1834,59,Female,Corrections Officer (E),COR Department of Corrections,47215.17,738,958,249
1835,60,Male,"Safety & Training Officer, Sr",DPW Department of Public Works,47317.52,802,188,472
1836,20,Male,Firefighter (E),AFR Atlanta Fire & Recuse,32132.8,283,191,963
1837,53,Female,Constituent Services Specialist,EXE Executive Offices,53000.0,181,783,514
1838,58,Female,Data Technician,DPW Department of Public Works,32454.05,178,177,496
1839,50,Female,"Administrative Assistant, Sr",APD Atlanta Police Department,42745.5,74,778,462
1840,55,Female,Office Support Specialist (D),COR Department of Corrections,41523.62,535,525,393
1841,56,Female,"Legal Secretary, Sr",LAW Law Department,41300.0,470,501,26
1842,39,Female,"Budget Analyst, Sr",DOA Department of Aviation,59875.36,418,528,22
1843,47,Female,Accountant,DOA Department of Aviation,45339.09,384,173,116
1844,51,Male,Corrections Lieutenant (E),COR Department of Corrections,51119.12,498,363,182
1845,55,Male,"Facility Project Manager, Sr",DOA Department of Aviation,87997.73,233,635,31
1846,50,Female,Police Investigator (E) (F) (O),APD Atlanta Police Department,62582.62,679,129,357
1847,31,Female,"Human Resources Assistant, Sr",DHR Department of Human Reources,42745.5,963,668,371
1848,26,Male,Police Officer (E) (F) (O) (B) (S),APD Atlanta Police Department,39919.57,532,247,523
1849,62,Male,Electrician Specialist,DOA Department of Aviation,57490.09,466,849,425
1850,48,Male,IT Project Manager,DIT Department of Information Technology,72900.01,929,308,573
1851,44,Male,Police Sergeant (E) (F) (O) (B) (S),APD Atlanta Police Department,53881.36,773,594,948
1852,51,Male,"IT Manager, Sr",DIT Department of Information Technology,80031.06,789,145,505
1853,45,Male,"Court Clerk, Lead (D)",JDA Municipal Court Operations,50448.5,609,320,178
1854,48,Female,Business Manager I,ETH Ethics Administration,67598.79,166,142,847
1855,29,Male,Police Officer (E) (F) (O) (B) (S),APD Atlanta Police Department,41316.7,243,840,919
1856,61,Female,Human Resources Director I,DHR Department of Human Reources,78400.0,490,550,70
1857,46,Male,Police Officer (E) (F) (O) (B) (S),APD Atlanta Police Department,48343.67,510,392,56
1858,56,Male,Police Officer (E) (F) (O) (B) (S),APD Atlanta Police Department,42762.72,546,536,914
1859,60,Male,"Airport Engineer, Sr",DOA Department of Aviation,101908.6,343,179,151
1860,35,Male,Firefighter (E),AFR Atlanta Fire & Recuse,37955.36,330,797,582
1861,46,Male,"Public Defender Assistant, Sr",PDA Public Defender Administration,84300.01,108,598,154
1862,45,Female,"Programmer Analyst, Lead",DWM Department of Watershed Management,89003.03,216,854,720
1863,30,Male,Watershed Plant Operator Class I (D),DWM Department of Watershed Management,54995.01,18,949,575
1864,31,Male,"Facility Project Manager, Sr",DOA Department of Aviation,68000.0,665,603,737
1865,32,Male,Payroll Specialist,DOF Department of Finance,42432.0,190,559,352
1866,38,Female,Video Integration Center Monitor,DWM Department of Watershed Management,44120.0,171,248,344
1867,36,Male,Fire Sergeant (E),AFR Atlanta Fire & Recuse,52620.31,914,575,21
1868,61,Male,Fire Captain (E),AFR Atlanta Fire & Recuse,60905.95,268,596,123
1869,19,Male,Firefighter (E),AFR Atlanta Fire & Recuse,32132.8,514,267,793
1870,48,Male,Police Sergeant (E) (F) (O) (B) (S),APD Atlanta Police Department,59739.26,324,430,52
1871,33,Male,Police Investigator (E) (F) (O),APD Atlanta Police Department,47289.49,374,136,65
1872,48,Male,Firefighter (E),AFR Atlanta Fire & Recuse,51323.06,726,1000,46
1873,26,Male,Firefighter (E),AFR Atlanta Fire & Recuse,35255.25,452,821,497
1874,41,Male,Police Sergeant (E) (F) (O) (B) (S),APD Atlanta Police Department,57719.17,114,289,247
1875,28,Female,Court Clerk (D),JDA Municipal Court Operations,28048.51,306,81,316
1876,42,Male,Fire Lieutenant (E),AFR Atlanta Fire & Recuse,45826.56,428,524,845
1877,50,Male,Corrections Officer (E),COR Department of Corrections,50133.41,252,699,544
1878,67,Male,Ground Transportation Manager,DOA Department of Aviation,67000.0,362,619,432
1879,38,Male,Fire Sergeant (E),AFR Atlanta Fire & Recuse,47460.52,381,221,404
1880,49,Male,HVAC Technician (D),DOA Department of Aviation,38812.51,960,179,63
1881,60,Male,"Facilities Maintenance Mechanic, Sr (D)",DOA Department of Aviation,41059.06,197,718,445
1882,28,Male,Police Officer (E) (F) (O) (B) (S),APD Atlanta Police Department,39919.57,828,469,285
1883,51,Male,Code Enforcement Officer,SOL Solicitor Office,49600.01,377,211,312
1884,42,Male,Fire Sergeant (E),AFR Atlanta Fire & Recuse,41686.43,721,31,907
1885,55,Female,Security Manager,DWM Department of Watershed Management,59786.48,473,993,914
1886,48,Male,Solid Waste Equipment Operator,DPW Department of Public Works,29034.38,448,455,688
1887,27,Male,Police Officer (E) (F) (O) (B) (S),APD Atlanta Police Department,39327.6,652,104,884
1888,27,Male,Police Officer (E) (F) (O) (B) (S),APD Atlanta Police Department,34726.37,988,227,796
1889,35,Male,Police Investigator (E) (F) (O),APD Atlanta Police Department,48001.2,908,216,7
1890,58,Male,Airport Engineering Manager,DOA Department of Aviation,120000.0,847,420,926
1891,54,Male,Parks Worker II (D),"PRC Parks, Recreation, & Cultural Affairs",30534.45,797,112,722
1892,44,Female,"City Attorney, Assistant Sr",LAW Law Department,96560.01,39,772,694
1893,48,Male,Police Investigator (E) (F) (O),APD Atlanta Police Department,59005.65,652,351,842
1894,37,Male,Watershed Crew Supervisor (D),DWM Department of Watershed Management,49508.09,337,330,476
1895,61,Male,"Customer Service Representative, Sr (D)",DPW Department of Public Works,32055.84,282,923,432
1896,55,Male,"Facility Project Manager, Sr",DOA Department of Aviation,80831.1,363,26,370
1897,48,Male,"Facilities Maintenance Mechanic, Sr (D)",DOA Department of Aviation,48812.37,324,580,583
1898,36,Male,Fire Sergeant (E),AFR Atlanta Fire & Recuse,45855.71,358,338,538
1899,31,Male,Assistant Attorney,SOL Solicitor Office,69553.64,992,279,696
1900,29,Male,Firefighter (E),AFR Atlanta Fire & Recuse,37955.36,554,916,469
1901,37,Male,Police Investigator (E) (F) (O),APD Atlanta Police Department,48001.2,815,619,97
1902,35,Female,Recreation Operations Assistant,"PRC Parks, Recreation, & Cultural Affairs",25800.01,940,314,79
1903,29,Male,Firefighter (E),AFR Atlanta Fire & Recuse,36308.21,538,363,95
1904,35,Male,Police Officer (E) (F) (O) (B) (S),APD Atlanta Police Department,44259.49,630,755,917
1905,44,Female,Storekeeper (D),DOA Department of Aviation,27641.74,241,371,321
1906,51,Female,Communications Dispatcher Supervisor (D),APD Atlanta Police Department,45743.34,45,944,704
1907,61,Male,Landfill Operator (D),DPW Department of Public Works,39103.89,929,843,963
1908,43,Male,Construction Inspector,DPW Department of Public Works,33000.01,740,108,516
1909,37,Male,Police Officer (E) (F) (O) (B) (S),APD Atlanta Police Department,39919.57,685,726,978
1910,24,Male,Solid Waste Equipment Operator,DPW Department of Public Works,27100.01,442,887,968
1911,46,Male,Vehicle/Equipment Mechanic II,DPW Department of Public Works,46498.11,395,921,203
1912,48,Male,Network Engineer,DIT Department of Information Technology,78400.0,905,398,121
1913,35,Female,Police Officer (E) (F) (O) (B) (S),APD Atlanta Police Department,41316.7,364,597,418
1914,49,Male,Police Officer (E) (F) (O) (B) (S),APD Atlanta Police Department,61814.27,398,604,985
1915,37,Male,Fire Sergeant (E),AFR Atlanta Fire & Recuse,42338.58,117,136,192
1916,52,Female,Environmental Service Worker I (D),DPW Department of Public Works,30908.61,224,196,596
1917,46,Male,Fire Sergeant (E),AFR Atlanta Fire & Recuse,56368.19,173,128,946
1918,52,Male,Fire Captain (E),AFR Atlanta Fire & Recuse,63037.71,316,975,868
1919,27,Male,Police Officer (E) (F) (O) (B) (S),APD Atlanta Police Department,34726.37,426,46,81
1920,41,Male,Environmental Service Worker I (D),DPW Department of Public Works,25922.3,991,494,806
1921,38,Male,Police Officer (E) (F) (O) (B) (S),APD Atlanta Police Department,44259.49,453,669,713
1922,28,Male,Firefighter (E),AFR Atlanta Fire & Recuse,35785.83,293,999,830
1923,48,Male,Police Officer (E) (F) (O) (B) (S),APD Atlanta Police Department,42143.09,475,234,551
1924,29,Female,Custodian (D),"PRC Parks, Recreation, & Cultural Affairs",24600.01,327,206,586
1925,22,Male,Engineering Technician,DWM Department of Watershed Management,33000.01,555,399,292
1926,41,Male,City Council Member,CCN City Council,60300.01,901,92,369
1927,28,Female,Corrections Officer (E),COR Department of Corrections,36655.01,550,385,630
1928,58,Male,"Programmer Analyst, Sr",PCD Atlanta Workforce Development Agency,57233.7,751,497,825
1929,52,Female,"Human Resources Director, Watershed Management",DHR Department of Human Reources,141405.95,390,366,307
1930,49,Female,Solid Waste Route Supervisor (D),DPW Department of Public Works,45716.97,924,824,326
1931,50,Male,Firefighter (E),AFR Atlanta Fire & Recuse,36308.18,534,512,479
1932,47,Male,Police Officer (E) (F) (O) (B) (S),APD Atlanta Police Department,49071.36,892,191,60
1933,29,Male,Police Officer (E) (F) (O) (B) (S),APD Atlanta Police Department,39919.57,748,894,293
1934,27,Male,Watershed Plant Operator Class I (D),DWM Department of Watershed Management,41027.91,79,286,77
1935,49,Female,Police Sergeant (E) (F) (O) (B) (S),APD Atlanta Police Department,57719.17,269,828,553
1936,41,Female,Executive Assistant,EXE Executive Offices,55076.01,738,223,759
1937,49,Male,Police Investigator (E) (F) (O),APD Atlanta Police Department,57010.51,486,99,98
1938,25,Female,Environmental Service Worker I (D),DPW Department of Public Works,24600.01,611,485,507
1939,36,Female,"Plans Review Specialist, Sr",PCD Planning & Community Development,62000.02,698,626,430
1940,33,Male,Police Sergeant (E) (F) (O) (B) (S),APD Atlanta Police Department,49553.03,604,482,373
1941,55,Male,Watershed Manager II,DWM Department of Watershed Management,90000.02,916,943,89
1942,44,Female,"Database Administrator, Sr",DWM Department of Watershed Management,89890.92,219,246,877
1943,58,Female,Customer Service Manager,DWM Department of Watershed Management,50250.1,54,854,60
1944,46,Male,Police Sergeant (E) (F) (O) (B) (S),APD Atlanta Police Department,61217.94,829,164,532
1945,64,Male,"Zoning Inspector, Sr",PCD Planning & Community Development,45655.08,397,879,834
1946,36,Female,Program Management Officer,EXE Executive Offices,80000.0,186,336,384
1947,43,Female,Art Programs Manager,DOA Department of Aviation,60928.48,420,599,676
1948,45,Female,Management Analyst,EXE Executive Offices,61250.18,953,760,713
1949,34,Male,Police Officer (E) (F) (O) (B) (S),APD Atlanta Police Department,39327.6,242,537,217
1950,39,Male,"Field Engineer, Sr",DWM Department of Watershed Management,55298.46,239,67,996
1951,36,Female,"Accountant, Sr",DOF Department of Finance,50000.08,199,732,851
1952,46,Female,Data Technician,DPW Department of Public Works,31127.18,683,223,23
1953,35,Male,Firefighter (E),AFR Atlanta Fire & Recuse,35785.83,400,626,675
1954,50,Female,Water Service Representative,DWM Department of Watershed Management,43637.79,91,64,973
1955,45,Female,Pretrial Release Officer (D),JDA Municipal Court Operations,31289.44,941,836,938
1956,25,Male,Firefighter (E),AFR Atlanta Fire & Recuse,35255.25,386,13,824
1957,27,Male,Legal Program Assistant,SOL Solicitor Office,40000.0,797,172,869
1958,51,Male,Police Sergeant (E) (F) (O) (B) (S),APD Atlanta Police Department,61217.94,339,899,866
1959,50,Male,Watershed Plant Operator Class I (D),DWM Department of Watershed Management,45779.72,438,523,822
1960,50,Male,Police Officer (E) (F) (O) (B) (S),APD Atlanta Police Department,58281.18,868,896,65
1961,69,Male,Innovation Project Officer,EXE Executive Offices,120000.0,536,731,274
1962,44,Female,Business Manager II,AFR Atlanta Fire & Recuse,80000.0,92,939,119
1963,61,Female,Custodian (D),DPW Department of Public Works,28601.67,450,670,124
1964,44,Male,Police Sergeant (E) (F) (O) (B) (S),APD Atlanta Police Department,55767.3,246,197,879
1965,32,Female,Environmental Service Worker I (D),DPW Department of Public Works,25588.4,193,221,644
1966,44,Female,Security Manager,DWM Department of Watershed Management,65003.45,62,578,52
1967,30,Female,Recreation Operations Assistant,"PRC Parks, Recreation, & Cultural Affairs",28035.05,467,274,154
1968,42,Female,Chemist,DWM Department of Watershed Management,44153.71,75,53,392
1969,47,Male,Police Officer (E) (F) (O) (B) (S),APD Atlanta Police Department,47411.73,591,846,664
1970,51,Male,Police Officer (E) (F) (O) (B) (S),APD Atlanta Police Department,47411.94,251,1000,460
1971,29,Male,"Management Analyst, Sr",PCD Planning & Community Development,67800.01,552,936,884
1972,43,Female,Programmer Analyst,DWM Department of Watershed Management,74876.78,477,133,71
1973,32,Female,Communications Dispatcher (D),APD Atlanta Police Department,35780.61,269,251,747
1974,66,Female,Executive Assistant,EXE Executive Offices,73400.02,863,354,957
1975,44,Male,"Construction/Maintenance Worker, Seasonal","PRC Parks, Recreation, & Cultural Affairs",21320.0,335,919,882
1976,49,Female,ATL311 Workforce Management Coordinator,EXE Executive Offices,59588.21,834,926,50
1977,36,Female,Data Technician,DWM Department of Watershed Management,34191.2,550,474,690
1978,30,Male,Police Officer (E) (F) (O) (B) (S),APD Atlanta Police Department,42762.72,663,823,453
1979,45,Male,Fire Captain (E),AFR Atlanta Fire & Recuse,67527.51,890,832,352
1980,57,Male,"Plant Maintenance Mechanic, Sr (D)",DWM Department of Watershed Management,49283.6,406,152,172
1981,48,Male,Data/Reporting Analyst,DPW Department of Public Works,53033.15,195,933,741
1982,25,Female,Water Service Representative,DWM Department of Watershed Management,34617.02,131,408,423
1983,50,Female,"City Council Assistant, Sr",CCN City Council,21008.0,825,700,667
1984,42,Male,ATL311 Call Center Representative I,EXE Executive Offices,35521.2,377,1,758
1985,55,Male,Parks Design Director,"PRC Parks, Recreation, & Cultural Affairs",90500.01,974,30,41
1986,43,Female,"Facilities Maintenance Mechanic, Sr (D)",DOA Department of Aviation,35261.42,722,420,26
1987,45,Male,Street Maintenance Supervisor,DPW Department of Public Works,37176.92,859,48,733
1988,54,Female,Program Management Officer,DPW Department of Public Works,124600.01,796,733,574
1989,60,Male,"Construction/Maintenance Worker, Sr",DWM Department of Watershed Management,44770.92,101,834,688
1990,47,Female,Data/Reporting Analyst,DWM Department of Watershed Management,43687.42,702,289,203
1991,31,Male,Vehicle/Equipment Mechanic III,DPW Department of Public Works,51147.93,348,298,512
1992,53,Male,Vehicle for Hire Enforcement Officer (D),APD Atlanta Police Department,41183.28,291,913,457
1993,53,Female,Data/Reporting Analyst,DPW Department of Public Works,45675.96,632,854,18
1994,51,Male,Construction Inspector,DPW Department of Public Works,35780.61,922,373,816
1995,33,Female,Intern,DWM Department of Watershed Management,33280.0,366,673,481
1996,32,Female,"Administrative Assistant, Sr",DOF Department of Finance,43294.42,16,5,710
1997,46,Male,Pollution Control Manager,DWM Department of Watershed Management,64757.2,987,458,994
1998,31,Male,Police Officer (E) (F) (O) (B) (S),APD Atlanta Police Department,42762.72,519,210,669
1999,27,Male,Police Officer (E) (F) (O) (B) (S),APD Atlanta Police Department,39919.57,540,626,549
2000,41,Female,Financial Analyst,DOA Department of Aviation,52000.0,740,925,523
2001,37,Male,Firefighter (E),AFR Atlanta Fire & Recuse,36854.61,125,522,781
2002,27,Male,Firefighter (E),AFR Atlanta Fire & Recuse,36489.72,9,376,835
2003,50,Male,Fire Lieutenant (E),AFR Atlanta Fire & Recuse,52582.36,405,121,624
2004,28,Male,Police Officer (E) (F) (O) (B) (S),APD Atlanta Police Department,34726.37,564,288,892
2005,48,Male,"Police Officer, Sr (E) (F) (O) (B) (S)",APD Atlanta Police Department,60466.22,371,85,508
2006,24,Female,Corrections Officer (E),COR Department of Corrections,30081.0,462,44,571
2007,40,Male,Firefighter (E),AFR Atlanta Fire & Recuse,35255.25,621,170,988
2008,22,Male,Corrections Officer (E),COR Department of Corrections,30081.0,192,477,867
2009,54,Male,Fire Lieutenant (E),AFR Atlanta Fire & Recuse,54628.05,166,808,911
2010,58,Male,Fire Captain (E),AFR Atlanta Fire & Recuse,65243.89,951,519,968
2011,26,Female,"Customer Service Representative, Sr (D)",APD Atlanta Police Department,29900.0,552,780,814
2012,43,Male,Police Sergeant (E) (F) (O) (B) (S),APD Atlanta Police Department,53881.36,657,765,402
2013,60,Female,Vehicle for Hire Enforcement Officer (D),APD Atlanta Police Department,38300.08,169,965,802
2014,44,Male,Police Officer (E) (F) (O) (B) (S),APD Atlanta Police Department,41316.7,622,243,157
2015,47,Male,Police Officer (E) (F) (O) (B) (S),APD Atlanta Police Department,49071.36,848,962,37
2016,39,Male,Firefighter (E),AFR Atlanta Fire & Recuse,44725.0,894,942,446
2017,40,Female,Recruiter,DHR Department of Human Reources,57200.0,853,483,109
2018,53,Male,Wastewater Collection Coordinator,DWM Department of Watershed Management,54418.24,944,870,361
2019,41,Male,Police Officer (E) (F) (O) (B) (S),APD Atlanta Police Department,47411.94,79,676,309
2020,58,Male,Environmental Service Worker I (D),DPW Department of Public Works,33969.89,413,746,942
2021,30,Male,Police Officer (E) (F) (O) (B) (S),APD Atlanta Police Department,42762.72,408,590,679
2022,53,Male,"Pollution Control Monitor, Sr",DWM Department of Watershed Management,48888.37,413,289,4
2023,25,Male,Firefighter (E),AFR Atlanta Fire & Recuse,37392.58,597,572,98
2024,45,Female,Environmental Compliance Manager,DOA Department of Aviation,86588.29,871,392,201
2025,41,Male,Fire Sergeant (E),AFR Atlanta Fire & Recuse,38641.27,421,561,293
2026,73,Female,"Customer Service Representative, Sr (D)",DWM Department of Watershed Management,41794.03,344,829,583
2027,29,Female,Corrections Officer (E),COR Department of Corrections,36839.09,0,834,153
2028,58,Female,"Data/Reporting Analyst, Sr",DOF Department of Finance,56564.77,338,186,859
2029,41,Male,Warehouse Manager,APD Atlanta Police Department,42231.05,422,336,983
2030,49,Male,Firefighter (E),AFR Atlanta Fire & Recuse,47910.51,408,637,399
2031,53,Female,Corrections ID Technician (D),COR Department of Corrections,40119.37,521,482,984
2032,20,Female,Summer Program Counselor,"PRC Parks, Recreation, & Cultural Affairs",20800.0,199,472,657
2033,47,Female,ATL 311 Call Center Supervisor,EXE Executive Offices,57285.8,155,542,3
2034,56,Female,"Human Resources Assistant, Sr",DHR Department of Human Reources,42496.27,77,602,755
2035,25,Male,Police Officer (E) (F) (O) (B) (S),APD Atlanta Police Department,34726.37,545,945,855
2036,31,Male,Police Officer (E) (F) (O) (B) (S),APD Atlanta Police Department,42762.72,768,428,458
2037,20,Female,"Office Support Assistant, Sr (D)",APD Atlanta Police Department,26703.01,94,789,833
2038,39,Male,Fire Captain (E),AFR Atlanta Fire & Recuse,62476.32,750,379,855
2039,64,Male,"Airport Engineer, Sr",DOA Department of Aviation,97999.99,218,576,193
2040,45,Male,Quality Services Specialist,APD Atlanta Police Department,47423.64,426,272,257
2041,28,Male,Police Officer (E) (F) (O) (B) (S),APD Atlanta Police Department,39919.57,140,349,602
2042,37,Male,Firefighter (E),AFR Atlanta Fire & Recuse,35785.83,28,275,609
2043,47,Male,Electrician Specialist,DOA Department of Aviation,52786.66,332,394,857
2044,29,Male,Fire Sergeant (E),AFR Atlanta Fire & Recuse,38641.27,480,95,841
2045,49,Male,Water Distribution Maintenance Supervisor,DWM Department of Watershed Management,61130.48,419,810,691
2046,25,Male,Police Officer (E) (F) (O) (B) (S),APD Atlanta Police Department,42128.72,534,979,508
2047,52,Female,Environmental Service Worker I (D),DPW Department of Public Works,25588.4,938,386,872
2048,36,Male,Project Manager,DWM Department of Watershed Management,67800.01,374,163,392
2049,50,Male,Watershed Plant Operator Class I (D),DWM Department of Watershed Management,46807.9,317,577,953
2050,58,Male,Police Officer (E) (F) (O) (B) (S),APD Atlanta Police Department,42762.72,763,756,190
2051,48,Male,Solid Waste Operator I (D),DPW Department of Public Works,38545.24,293,986,349
2052,52,Male,Vehicle/Equipment Mechanic III,DPW Department of Public Works,51147.93,487,237,494
2053,55,Male,Solid Waste Operator II (D),DPW Department of Public Works,40472.42,16,959,686
2054,52,Female,"Data/Reporting Analyst, Sr",DPW Department of Public Works,52803.92,481,5,338
2055,36,Female,"Customer Service Representative, Sr (D)",APD Atlanta Police Department,32055.84,270,40,195
2056,41,Male,Firefighter (E),AFR Atlanta Fire & Recuse,37955.36,749,434,860
2057,64,Female,"Chemist, Sr",DWM Department of Watershed Management,62403.64,135,815,289
2058,26,Male,Police Officer (E) (F) (O) (B) (S),APD Atlanta Police Department,39919.57,943,172,266
2059,56,Female,Data/Reporting Analyst,DOF Department of Finance,51854.71,994,723,674
2060,50,Male,"Construction/Maintenance Worker, Seasonal","PRC Parks, Recreation, & Cultural Affairs",21320.0,826,278,261
2061,63,Male,Watershed Inspector,DWM Department of Watershed Management,38486.9,154,931,551
2062,59,Male,Airport Assistant General Manager,DOA Department of Aviation,138844.83,967,566,920
2063,48,Male,Police Investigator (E) (F) (O),APD Atlanta Police Department,59005.65,733,448,672
2064,37,Male,Fire Sergeant (E),AFR Atlanta Fire & Recuse,41686.43,780,867,373
2065,49,Male,Police Investigator (E) (F) (O),APD Atlanta Police Department,64772.86,490,948,208
2066,44,Female,"Pretrial Release Officer, Sr (D)",JDA Municipal Court Operations,34211.41,322,516,754
2067,29,Male,Parks Worker I (D),"PRC Parks, Recreation, & Cultural Affairs",26700.1,621,65,9
2068,27,Female,Corrections Officer (E),COR Department of Corrections,36655.01,604,366,177
2069,38,Male,Firefighter (E),AFR Atlanta Fire & Recuse,35255.25,723,408,239
2070,46,Female,Police Officer (E) (F) (O) (B) (S),APD Atlanta Police Department,56310.38,950,175,144
2071,55,Female,Combination Inspector,PCD Planning & Community Development,55812.18,952,965,156
2072,39,Male,"Facilities Maintenance Mechanic, Sr (D)",DOA Department of Aviation,34155.01,438,502,620
2073,37,Male,Corrections Officer (E),COR Department of Corrections,30081.0,970,253,385
2074,28,Male,Performance & Operations Consultant,EXE Executive Offices,85000.01,413,861,763
2075,24,Male,Police Officer (E) (F) (O) (B) (S),APD Atlanta Police Department,39327.6,979,624,38
2076,41,Male,Fire Sergeant (E),AFR Atlanta Fire & Recuse,45175.69,68,266,957
2077,26,Male,Corrections Officer (E),COR Department of Corrections,30081.0,570,406,709
2078,51,Male,Police Officer (E) (F) (O) (B) (S),APD Atlanta Police Department,49071.36,199,70,731
2079,51,Female,Judge,JDA Municipal Court Operations,153000.64,96,169,40
2080,41,Male,"Wastewater Collection Operator, Sr (D)",DWM Department of Watershed Management,41296.52,282,859,78
2081,52,Male,Police Captain (E),APD Atlanta Police Department,83453.01,943,257,898
2082,49,Female,"Administrative Assistant, Sr",APD Atlanta Police Department,34155.01,383,980,949
2083,57,Male,Project Manager,DWM Department of Watershed Management,69800.02,666,142,345
2084,46,Female,Installation Chief,DPW Department of Public Works,50000.08,921,793,725
2085,32,Male,Police Officer (E) (F) (O) (B) (S),APD Atlanta Police Department,39919.57,912,74,858
2086,41,Male,Fire Captain (E),AFR Atlanta Fire & Recuse,55279.3,604,43,816
2087,27,Male,Intern,DWM Department of Watershed Management,33280.0,157,628,653
2088,42,Male,Fire Lieutenant (E),AFR Atlanta Fire & Recuse,51998.25,166,509,697
2089,45,Male,"Facilities Maintenance Mechanic, Sr (D)",EXE Executive Offices,42785.6,739,976,537
2090,37,Male,Fire Lieutenant (E),AFR Atlanta Fire & Recuse,56540.11,345,658,274
2091,58,Male,Firefighter (E),AFR Atlanta Fire & Recuse,41751.2,275,313,839
2092,41,Male,Plant Maintenance Mechanic (D),DWM Department of Watershed Management,44207.53,89,394,477
2093,34,Male,Firefighter (E),AFR Atlanta Fire & Recuse,32132.8,311,402,892
2094,62,Male,Solid Waste Operator I (D),DPW Department of Public Works,35982.55,325,445,669
2095,45,Male,"Communications Dispatcher, Sr (D)",APD Atlanta Police Department,37966.35,391,762,588
2096,43,Male,Watershed Crew Supervisor (D),DWM Department of Watershed Management,46807.9,981,737,856
2097,41,Male,Vehicle/Equipment Mechanic II,DPW Department of Public Works,38001.6,999,31,831
2098,33,Male,Police Officer (E) (F) (O) (B) (S),APD Atlanta Police Department,39919.57,802,882,600
2099,34,Male,Police Officer (E) (F) (O) (B) (S),APD Atlanta Police Department,39327.6,858,794,930
2100,41,Female,Accounting Technical Specialist,APD Atlanta Police Department,39105.4,462,349,239
2101,51,Male,"Construction Inspector, Sr",DWM Department of Watershed Management,48888.15,687,417,162
2102,49,Male,Forestry Crew Supervisor,"PRC Parks, Recreation, & Cultural Affairs",50997.67,109,161,31
2103,61,Male,Contracting Officer,DOP Department of Procurement,45875.86,864,306,491
2104,44,Male,Construction/Maintenance Worker (D),DWM Department of Watershed Management,31205.27,676,417,896
2105,30,Male,Police Officer (E) (F) (O) (B) (S),APD Atlanta Police Department,39919.57,73,909,932
2106,48,Male,"Customer Service Representative, Sr (D)",EXE Executive Offices,36206.87,682,30,239
2107,51,Female,Data Operations Technician (D),DIT Department of Information Technology,41600.0,320,593,947
2108,40,Male,Solid Waste Equipment Operator,DPW Department of Public Works,32563.04,473,60,725
2109,31,Male,Firefighter (E),AFR Atlanta Fire & Recuse,35785.83,128,294,155
2110,48,Male,Vehicle/Equipment Maintenance Supervisor,DPW Department of Public Works,60030.01,748,89,127
2111,36,Female,Streetcar Operator,DPW Department of Public Works,41600.0,953,564,276
2112,54,Female,Corrections Officer (E),COR Department of Corrections,35462.13,918,956,861
2113,46,Female,Court Clerk (D),JDA Municipal Court Operations,28048.51,678,484,345
2114,60,Female,Electrician Specialist,DOA Department of Aviation,56542.0,860,635,809
2115,36,Male,Police Officer (E) (F) (O) (B) (S),APD Atlanta Police Department,47411.73,480,148,604
2116,56,Male,"Fleet Services, Assistant Director",DPW Department of Public Works,85040.01,30,639,13
2117,51,Male,"Administrative Assistant, Sr",DWM Department of Watershed Management,38981.4,969,294,473
2118,56,Female,Contracts Compliance Specialist,EXE Executive Offices,50697.58,629,166,503
2119,45,Male,Fire Lieutenant (E),AFR Atlanta Fire & Recuse,47488.64,799,724,747
2120,50,Male,Fire Sergeant (E),AFR Atlanta Fire & Recuse,56368.19,349,330,901
2121,46,Male,Police Officer (E) (F) (O) (B) (S),APD Atlanta Police Department,63977.68,708,349,367
2122,56,Female,"Human Resources, Associate",DHR Department of Human Reources,45540.01,711,387,328
2123,26,Female,Police Officer (E) (F) (O) (B) (S),APD Atlanta Police Department,42762.72,520,951,807
2124,34,Female,Communications Dispatcher (D),APD Atlanta Police Department,34155.01,247,211,315
2125,39,Female,Communications Dispatcher Supervisor (D),DOA Department of Aviation,46565.06,891,32,361
2126,59,Male,Watershed Plant Operator Class I (D),DWM Department of Watershed Management,51054.02,12,657,842
2127,51,Male,Fire Captain (E),AFR Atlanta Fire & Recuse,58774.21,921,329,758
2128,57,Male,Solid Waste Operator II (D),DPW Department of Public Works,40472.42,918,828,968
2129,32,Male,Police Officer (E) (F) (O) (B) (S),APD Atlanta Police Department,44259.49,908,370,340
2130,56,Male,Airport Security Representative III (D),DOA Department of Aviation,64380.85,911,93,858
2131,34,Male,Police Investigator (E) (F) (O),APD Atlanta Police Department,47289.49,58,654,701
2132,59,Male,"Construction Inspector, Sr",DWM Department of Watershed Management,52522.51,278,101,470
2133,48,Female,"Management Analyst, Sr",PCD Planning & Community Development,61000.01,571,556,104
2134,44,Male,Watershed Inspector,DWM Department of Watershed Management,44131.32,578,94,27
2135,50,Male,Fire Assistant Chief (E),AFR Atlanta Fire & Recuse,88981.01,193,349,332
2136,46,Female,Code Enforcement Officer,APD Atlanta Police Department,39838.64,517,151,91
2137,35,Male,Police Officer (E) (F) (O) (B) (S),APD Atlanta Police Department,39919.57,238,260,453
2138,37,Male,Fire Captain (E),AFR Atlanta Fire & Recuse,58481.8,28,705,124
2139,55,Female,Management Analyst,DPW Department of Public Works,38300.08,286,431,222
2140,33,Female,Police Officer (E) (F) (O) (B) (S),APD Atlanta Police Department,44259.49,851,845,886
2141,40,Male,Police Investigator (E) (F) (O),APD Atlanta Police Department,53219.71,207,632,538
2142,26,Male,Police Officer (E) (F) (O) (B) (S),APD Atlanta Police Department,34726.37,404,77,394
2143,29,Female,City Council Assistant,CCN City Council,25084.82,112,723,314
2144,33,Female,Water Quality Control Specialist,DWM Department of Watershed Management,38685.82,814,187,695
2145,59,Male,Police Traffic Control Inspector (D),APD Atlanta Police Department,29436.74,587,77,324
2146,34,Male,"City Attorney, Assistant Sr",LAW Law Department,96560.05,520,43,23
2147,28,Male,Police Officer (E) (F) (O) (B) (S),APD Atlanta Police Department,39919.57,838,460,719
2148,31,Female,Program Management Officer,EXE Executive Offices,80000.0,763,186,940
2149,49,Female,Program Management Officer,COR Department of Corrections,74800.04,832,478,470
2150,64,Male,Aquatics Facility Assistant,"PRC Parks, Recreation, & Cultural Affairs",34462.24,619,785,787
2151,45,Male,"Plans Review Specialist, Sr",PCD Planning & Community Development,65999.98,934,394,747
2152,41,Male,"Management Analyst, Sr",CCN City Council,72500.0,84,375,527
2153,41,Male,Solid Waste Operator I (D),DPW Department of Public Works,29900.0,399,289,428
2154,35,Male,Police Officer (E) (F) (O) (B) (S),APD Atlanta Police Department,41316.7,758,354,252
2155,38,Female,Financial Manager,DOA Department of Aviation,72900.05,579,368,741
2156,54,Male,Police Officer (E) (F) (O) (B) (S),APD Atlanta Police Department,58281.18,680,240,12
2157,56,Female,Stores Supervisor (D),DIT Department of Information Technology,47382.05,484,389,425
2158,36,Female,Chemist,DWM Department of Watershed Management,48541.51,840,549,461
2159,44,Male,Police Lieutenant (E) (F) (O) (B) (S),APD Atlanta Police Department,75950.06,946,742,908
2160,52,Female,Career Advisor,PCD Atlanta Workforce Development Agency,35521.2,940,613,229
2161,39,Female,Administrative Assistant,DOP Department of Procurement,29900.0,270,847,670
2162,61,Female,"Administrative Assistant, Sr",EXE Executive Offices,42647.18,739,358,277
2163,55,Male,Watershed Plant Operator Class I (D),DWM Department of Watershed Management,57836.85,179,730,668
2164,63,Male,Vehicle/Equipment Mechanic III,DPW Department of Public Works,51148.39,936,896,994
2165,39,Male,Police Officer (E) (F) (O) (B) (S),APD Atlanta Police Department,42762.72,907,509,135
2166,43,Female,Paralegal,LAW Law Department,42632.01,33,202,556
2167,57,Male,Corrections Officer (E),COR Department of Corrections,51622.06,112,230,853
2168,32,Female,Police Officer (E) (F) (O) (B) (S),APD Atlanta Police Department,43603.23,782,791,305
2169,30,Male,Police Officer (E) (F) (O) (B) (S),APD Atlanta Police Department,42128.72,782,986,524
2170,28,Female,Corrections Officer (E),COR Department of Corrections,34258.02,368,564,76
2171,40,Male,Gardener,"PRC Parks, Recreation, & Cultural Affairs",29497.51,378,468,763
2172,31,Female,Corrections Officer (E),COR Department of Corrections,35462.13,701,560,173
2173,42,Male,Construction/Maintenance Worker (D),DWM Department of Watershed Management,32243.86,135,667,842
2174,34,Male,"Field Engineer, Sr",DPW Department of Public Works,63500.01,94,36,695
2175,54,Male,Police Officer (E) (F) (O) (B) (S),APD Atlanta Police Department,50788.82,57,965,501
2176,52,Male,Corrections Lieutenant (E),COR Department of Corrections,48431.01,290,386,100
2177,41,Male,Environmental Service Worker I (D),DPW Department of Public Works,26699.89,998,670,256
2178,50,Male,Watershed Crew Supervisor (D),DWM Department of Watershed Management,53520.24,801,570,188
2179,32,Male,Code Enforcement Officer,APD Atlanta Police Department,41033.87,769,217,930
2180,68,Male,City Council Assistant,CCN City Council,21008.0,385,243,520
2181,47,Male,"Accounting Manager, Sr",DOF Department of Finance,58249.82,240,535,384
2182,49,Male,Firefighter (E),AFR Atlanta Fire & Recuse,32132.8,485,638,506
2183,60,Male,"Management Analyst, Sr",DWM Department of Watershed Management,60300.03,602,975,144
2184,55,Male,Construction Project Manager,DPW Department of Public Works,71725.62,785,19,617
2185,53,Male,Real Estate Specialist,DOA Department of Aviation,63000.08,407,648,568
2186,41,Female,Permit Technician,PCD Planning & Community Development,41913.25,163,337,850
2187,50,Male,Solid Waste Operator II (D),DPW Department of Public Works,37781.42,977,996,666
2188,32,Male,Firefighter (E),AFR Atlanta Fire & Recuse,37955.36,925,434,347
2189,37,Female,Communications Dispatcher (D),APD Atlanta Police Department,34155.01,675,495,123
2190,31,Male,Police Investigator (E) (F) (O),APD Atlanta Police Department,47289.49,206,758,681
2191,43,Male,Fire Sergeant (E),AFR Atlanta Fire & Recuse,52620.31,880,905,93
2192,40,Male,Police Investigator (E) (F) (O),APD Atlanta Police Department,49681.22,737,560,750
2193,26,Male,Performance Auditor,AUD Audit Administration,67800.01,767,373,800
2194,42,Male,Fire Lieutenant (E),AFR Atlanta Fire & Recuse,48438.63,66,844,811
2195,34,Female,Management Analyst,DOA Department of Aviation,44500.04,152,640,593
2196,46,Female,Community Affairs Director,APD Atlanta Police Department,102877.01,860,802,167
2197,46,Male,Police Officer (E) (F) (O) (B) (S),APD Atlanta Police Department,48360.0,216,423,143
2198,44,Female,Police Officer (E) (F) (O) (B) (S),APD Atlanta Police Department,34726.37,92,613,217
2199,37,Male,Facilities Maintenance Mechanic (D),DOA Department of Aviation,30000.05,278,23,253
2200,44,Male,"Facilities Maintenance Mechanic, Sr (D)",DOA Department of Aviation,35355.65,429,489,680
2201,30,Female,Police Investigator (E) (F) (O),APD Atlanta Police Department,48001.2,346,238,49
2202,32,Male,Police Investigator (E) (F) (O),APD Atlanta Police Department,47289.49,50,377,965
2203,32,Male,Police Officer (E) (F) (O) (B) (S),APD Atlanta Police Department,39919.57,71,681,258
2204,36,Male,Data/Reporting Analyst,DWM Department of Watershed Management,43691.08,360,579,155
2205,59,Male,Watershed Plant Operator Class I (D),DWM Department of Watershed Management,56175.81,985,299,563
2206,24,Male,Environmental Service Worker I (D),DPW Department of Public Works,25461.01,84,846,784
2207,32,Male,Watershed Plant Operator Supervisor (D),DWM Department of Watershed Management,63239.09,682,654,178
2208,48,Male,Parks Worker II (D),"PRC Parks, Recreation, & Cultural Affairs",30534.45,233,842,267
2209,60,Male,Traffic Service Supervisor,DPW Department of Public Works,48906.66,729,397,581
2210,33,Male,Firefighter (E),AFR Atlanta Fire & Recuse,37955.36,997,276,770
2211,44,Male,Forensic Technician,APD Atlanta Police Department,37241.93,218,386,22
2212,48,Male,Fleet Manager,DPW Department of Public Works,63800.01,848,971,809
2213,48,Male,Fire Sergeant (E),AFR Atlanta Fire & Recuse,50841.03,678,907,462
2214,50,Male,Facilities Maintenance Crew Supervisor,DOA Department of Aviation,50934.82,567,418,58
2215,62,Male,"Building Inspector, Sr",PCD Planning & Community Development,48136.61,291,22,978
2216,52,Female,"Data/Reporting Analyst, Sr",PCD Planning & Community Development,50313.33,934,4,618
2217,48,Male,Fire Captain (E),AFR Atlanta Fire & Recuse,55279.3,583,708,36
2218,44,Male,Corrections Officer (E),COR Department of Corrections,36698.04,338,722,645
2219,40,Male,Solid Waste Operator II (D),DPW Department of Public Works,36503.95,266,949,94
2220,52,Female,Solid Waste Equipment Operator,DPW Department of Public Works,30467.07,715,785,872
2221,46,Male,Police Officer (E) (F) (O) (B) (S),APD Atlanta Police Department,39919.57,959,366,80
2222,53,Female,"Programmer Analyst, Sr",DIT Department of Information Technology,67020.64,514,501,597
2223,55,Female,"Legal Program Assistant, Sr",SOL Solicitor Office,50003.2,211,182,192
2224,49,Male,Environmental Service Worker I (D),DPW Department of Public Works,24600.01,447,855,379
2225,46,Male,Firefighter (E),AFR Atlanta Fire & Recuse,35255.25,678,825,30
2226,51,Male,Recreation Program Supervisor,"PRC Parks, Recreation, & Cultural Affairs",61410.38,684,572,896
2227,55,Male,Corrections Officer (E),COR Department of Corrections,51622.06,747,713,613
2228,56,Male,"Code Enforcement Officer, Sr",APD Atlanta Police Department,45137.25,342,553,969
2229,30,Female,Police Officer (E) (F) (O) (B) (S),APD Atlanta Police Department,39327.6,823,959,28
2230,27,Female,"City Council Assistant, Sr",CCN City Council,36000.02,250,571,236
2231,66,Male,Airport Concessions Director,DOA Department of Aviation,109000.01,227,543,929
2232,31,Male,Airport Operations Representative II (D),DOA Department of Aviation,51239.76,41,313,357
2233,51,Male,Police Officer (E) (F) (O) (B) (S),APD Atlanta Police Department,39919.57,4,750,69
2234,51,Male,Police Sergeant (E) (F) (O) (B) (S),APD Atlanta Police Department,67873.31,725,879,95
2235,24,Female,"Administrative Assistant, Sr",EXE Executive Offices,34999.99,401,937,345
2236,37,Female,Communications Dispatcher (D),APD Atlanta Police Department,35780.61,591,222,829
2237,45,Male,"Ground Transportation Operations Assistant, Sr",DOA Department of Aviation,37198.45,326,278,129
2238,51,Female,Construction/Maintenance Worker (D),DWM Department of Watershed Management,31205.27,331,554,896
2239,38,Female,Communications Dispatcher (D),APD Atlanta Police Department,35780.61,609,408,813
2240,35,Male,Parks Worker II (D),"PRC Parks, Recreation, & Cultural Affairs",30534.45,1000,205,814
2241,25,Male,Police Officer (E) (F) (O) (B) (S),APD Atlanta Police Department,39919.57,61,635,254
2242,45,Male,Fire Sergeant (E),AFR Atlanta Fire & Recuse,41686.42,127,880,488
2243,42,Male,Parks Worker II (D),"PRC Parks, Recreation, & Cultural Affairs",29497.51,994,992,315
2244,45,Male,Police Investigator (E) (F) (O),APD Atlanta Police Department,55082.56,580,73,419
2245,31,Male,Police Officer (E) (F) (O) (B) (S),APD Atlanta Police Department,39327.6,60,620,550
2246,37,Male,Journeyperson,DWM Department of Watershed Management,42770.32,34,985,625
2247,43,Male,Fire Sergeant (E),AFR Atlanta Fire & Recuse,49121.57,841,790,720
2248,52,Female,Fire Command Technician (E),AFR Atlanta Fire & Recuse,56368.19,401,352,779
2249,23,Male,Police Officer (E) (F) (O) (B) (S),APD Atlanta Police Department,34726.37,387,532,177
2250,41,Male,Corrections Lieutenant (E),COR Department of Corrections,48431.55,8,398,729
2251,42,Male,Solid Waste Operator I (D),DPW Department of Public Works,35982.55,785,712,566
2252,50,Male,Program Management Officer,DPW Department of Public Works,101000.0,182,945,153
2253,43,Male,Fire Sergeant (E),AFR Atlanta Fire & Recuse,54462.14,702,574,644
2254,28,Female,ATL311 Call Center Representative II,EXE Executive Offices,41995.2,51,675,151
2255,27,Male,Police Officer (E) (F) (O) (B) (S),APD Atlanta Police Department,39919.57,745,831,318
2256,42,Male,Police Officer (E) (F) (O) (B) (S),APD Atlanta Police Department,45144.53,500,543,449
2257,46,Female,Police Investigator (E) (F) (O),APD Atlanta Police Department,46377.97,220,921,784
2258,67,Male,Permit Technician,PCD Planning & Community Development,41205.01,212,989,593
2259,35,Male,Police Investigator (E) (F) (O),APD Atlanta Police Department,47289.49,37,23,506
2260,46,Male,"Facilities Maintenance Mechanic, Sr (D)",DOA Department of Aviation,35780.61,847,528,80
2261,50,Male,Solid Waste Equipment Operator,DPW Department of Public Works,37452.05,178,677,10
2262,53,Male,Equipment Operator I (D),DPW Department of Public Works,30372.35,334,723,68
2263,36,Male,Police Officer (E) (F) (O) (B) (S),APD Atlanta Police Department,44259.49,490,650,614
2264,20,Male,Office Support Assistant (D),DHR Department of Human Reources,24600.01,807,382,218
2265,37,Male,Firefighter (E),AFR Atlanta Fire & Recuse,36854.61,645,554,991
2266,48,Male,Fire Lieutenant (E),AFR Atlanta Fire & Recuse,52780.71,962,813,775
2267,42,Male,Construction/Maintenance Worker (D),DWM Department of Watershed Management,31153.51,152,145,444
2268,54,Female,Revenue Chief,DOA Department of Aviation,105501.12,613,614,985
2269,33,Male,Traffic Service Technician,DPW Department of Public Works,28035.05,889,411,829
2270,44,Female,Police Officer (E) (F) (O) (B) (S),APD Atlanta Police Department,47411.73,989,573,357
2271,37,Male,Police Sergeant (E) (F) (O) (B) (S),APD Atlanta Police Department,50298.77,800,888,469
2272,35,Male,IT Project Manager,APD Atlanta Police Department,72900.01,661,241,894
2273,34,Male,Police Officer (E) (F) (O) (B) (S),APD Atlanta Police Department,39919.57,772,661,413
2274,55,Male,"Facilities Maintenance Mechanic, Sr (D)",EXE Executive Offices,42735.88,814,918,838
2275,31,Male,Desk Top Support Technician,DIT Department of Information Technology,53110.2,703,334,608
2276,40,Male,Facilities Maintenance Mechanic (D),DOA Department of Aviation,32055.84,211,456,426
2277,54,Male,Fire Battalion Chief (E),AFR Atlanta Fire & Recuse,84211.51,588,392,412
2278,48,Female,Police Sergeant (E) (F) (O) (B) (S),APD Atlanta Police Department,61217.94,22,997,944
2279,51,Male,Construction/Maintenance Worker (D),DPW Department of Public Works,35158.88,603,464,186
2280,44,Male,"Pretrial Release Officer, Sr (D)",JDA Municipal Court Operations,39872.65,440,707,377
2281,31,Female,Police Officer (E) (F) (O) (B) (S),APD Atlanta Police Department,42762.72,63,137,504
2282,31,Male,Police Officer (E) (F) (O) (B) (S),APD Atlanta Police Department,41316.7,935,940,522
2283,36,Female,Contracts Compliance Specialist,EXE Executive Offices,51750.08,755,435,391
2284,29,Female,Communications Dispatcher (D),APD Atlanta Police Department,34155.01,957,254,659
2285,53,Male,Fire Lieutenant (E),AFR Atlanta Fire & Recuse,64238.72,289,764,560
2286,49,Female,Corrections ID Technician (D),COR Department of Corrections,36185.34,114,32,982
2287,25,Female,Police Officer (E) (F) (O) (B) (S),APD Atlanta Police Department,34726.37,840,638,884
2288,45,Female,Crime Scene Supervisor (D),APD Atlanta Police Department,48697.08,533,647,690
2289,47,Male,Police Investigator (E) (F) (O),APD Atlanta Police Department,61675.54,63,96,544
2290,35,Female,"Employee Relations Specialist, Sr",DHR Department of Human Reources,58700.01,869,557,741
2291,49,Male,Police Reports Supervisor,APD Atlanta Police Department,40600.04,493,764,604
2292,36,Male,Pollution Control Monitor,DWM Department of Watershed Management,42647.18,417,827,823
2293,55,Male,Corrections Officer (E),COR Department of Corrections,36929.98,104,774,587
2294,43,Female,Police Officer (E) (F) (O) (B) (S),APD Atlanta Police Department,52566.18,735,339,363
2295,29,Female,Administrative Assistant,CCN City Council,36597.6,36,7,115
2296,55,Male,"Facilities Maintenance Mechanic, Sr (D)",DOA Department of Aviation,40073.51,313,726,233
2297,32,Female,"City Attorney, Assistant Sr",LAW Law Department,80000.0,875,599,461
2298,41,Male,"Solicitor, Sr Assistant",SOL Solicitor Office,75766.02,243,268,429
2299,48,Male,Police Lieutenant (E) (F) (O) (B) (S),APD Atlanta Police Department,66528.59,731,148,403
2300,26,Male,Environmental Service Worker I (D),DPW Department of Public Works,25461.01,777,512,11
2301,30,Female,Vehicle for Hire Enforcement Officer (D),APD Atlanta Police Department,38300.08,438,397,944
2302,73,Male,Data Operations Technician (D),DIT Department of Information Technology,35698.57,372,652,672
2303,60,Male,"Facilities Maintenance Mechanic, Sr (D)",DOA Department of Aviation,43195.29,203,227,521
2304,53,Male,Police Lieutenant (E) (F) (O) (B) (S),APD Atlanta Police Department,66528.57,147,334,552
2305,57,Female,Solid Waste Route Supervisor (SWEET),DPW Department of Public Works,39640.52,60,609,974
2306,25,Female,Police Officer (E) (F) (O) (B) (S),APD Atlanta Police Department,34726.37,289,383,325
2307,28,Male,Firefighter (E),AFR Atlanta Fire & Recuse,35785.83,145,0,698
2308,26,Male,Police Officer (E) (F) (O) (B) (S),APD Atlanta Police Department,40717.87,468,546,591
2309,45,Male,Police Officer (E) (F) (O) (B) (S),APD Atlanta Police Department,44259.49,882,312,609
2310,31,Male,Police Officer (E) (F) (O) (B) (S),APD Atlanta Police Department,39919.57,166,667,370
2311,44,Male,Police Investigator (E) (F) (O),APD Atlanta Police Department,48001.2,356,605,725
2312,62,Female,Graphic Arts Specialist,DPW Department of Public Works,37777.5,670,946,234
2313,32,Male,Police Officer (E) (F) (O) (B) (S),APD Atlanta Police Department,40704.08,889,306,179
2314,46,Male,Watershed Plant Operator Supervisor (D),DWM Department of Watershed Management,56079.09,489,402,980
2315,33,Male,Police Officer (E) (F) (O) (B) (S),APD Atlanta Police Department,39919.57,306,237,474
2316,47,Male,Fire Sergeant (E),AFR Atlanta Fire & Recuse,56368.19,268,831,558
2317,48,Male,Fire Captain (E),AFR Atlanta Fire & Recuse,55279.3,663,884,485
2318,29,Male,Firefighter (E),AFR Atlanta Fire & Recuse,35785.83,589,942,366
2319,53,Male,"Facilities Maintenance Mechanic, Sr (D)",DOA Department of Aviation,34155.01,378,320,369
2320,56,Male,Solid Waste Operator I (D),DPW Department of Public Works,33924.25,924,347,440
2321,33,Female,Marketing & Promotions Manager,DOA Department of Aviation,70000.01,560,458,267
2322,49,Female,Management Analyst,DOF Department of Finance,41400.0,455,538,846
2323,49,Female,AWDA Deputy Executive Director,PCD Atlanta Workforce Development Agency,71500.0,123,912,105
2324,52,Female,Solid Waste Equipment Operator,DPW Department of Public Works,30467.07,119,194,301
2325,58,Male,Police Officer (E) (F) (O) (B) (S),APD Atlanta Police Department,58281.18,166,165,546
2326,44,Male,Program Management Officer,DPW Department of Public Works,124000.01,917,599,537
2327,65,Male,Solid Waste Operator I (D),DPW Department of Public Works,34882.25,87,948,448
2328,55,Female,"Administrative Assistant, Sr",DWM Department of Watershed Management,44505.05,437,452,870
2329,48,Male,Storekeeper (D),DOA Department of Aviation,34482.69,859,609,707
2330,31,Male,Vehicle/Equipment Mechanic II,DPW Department of Public Works,39505.96,220,59,756
2331,33,Male,Police Officer (E) (F) (O) (B) (S),APD Atlanta Police Department,34726.37,248,639,967
2332,38,Male,Data/Reporting Analyst,DPW Department of Public Works,39640.52,547,316,981
2333,52,Male,Vehicle/Equipment Mechanic III,DPW Department of Public Works,52440.92,657,131,94
2334,50,Female,"Police Officer, Sr (E) (F) (O) (B) (S)",APD Atlanta Police Department,62582.62,520,909,454
2335,66,Male,"Investigator, Sr",DWM Department of Watershed Management,51488.69,868,463,494
2336,38,Male,Police Officer (E) (F) (O) (B) (S),APD Atlanta Police Department,45144.67,558,680,813
2337,36,Female,Police Officer (E) (F) (O) (B) (S),APD Atlanta Police Department,45808.67,278,333,410
2338,59,Female,Watershed Manager I,DWM Department of Watershed Management,58094.0,166,44,665
2339,46,Male,Police Lieutenant (E) (F) (O) (B) (S),APD Atlanta Police Department,75950.06,608,335,519
2340,34,Male,Police Sergeant (E) (F) (O) (B) (S),APD Atlanta Police Department,50298.77,974,163,539
2341,37,Female,Recruiter,DHR Department of Human Reources,58060.75,659,697,59
2342,40,Female,Budget Analyst,DOA Department of Aviation,44971.2,380,607,302
2343,29,Male,Police Investigator (E) (F) (O),APD Atlanta Police Department,44809.65,318,46,184
2344,31,Male,Firefighter (E),AFR Atlanta Fire & Recuse,35785.83,924,988,505
2345,49,Female,"Administrative Assistant, Sr",DWM Department of Watershed Management,32055.84,676,360,822
2346,36,Female,Police Officer (E) (F) (O) (B) (S),APD Atlanta Police Department,44259.49,662,352,141
2347,58,Male,Construction/Maintenance Worker (D),DWM Department of Watershed Management,32170.8,143,58,585
2348,45,Male,Police Officer (E) (F) (O) (B) (S),APD Atlanta Police Department,52566.18,22,456,151
2349,53,Male,Fire Captain (E),AFR Atlanta Fire & Recuse,69891.06,647,331,507
2350,23,Male,Communications Dispatcher (D),APD Atlanta Police Department,34325.75,527,739,865
2351,26,Male,"City Council Assistant, Sr",CCN City Council,40000.0,26,889,675
2352,47,Male,"Police Officer, Sr (E) (F) (O) (B) (S)",APD Atlanta Police Department,62582.62,480,516,972
2353,56,Female,Administrative Assistant,DHR Department of Human Reources,45889.3,26,750,976
2354,33,Female,Program Management Director,DIT Department of Information Technology,109000.01,584,734,115
2355,47,Male,Fire Lieutenant (E),AFR Atlanta Fire & Recuse,46784.62,226,169,439
2356,29,Male,Firefighter (E),AFR Atlanta Fire & Recuse,37955.36,208,538,113
2357,38,Male,Fire Sergeant (E),AFR Atlanta Fire & Recuse,39836.38,111,285,367
2358,30,Female,Police Officer (E) (F) (O) (B) (S),APD Atlanta Police Department,34726.37,160,488,321
2359,47,Male,Recreation Operations Assistant,"PRC Parks, Recreation, & Cultural Affairs",28035.05,85,609,304
2360,37,Female,Storekeeper (D),DOA Department of Aviation,31050.01,291,468,347
2361,53,Male,Fire Captain (E),AFR Atlanta Fire & Recuse,67527.51,548,994,981
2362,35,Male,"Investigator, Sr",CRB Administration,49679.99,477,790,177
2363,39,Male,Data/Reporting Analyst,DWM Department of Watershed Management,46575.01,348,493,486
2364,49,Male,Warehouse Manager,DWM Department of Watershed Management,46807.9,868,342,761
2365,25,Male,"Administrative Assistant, Sr",EXE Executive Offices,40903.2,739,273,154
2366,48,Female,Crime Scene Supervisor (D),APD Atlanta Police Department,43108.18,852,41,854
2367,28,Male,Communications Dispatcher (D),APD Atlanta Police Department,34155.01,95,968,106
2368,35,Male,"Data/Reporting Analyst, Sr","PRC Parks, Recreation, & Cultural Affairs",50463.44,699,791,545
2369,50,Male,Police Officer (E) (F) (O) (B) (S),APD Atlanta Police Department,58281.18,793,119,725
2370,31,Male,Police Officer (E) (F) (O) (B) (S),APD Atlanta Police Department,39919.57,136,344,483
2371,31,Male,Vehicle/Equipment Mechanic II,DPW Department of Public Works,46498.11,555,916,625
2372,38,Male,Water Complex Superintendent,DWM Department of Watershed Management,77000.02,298,958,747
2373,41,Male,Facilities Maintenance Mechanic (D),DOA Department of Aviation,31861.44,192,804,688
2374,46,Male,Police Sergeant (E) (F) (O) (B) (S),APD Atlanta Police Department,59739.26,961,511,780
2375,43,Male,Water Utility Development Director,DWM Department of Watershed Management,99000.01,508,794,588
2376,49,Male,Police Officer (E) (F) (O) (B) (S),APD Atlanta Police Department,52566.18,511,261,862
2377,26,Male,Intern,DWM Department of Watershed Management,33280.0,829,390,815
2378,54,Female,"Data/Reporting Analyst, Sr",DWM Department of Watershed Management,47017.26,590,747,834
2379,48,Male,Police Investigator (E) (F) (O),APD Atlanta Police Department,59005.65,565,926,141
2380,58,Male,Solid Waste Equipment Operator,DPW Department of Public Works,34765.57,216,451,309
2381,52,Female,Police Investigator (E) (F) (O),APD Atlanta Police Department,67040.06,116,457,871
2382,27,Male,Police Officer (E) (F) (O) (B) (S),APD Atlanta Police Department,42762.72,989,155,76
2383,26,Male,Police Officer (E) (F) (O) (B) (S),APD Atlanta Police Department,39327.6,131,524,944
2384,39,Female,Corrections Officer (E),COR Department of Corrections,36703.47,909,810,805
2385,49,Female,Pollution Control Monitor Supervisor,DWM Department of Watershed Management,52762.53,302,154,924
2386,50,Female,Police Investigator (E) (F) (O),APD Atlanta Police Department,55082.56,739,870,760
2387,66,Male,Watershed Plant Operator Class I (D),DWM Department of Watershed Management,50667.44,302,368,924
2388,49,Female,Communications Dispatcher (D),APD Atlanta Police Department,34155.01,948,575,687
2389,61,Male,Watershed Crew Supervisor (D),DWM Department of Watershed Management,46807.9,24,432,503
2390,37,Male,Police Lieutenant (E) (F) (O) (B) (S),APD Atlanta Police Department,75950.01,832,682,731
2391,42,Male,Police Officer (E) (F) (O) (B) (S),APD Atlanta Police Department,56310.38,124,443,488
2392,52,Male,Accounting Technical Specialist,DOF Department of Finance,39105.4,586,927,556
2393,24,Female,ATL311 Call Center Representative I,EXE Executive Offices,34320.0,352,955,464
2394,28,Male,Gardener,"PRC Parks, Recreation, & Cultural Affairs",28500.01,384,776,675
2395,24,Male,ERP Analyst,DOP Department of Procurement,41000.0,822,820,353
2396,50,Male,"Police Officer, Sr (E) (F) (O) (B) (S)",APD Atlanta Police Department,62582.62,654,294,935
2397,49,Female,Procurement Officer,DWM Department of Watershed Management,64000.02,613,991,382
2398,25,Male,Police Officer (E) (F) (O) (B) (S),APD Atlanta Police Department,42128.72,648,44,373
2399,24,Male,Facilities Maintenance Mechanic (D),DOA Department of Aviation,32034.31,759,358,606
2400,39,Male,Police Officer (E) (F) (O) (B) (S),APD Atlanta Police Department,45808.67,353,44,213
2401,57,Male,Corrections Lieutenant (E),COR Department of Corrections,60974.78,132,986,637
2402,55,Female,Corrections Captain (E),COR Department of Corrections,67866.03,791,127,198
2403,28,Female,Corrections ID Technician (D),COR Department of Corrections,32141.93,975,87,587
2404,67,Male,Solid Waste Route Supervisor (D),DPW Department of Public Works,48954.03,901,160,149
2405,65,Male,Police Reports Technician (D),APD Atlanta Police Department,36185.34,982,320,923
2406,28,Male,Police Officer (E) (F) (O) (B) (S),APD Atlanta Police Department,39919.57,554,822,71
2407,41,Male,Assistant Attorney,PDA Public Defender Administration,63200.01,303,520,273
2408,45,Male,Pollution Control Monitor,DWM Department of Watershed Management,43426.71,595,440,749
2409,30,Male,Police Officer (E) (F) (O) (B) (S),APD Atlanta Police Department,42762.72,289,612,419
2410,40,Male,Police Sergeant (E) (F) (O) (B) (S),APD Atlanta Police Department,53082.45,963,49,258
2411,39,Male,Electrician Specialist,DOA Department of Aviation,53820.0,284,67,312
2412,54,Male,Police Officer (E) (F) (O) (B) (S),APD Atlanta Police Department,58281.18,640,970,310
2413,48,Male,Combination Inspector,PCD Planning & Community Development,53670.03,812,573,671
2414,42,Male,Fire Lieutenant (E),AFR Atlanta Fire & Recuse,51998.25,95,545,364
2415,59,Female,Warrants Technician I (D),APD Atlanta Police Department,32542.05,237,581,16
2416,28,Female,"City Council Assistant, Sr",CCN City Council,37556.48,567,342,623
2417,29,Female,Community Affairs Coordinator,"PRC Parks, Recreation, & Cultural Affairs",41000.0,489,922,646
2418,35,Female,Police Officer (E) (F) (O) (B) (S),APD Atlanta Police Department,42762.72,645,879,425
2419,48,Female,"Accounting Technician, Sr",DPW Department of Public Works,43637.79,768,867,960
2420,37,Male,Airport Operations Representative II (D),DOA Department of Aviation,51259.94,930,411,235
2421,56,Female,Executive Assistant,DPW Department of Public Works,54000.0,966,78,324
2422,24,Male,Police Officer (E) (F) (O) (B) (S),APD Atlanta Police Department,37199.74,395,391,715
2423,57,Male,Solid Waste Operator I (D),DPW Department of Public Works,34765.57,989,631,337
2424,26,Male,Environmental Service Worker I (D),DPW Department of Public Works,25588.4,955,129,505
2425,27,Female,"Office Support Assistant, Sr (D)",COR Department of Corrections,26703.01,286,22,317
2426,63,Male,"Public Defender Assistant, Sr",PDA Public Defender Administration,74252.01,945,630,893
2427,48,Female,Corrections ID Technician (D),COR Department of Corrections,29497.67,816,949,927
2428,26,Male,Police Officer (E) (F) (O) (B) (S),APD Atlanta Police Department,34726.37,804,164,585
2429,44,Male,Police Sergeant (E) (F) (O) (B) (S),APD Atlanta Police Department,61217.94,500,178,680
2430,31,Male,Video Integration Monitor PT,APD Atlanta Police Department,40600.04,269,906,616
2431,50,Male,Fire Lieutenant (E),AFR Atlanta Fire & Recuse,64238.78,496,735,467
2432,38,Female,Public Information Officer,APD Atlanta Police Department,58926.01,591,176,503
2433,44,Female,Court Support Specialist I (D),JDA Municipal Court Operations,30848.5,965,836,836
2434,56,Male,Construction/Maintenance Worker (D),DWM Department of Watershed Management,31205.27,433,156,378
2435,27,Female,HRIS Specialist,DHR Department of Human Reources,41000.04,396,637,920
2436,51,Female,Executive Assistant,DIT Department of Information Technology,44000.01,785,34,501
2437,53,Male,Police Investigator (E) (F) (O),APD Atlanta Police Department,62582.62,143,175,189
2438,62,Male,Street Maintenance Supervisor,DPW Department of Public Works,43294.42,225,490,934
2439,33,Female,Police Officer (E) (F) (O) (B) (S),APD Atlanta Police Department,42762.72,486,13,408
2440,38,Female,Video Integration Center Monitor,DWM Department of Watershed Management,43015.96,333,603,643
2441,40,Male,Street Maintenance Supervisor,DPW Department of Public Works,39105.4,580,372,186
2442,34,Male,Environmental Service Worker I (D),DPW Department of Public Works,25461.01,81,742,534
2443,35,Male,Fire Lieutenant (E),AFR Atlanta Fire & Recuse,46784.62,448,156,545
2444,50,Male,Fire Battalion Chief (E),AFR Atlanta Fire & Recuse,89906.78,301,224,700
2445,47,Female,Fire Lieutenant (E),AFR Atlanta Fire & Recuse,49211.14,710,323,837
2446,40,Female,"Accounting Manager, Sr",DWM Department of Watershed Management,59197.63,46,313,871
2447,54,Male,Solid Waste Operator II (D),DPW Department of Public Works,37781.42,974,769,409
2448,56,Male,Airport Operations Representative II (D),DOA Department of Aviation,53110.72,933,685,956
2449,37,Male,"Police Officer, Sr (E) (F) (O) (B) (S)",APD Atlanta Police Department,49681.22,264,639,594
2450,56,Female,Construction/Maintenance Worker (D),DPW Department of Public Works,27684.57,235,400,665
2451,46,Male,Parks Supervisor (D),"PRC Parks, Recreation, & Cultural Affairs",38598.13,978,702,80
2452,53,Male,Firefighter (E),AFR Atlanta Fire & Recuse,50562.02,171,752,120
2453,51,Male,"Water Service Representative, Sr",DWM Department of Watershed Management,30800.02,790,420,997
2454,54,Male,Facilities Maintenance Supervisor,EXE Executive Offices,55138.3,643,741,710
2455,29,Male,Fire Inspector,AFR Atlanta Fire & Recuse,39105.4,336,278,239
2456,52,Female,Solid Waste Equipment Operator,DPW Department of Public Works,31533.57,504,24,22
2457,40,Female,"Field Engineer, Sr",DWM Department of Watershed Management,51958.61,629,679,189
2458,27,Female,Police Officer (E) (F) (O) (B) (S),APD Atlanta Police Department,39919.57,439,372,109
2459,40,Female,Police Officer (E) (F) (O) (B) (S),APD Atlanta Police Department,42128.72,52,849,918
2460,23,Female,Police Officer (E) (F) (O) (B) (S),APD Atlanta Police Department,35420.9,288,382,974
2461,27,Male,Fire Equipment Service Technician (D),AFR Atlanta Fire & Recuse,27100.01,142,596,320
2462,60,Male,Watershed Director II,DWM Department of Watershed Management,82500.0,619,267,590
2463,23,Female,Office Support Assistant (D),PDA Public Defender Administration,30804.8,86,419,238
2464,45,Male,"Police Officer, Sr (E) (F) (O) (B) (S)",APD Atlanta Police Department,48001.2,450,686,722
2465,23,Male,Intern,DWM Department of Watershed Management,33280.0,873,870,478
2466,46,Male,Solid Waste Operator I (D),DPW Department of Public Works,35982.55,606,93,358
2467,57,Female,Plant Maintenance Mechanic (D),DWM Department of Watershed Management,44207.53,278,21,548
2468,35,Female,Police Officer (E) (F) (O) (B) (S),APD Atlanta Police Department,41316.7,281,427,112
2469,44,Male,Police Investigator (E) (F) (O),APD Atlanta Police Department,59005.65,938,871,490
2470,41,Male,Police Officer (E) (F) (O) (B) (S),APD Atlanta Police Department,42762.72,162,182,580
2471,29,Male,"Desk Top Support Technician, Sr",DPW Department of Public Works,60000.01,495,711,127
2472,35,Male,Arborist,PCD Planning & Community Development,51511.42,35,23,642
2473,55,Male,Fire Captain (E),AFR Atlanta Fire & Recuse,67527.51,212,756,518
2474,40,Female,"Human Resources, Associate",JDA Municipal Court Operations,42180.71,461,911,400
2475,56,Male,Watershed Director I,DWM Department of Watershed Management,100477.52,692,312,873
2476,36,Male,Fire Lieutenant (E),AFR Atlanta Fire & Recuse,49211.14,267,80,222
2477,42,Female,"Communications Dispatcher, Sr (D)",DOA Department of Aviation,44250.16,599,634,349
2478,36,Male,Police Officer (E) (F) (O) (B) (S),APD Atlanta Police Department,45808.67,513,763,335
2479,34,Male,Police Officer (E) (F) (O) (B) (S),APD Atlanta Police Department,42128.72,331,694,486
2480,61,Male,"Electrical Inspector, Sr",PCD Planning & Community Development,45655.08,989,520,836
2481,50,Male,Construction/Maintenance Worker (D),DWM Department of Watershed Management,25800.01,571,506,825
2482,64,Male,"Facilities Maintenance Mechanic, Sr (D)",DPW Department of Public Works,52875.57,291,307,912
2483,46,Female,Corrections Officer (E),COR Department of Corrections,38400.34,125,971,891
2484,53,Male,"Field Engineer, Sr","PRC Parks, Recreation, & Cultural Affairs",41000.0,637,505,98
2485,60,Male,"Water Distribution Operator, Sr",DWM Department of Watershed Management,41502.97,509,757,744
2486,47,Male,Police Officer (E) (F) (O) (B) (S),APD Atlanta Police Department,56310.38,287,32,74
2487,39,Female,Executive Assistant,EXE Executive Offices,50000.0,68,886,190
2488,60,Female,"Customer Service Representative, Sr (D)",DWM Department of Watershed Management,39522.82,597,213,819
2489,47,Male,Watershed Crew Supervisor (D),DWM Department of Watershed Management,47799.05,306,461,771
2490,33,Female,"City Attorney, Assistant Sr",LAW Law Department,80000.0,384,96,142
2491,60,Male,"Plant Maintenance Mechanic, Sr (D)",DWM Department of Watershed Management,48859.54,250,587,198
2492,49,Male,Firefighter (E),AFR Atlanta Fire & Recuse,51323.06,912,862,254
2493,56,Male,"Water Distribution Operator, Sr",DWM Department of Watershed Management,41503.62,74,696,880
2494,35,Female,Benefits Analyst,DHR Department of Human Reources,56363.74,832,657,991
2495,40,Male,Pollution Control Monitor Supervisor,DWM Department of Watershed Management,58499.21,300,829,269
2496,34,Male,Firefighter (E),AFR Atlanta Fire & Recuse,37955.36,623,117,78
2497,31,Female,Data/Reporting Analyst,DWM Department of Watershed Management,42200.02,379,86,961
2498,51,Female,Executive Assistant,APD Atlanta Police Department,58700.01,779,712,164
2499,34,Male,Firefighter (E),AFR Atlanta Fire & Recuse,32132.8,459,713,293
2500,45,Female,Contracting Officer,DOA Department of Aviation,46850.54,872,719,348
2501,26,Male,Firefighter (E),AFR Atlanta Fire & Recuse,35255.25,877,101,990
2502,42,Female,"Communications Dispatcher, Sr (D)",APD Atlanta Police Department,40245.52,54,752,397
2503,44,Female,Police Traffic Control Inspector (D),APD Atlanta Police Department,34961.69,841,241,931
2504,28,Male,Police Officer (E) (F) (O) (B) (S),APD Atlanta Police Department,42128.72,848,471,754
2505,36,Male,Watershed Plant Operator Class I (D),DWM Department of Watershed Management,44231.64,645,727,811
2506,46,Female,Utility Call Center Representative (D),DWM Department of Watershed Management,36358.42,914,756,267
2507,56,Male,Utility Billing Specialist II,DWM Department of Watershed Management,38176.25,22,401,158
2508,31,Male,Corrections Officer (E),COR Department of Corrections,34726.37,887,535,983
2509,48,Male,"Plans Review Specialist, Sr",AFR Atlanta Fire & Recuse,47300.03,866,279,147
2510,27,Male,Firefighter (E),AFR Atlanta Fire & Recuse,32132.8,957,509,681
2511,45,Male,Public Relations Manager,DPW Department of Public Works,66255.01,310,334,555
2512,57,Female,Court Support Specialist II (D),JDA Municipal Court Operations,35392.03,696,733,565
2513,48,Female,Equipment Operator II (D),DPW Department of Public Works,35131.65,579,649,446
2514,44,Male,Fire Sergeant (E),AFR Atlanta Fire & Recuse,52620.31,936,279,472
2515,27,Male,Police Officer (E) (F) (O) (B) (S),APD Atlanta Police Department,42128.72,766,424,635
2516,35,Male,Firefighter (E),AFR Atlanta Fire & Recuse,32132.8,369,385,751
2517,44,Male,Police Officer (E) (F) (O) (B) (S),APD Atlanta Police Department,49071.15,595,729,786
2518,56,Female,Office Support Assistant (D),COR Department of Corrections,34765.14,601,803,477
2519,36,Male,Parks Worker II (D),"PRC Parks, Recreation, & Cultural Affairs",32454.11,98,995,921
2520,21,Male,Police Officer (E) (F) (O) (B) (S),APD Atlanta Police Department,34726.37,290,487,480
2521,60,Male,"Programmer Analyst, Sr",DOA Department of Aviation,63100.0,649,704,978
2522,32,Female,Communications Dispatcher (D),APD Atlanta Police Department,34325.75,939,152,580
2523,50,Female,Police Sergeant (E) (F) (O) (B) (S),APD Atlanta Police Department,53881.36,33,83,223
2524,39,Female,"Communications Dispatcher, Sr (D)",DOA Department of Aviation,41400.01,455,5,991
2525,50,Female,Permit Technician,PCD Planning & Community Development,41913.25,427,477,350
2526,41,Male,Police Officer (E) (F) (O) (B) (S),APD Atlanta Police Department,41316.7,464,516,16
2527,40,Male,Firefighter (E),AFR Atlanta Fire & Recuse,35785.83,394,661,48
2528,58,Male,Fire Sergeant (E),AFR Atlanta Fire & Recuse,50841.31,775,698,871
2529,52,Male,Airport Operations Representative II (D),DOA Department of Aviation,60042.2,137,583,778
2530,45,Male,Budget Administration Director,DOF Department of Finance,90600.0,355,16,228
2531,26,Male,Police Officer (E) (F) (O) (B) (S),APD Atlanta Police Department,39327.6,494,233,972
2532,45,Female,Airport Customer Service Trainer,DOA Department of Aviation,50600.16,928,232,351
2533,51,Male,"Chief Financial Officer, Deputy",DOF Department of Finance,171974.0,290,427,503
2534,50,Male,Safety & Security Manager,DWM Department of Watershed Management,72900.01,319,540,229
2535,50,Female,Communications Dispatcher Supervisor (D),DOA Department of Aviation,43656.74,525,696,895
2536,52,Female,Judge,JDA Municipal Court Operations,155500.8,189,405,129
2537,29,Male,Police Officer (E) (F) (O) (B) (S),APD Atlanta Police Department,42128.72,621,532,665
2538,30,Female,"Public Relations Manager, Sr",EXE Executive Offices,75000.02,975,484,578
2539,36,Female,Police Investigator (E) (F) (O),APD Atlanta Police Department,44145.23,801,148,87
2540,62,Male,Construction/Maintenance Worker I (D),DWM Department of Watershed Management,31205.27,737,678,134
2541,45,Male,Police Officer (E) (F) (O) (B) (S),APD Atlanta Police Department,54406.14,458,348,910
2542,35,Male,"Data/Reporting Analyst, Sr",DWM Department of Watershed Management,54600.0,543,452,295
2543,25,Male,Firefighter (E),AFR Atlanta Fire & Recuse,32132.8,646,215,245
2544,37,Male,Police Officer (E) (F) (O) (B) (S),APD Atlanta Police Department,39327.6,665,209,20
2545,45,Male,Police Officer (E) (F) (O) (B) (S),APD Atlanta Police Department,41316.7,672,148,883
2546,27,Male,Environmental Service Worker I (D),DPW Department of Public Works,25461.01,13,73,225
2547,51,Female,"Communications Training Coordinator, Assistant (D)",APD Atlanta Police Department,51302.73,850,777,390
2548,42,Male,Solid Waste Operator I (D),DPW Department of Public Works,31101.29,7,761,903
2549,56,Female,Wastewater Collection Supervisor (D),DWM Department of Watershed Management,56393.24,371,733,704
2550,45,Male,"Facilities Maintenance Mechanic, Sr (D)",DOA Department of Aviation,35190.01,128,658,654
2551,20,Male,Firefighter (E),AFR Atlanta Fire & Recuse,32132.8,825,463,845
2552,52,Male,Police Officer (E) (F) (O) (B) (S),APD Atlanta Police Department,58281.18,885,144,144
2553,39,Male,Management Analyst,PCD Planning & Community Development,41000.0,799,72,602
2554,52,Male,Airport Engineer,DOA Department of Aviation,87843.18,44,809,783
2555,21,Male,Police Officer (E) (F) (O) (B) (S),APD Atlanta Police Department,34726.37,753,218,228
2556,37,Male,Fire Sergeant (E),AFR Atlanta Fire & Recuse,38641.27,920,856,896
2557,77,Male,"Construction Inspector, Sr",DWM Department of Watershed Management,60235.13,529,188,487
2558,50,Male,Management Analyst,EXE Executive Offices,45000.01,231,689,607
2559,30,Female,Water Service Representative,DWM Department of Watershed Management,34672.5,973,941,142
2560,57,Female,Watershed Director I,DWM Department of Watershed Management,91300.02,274,472,403
2561,53,Female,Legislative Research & Policy Analyst,PCD Atlanta Workforce Development Agency,58800.14,716,745,106
2562,43,Female,"Financial Analyst, Sr",DOF Department of Finance,64321.21,492,375,614
2563,54,Male,Police Sergeant (E) (F) (O) (B) (S),APD Atlanta Police Department,55767.3,371,381,40
2564,33,Female,Project Manager,EXE Executive Offices,75000.02,602,582,544
2565,33,Male,Firefighter (E),AFR Atlanta Fire & Recuse,40339.3,473,94,691
2566,44,Male,Police Investigator (E) (F) (O),APD Atlanta Police Department,55082.56,844,669,191
2567,45,Male,"Airport Engineer, Assistant",DOA Department of Aviation,55405.17,584,477,35
2568,31,Female,"Communications & Cable, Deputy Director",EXE Executive Offices,108999.99,496,314,398
2569,58,Male,Electrician Supervisor (D),DWM Department of Watershed Management,60284.64,777,613,401
2570,43,Male,Corrections Officer (E),COR Department of Corrections,36929.98,775,725,583
2571,44,Male,Fire Lieutenant (E),AFR Atlanta Fire & Recuse,56540.17,206,568,39
2572,44,Male,Fire Lieutenant (E),AFR Atlanta Fire & Recuse,58518.97,901,2,957
2573,27,Female,Paralegal,LAW Law Department,39847.51,45,152,982
2574,50,Male,Airport Programs Manager,DOA Department of Aviation,82690.96,620,899,664
2575,39,Male,Police Officer (E) (F) (O) (B) (S),APD Atlanta Police Department,45808.67,880,728,737
2576,46,Female,Program Management Director,DWM Department of Watershed Management,66067.02,647,292,708
2577,33,Male,Vehicle/Equipment Mechanic III,DPW Department of Public Works,51148.39,292,347,229
2578,24,Female,Recreation Operations Assistant,"PRC Parks, Recreation, & Cultural Affairs",25800.01,145,871,78
2579,34,Female,Recreation Operations Assistant,"PRC Parks, Recreation, & Cultural Affairs",25800.01,697,424,869
2580,54,Male,Solid Waste Operator I (D),DPW Department of Public Works,40472.42,891,84,111
2581,29,Female,Equipment Operator II (D),DPW Department of Public Works,30946.5,287,235,640
2582,60,Female,"City Attorney, Assistant Sr",LAW Law Department,97000.01,37,195,173
2583,38,Female,Executive Assistant,EXE Executive Offices,50463.44,277,794,596
2584,37,Male,"Performance Auditor, Sr",AUD Audit Administration,74937.89,637,368,891
2585,42,Male,Construction/Maintenance Worker (D),DWM Department of Watershed Management,33430.51,384,865,932
2586,46,Male,Fire Sergeant (E),AFR Atlanta Fire & Recuse,49121.57,892,666,163
2587,52,Male,Business Systems Analyst,DOA Department of Aviation,58657.66,145,36,776
2588,41,Male,Airport Operations Representative III (D),DOA Department of Aviation,63944.34,780,420,872
2589,32,Male,Corrections Officer (E),COR Department of Corrections,30081.0,802,852,782
2590,38,Female,"Database Administrator, Sr",DIT Department of Information Technology,80000.0,378,941,462
2591,40,Male,Fire Sergeant (E),AFR Atlanta Fire & Recuse,50841.03,123,195,840
2592,46,Female,Construction/Maintenance Worker II (D),DWM Department of Watershed Management,39972.54,962,396,966
2593,50,Male,Police Officer (E) (F) (O) (B) (S),APD Atlanta Police Department,54406.14,782,459,612
2594,27,Male,Firefighter (E),AFR Atlanta Fire & Recuse,32132.8,292,986,548
2595,21,Female,Intern,DWM Department of Watershed Management,31158.4,644,366,645
2596,42,Male,"Facilities Maintenance Mechanic, Sr (D)",DOA Department of Aviation,35237.89,240,449,50
2597,58,Female,"Custodian, Sr (D)",DWM Department of Watershed Management,31527.11,400,599,92
2598,59,Male,"Custodian, Sr (D)",DWM Department of Watershed Management,29644.92,390,955,1000
2599,44,Male,Environmental Service Worker I (D),DPW Department of Public Works,26699.89,125,321,996
2600,43,Female,Management Analyst,DWM Department of Watershed Management,54600.0,992,629,982
2601,53,Male,Fire Sergeant (E),AFR Atlanta Fire & Recuse,56368.19,408,933,655
2602,49,Female,Environmental Service Worker I (D),DPW Department of Public Works,27634.63,694,382,724
2603,29,Male,Watershed Plant Operator Class I (D),DWM Department of Watershed Management,32499.0,911,462,582
2604,52,Male,"HVAC Inspector, Sr",PCD Planning & Community Development,47196.01,613,927,652
2605,52,Male,"Traffic Systems Engineering Technician, Sr",DPW Department of Public Works,41654.31,583,216,163
2606,30,Male,Police Officer (E) (F) (O) (B) (S),APD Atlanta Police Department,42762.72,708,246,634
2607,58,Female,ATL311 Call Center Representative I,EXE Executive Offices,37241.93,315,851,814
2608,36,Male,Watershed Plant Operator Class I (D),DWM Department of Watershed Management,46505.66,459,945,878
2609,50,Male,Parks District Maintenance Supervisor,"PRC Parks, Recreation, & Cultural Affairs",46454.15,467,474,876
2610,30,Male,Parks Worker I (D),"PRC Parks, Recreation, & Cultural Affairs",26699.89,750,559,373
2611,31,Female,Executive Assistant,DHR Department of Human Reources,64570.0,690,693,112
2612,51,Female,"Accounting Manager, Sr",DHR Department of Human Reources,59685.18,915,95,926
2613,34,Male,Airport Security Representative II (D),DOA Department of Aviation,51239.76,721,763,404
2614,51,Female,Corrections Officer (E),COR Department of Corrections,35462.13,256,868,450
2615,28,Female,Communications Dispatcher (D),APD Atlanta Police Department,34155.01,578,721,923
2616,59,Male,"Procurement Officer, Deputy",DOP Department of Procurement,111435.9,380,496,221
2617,46,Male,"Field Engineer, Sr",DWM Department of Watershed Management,49245.04,959,995,103
2618,66,Male,Airport Deputy General Manager,EXE Executive Offices,221108.01,696,694,305
2619,39,Male,Police Sergeant (E) (F) (O) (B) (S),APD Atlanta Police Department,50298.77,177,110,128
2620,33,Female,Communications Dispatcher (D),APD Atlanta Police Department,34155.01,270,346,157
2621,46,Male,Police Sergeant (E) (F) (O) (B) (S),APD Atlanta Police Department,57719.17,90,15,14
2622,54,Male,Firefighter (E),AFR Atlanta Fire & Recuse,37955.36,81,746,216
2623,69,Female,"Accountant, Sr",DWM Department of Watershed Management,50172.1,873,507,196
2624,36,Male,Firefighter (E),AFR Atlanta Fire & Recuse,32132.8,268,644,855
2625,30,Male,Firefighter (E),AFR Atlanta Fire & Recuse,41940.53,656,376,54
2626,49,Male,Urban Planner II,PCD Planning & Community Development,58698.02,777,947,249
2627,39,Male,Fire Sergeant (E),AFR Atlanta Fire & Recuse,45175.69,263,438,47
2628,30,Male,Community Facility Manager,"PRC Parks, Recreation, & Cultural Affairs",41000.0,923,793,852
2629,41,Male,Telecom Engineer,DIT Department of Information Technology,55641.41,222,699,984
2630,52,Male,Police Officer (E) (F) (O) (B) (S),APD Atlanta Police Department,45808.67,511,337,268
2631,25,Female,Records Analyst,PDA Public Defender Administration,31007.64,192,684,349
2632,46,Female,Corrections Lieutenant (E),COR Department of Corrections,50133.91,346,476,937
2633,40,Male,Police Investigator (E) (F) (O),APD Atlanta Police Department,53219.71,593,885,121
2634,29,Male,Airport Operations Representative II (D),DOA Department of Aviation,50020.46,594,699,177
2635,57,Male,Food Service Monitor,EXE Executive Offices,21008.0,968,730,787
2636,47,Male,Police Sergeant (E) (F) (O) (B) (S),APD Atlanta Police Department,63360.54,259,307,228
2637,56,Male,Streetcar Acquisition Director,DPW Department of Public Works,98000.01,963,676,469
2638,42,Male,Fire Lieutenant (E),AFR Atlanta Fire & Recuse,53818.2,602,723,65
2639,45,Female,Customer Service Manager,DWM Department of Watershed Management,52782.5,37,210,820
2640,52,Male,Electrician Supervisor (D),DPW Department of Public Works,44337.49,121,114,439
2641,47,Female,Police Major,APD Atlanta Police Department,102877.01,760,511,526
2642,41,Male,Watershed Director I,DWM Department of Watershed Management,99700.02,67,230,702
2643,28,Male,Police Officer (E) (F) (O) (B) (S),APD Atlanta Police Department,42762.72,833,168,605
2644,58,Male,Intern,DWM Department of Watershed Management,30000.05,742,648,381
2645,40,Male,"Facilities Maintenance Mechanic, Sr (D)",DOA Department of Aviation,38457.83,838,86,26
2646,27,Female,Police Officer (E) (F) (O) (B) (S),APD Atlanta Police Department,42762.72,551,6,426
2647,45,Female,Airport Operations Representative III (D),DOA Department of Aviation,53000.0,204,757,575
2648,36,Male,Police Officer (E) (F) (O) (B) (S),APD Atlanta Police Department,42762.72,797,153,892
2649,35,Male,Police Officer (E) (F) (O) (B) (S),APD Atlanta Police Department,34726.37,391,396,437
2650,32,Female,Data/Reporting Analyst,DWM Department of Watershed Management,36225.01,649,124,310
2651,51,Male,Server Administrator,DWM Department of Watershed Management,49875.9,812,973,526
2652,40,Male,Firefighter (E),AFR Atlanta Fire & Recuse,35785.83,907,635,330
2653,40,Male,"Water Distribution Operator, Sr",DWM Department of Watershed Management,41503.19,317,676,668
2654,29,Male,Firefighter (E),AFR Atlanta Fire & Recuse,36854.61,84,80,752
2655,27,Male,Police Officer (E) (F) (O) (B) (S),APD Atlanta Police Department,44054.19,152,131,206
2656,33,Male,Firefighter (E),AFR Atlanta Fire & Recuse,32132.8,606,424,595
2657,63,Male,"Watershed Inspector, Sr",DWM Department of Watershed Management,49200.31,631,635,96
2658,53,Female,Corrections Officer (E),COR Department of Corrections,38400.34,989,953,40
2659,42,Female,Risk Manager,DOA Department of Aviation,84300.11,890,190,142
2660,24,Male,Police Officer (E) (F) (O) (B) (S),APD Atlanta Police Department,34726.37,345,478,638
2661,50,Male,Accounting Technical Specialist,DOF Department of Finance,46559.68,923,795,626
2662,26,Female,Airport Security Systems Assistant,DOA Department of Aviation,34325.75,149,295,814
2663,52,Female,Communications Dispatcher Supervisor (D),APD Atlanta Police Department,51928.12,228,832,459
2664,63,Male,Watershed Plant Operator Class I (D),DWM Department of Watershed Management,51054.02,436,663,711
2665,48,Female,Airport Planning Manager,DOA Department of Aviation,75000.02,305,307,955
2666,27,Male,Police Officer (E) (F) (O) (B) (S),APD Atlanta Police Department,42762.72,393,0,233
2667,41,Male,Police Investigator (E) (F) (O),APD Atlanta Police Department,51420.1,809,114,294
2668,35,Male,"Wastewater Collection Operator, Sr (D)",DWM Department of Watershed Management,44241.59,504,971,454
2669,53,Female,"Accounting Technician, Sr",DOF Department of Finance,30946.5,144,999,5
2670,35,Male,Construction/Maintenance Worker (D),DWM Department of Watershed Management,31205.27,199,928,583
2671,24,Male,Summer Program Counselor,"PRC Parks, Recreation, & Cultural Affairs",20800.0,889,351,354
2672,40,Female,Police Sergeant (E) (F) (O) (B) (S),APD Atlanta Police Department,50298.77,679,357,746
2673,48,Male,Equipment Maintenance/Safety Supervisor,AFR Atlanta Fire & Recuse,57452.2,884,811,496
2674,25,Male,Intern,DWM Department of Watershed Management,33280.0,50,977,901
2675,55,Male,"Pollution Control Monitor, Sr",DWM Department of Watershed Management,46890.8,77,468,115
2676,41,Female,"Human Resources Assistant, Sr",DHR Department of Human Reources,35900.95,738,51,715
2677,45,Male,"Investigator, Sr",SOL Solicitor Office,44660.01,764,185,756
2678,33,Female,Environmental Service Worker I (D),DPW Department of Public Works,24600.01,295,214,945
2679,40,Male,Fire Captain (E),AFR Atlanta Fire & Recuse,54459.72,26,499,153
2680,49,Female,Police Investigator (E) (F) (O),APD Atlanta Police Department,60466.22,685,800,868
2681,51,Male,Police Investigator (E) (F) (O),APD Atlanta Police Department,62582.62,779,399,470
2682,54,Male,Police Officer (E) (F) (O) (B) (S),APD Atlanta Police Department,56310.38,210,473,816
2683,37,Female,Firefighter (E),AFR Atlanta Fire & Recuse,41132.23,796,587,910
2684,63,Male,Environmental Service Worker I (D),DPW Department of Public Works,33969.89,387,354,463
2685,38,Male,Police Officer (E) (F) (O) (B) (S),APD Atlanta Police Department,42762.72,822,169,765
2686,35,Female,Communications Dispatcher (D),APD Atlanta Police Department,35780.61,872,194,260
2687,26,Male,Police Officer (E) (F) (O) (B) (S),APD Atlanta Police Department,39919.57,414,662,127
2688,22,Male,Police Officer (E) (F) (O) (B) (S),APD Atlanta Police Department,34726.37,330,756,893
2689,48,Male,Fire Section Chief (E),AFR Atlanta Fire & Recuse,89459.7,911,471,866
2690,34,Male,Police Officer (E) (F) (O) (B) (S),APD Atlanta Police Department,39327.6,489,661,429
2691,49,Male,Watershed Crew Supervisor (D),DWM Department of Watershed Management,46807.9,366,314,949
2692,31,Male,Pollution Control Monitor,DWM Department of Watershed Management,43641.71,504,69,587
2693,53,Male,End User Support Manager,DWM Department of Watershed Management,84375.01,29,572,214
2694,53,Male,Fire Lieutenant (E),AFR Atlanta Fire & Recuse,52780.83,918,797,429
2695,61,Male,Fire Inspector,AFR Atlanta Fire & Recuse,46182.73,517,201,576
2696,46,Male,Recreation Operations Assistant,"PRC Parks, Recreation, & Cultural Affairs",28035.07,549,569,23
2697,56,Male,Network Administrator (D),DOA Department of Aviation,72900.05,101,788,958
2698,37,Male,Construction/Maintenance Worker (D),DPW Department of Public Works,27684.58,870,667,124
2699,35,Male,Watershed Manager I,DWM Department of Watershed Management,74580.02,722,125,379
2700,55,Male,"Facilities Maintenance Supervisor, Sr",DOA Department of Aviation,67000.0,190,984,56
2701,24,Male,Intern,DWM Department of Watershed Management,33280.0,770,829,504
2702,53,Female,"Customer Service Manager, Sr",DPW Department of Public Works,63000.02,447,859,60
2703,59,Male,"Environmental Compliance Officer, Sr",DWM Department of Watershed Management,46807.9,276,102,586
2704,34,Male,Firefighter (E),AFR Atlanta Fire & Recuse,32132.8,249,526,456
2705,49,Male,"Police Officer, Sr (E) (F) (O) (B) (S)",APD Atlanta Police Department,59005.65,295,99,439
2706,42,Male,Firefighter (E),AFR Atlanta Fire & Recuse,51323.06,233,506,65
2707,24,Male,Firefighter (E),AFR Atlanta Fire & Recuse,35785.83,125,708,854
2708,54,Female,Wastewater Collection Services Specialist (D),DWM Department of Watershed Management,47298.52,113,662,338
2709,42,Female,Journeyperson,DWM Department of Watershed Management,44653.57,120,887,503
2710,30,Male,Police Officer (E) (F) (O) (B) (S),APD Atlanta Police Department,42762.72,616,802,29
2711,38,Female,Police Officer (E) (F) (O) (B) (S),APD Atlanta Police Department,42762.72,500,11,20
2712,33,Male,Police Sergeant (E) (F) (O) (B) (S),APD Atlanta Police Department,50298.81,52,252,580
2713,56,Female,Communications Dispatcher (D),APD Atlanta Police Department,43983.43,241,240,110
2714,58,Female,"GIS Technician, Sr",PCD Planning & Community Development,42066.34,988,191,402
2715,42,Female,Code Enforcement Officer,APD Atlanta Police Department,38300.02,296,807,802
2716,48,Male,Police Major,APD Atlanta Police Department,107901.87,592,621,608
2717,32,Male,"Police Officer, Sr (E) (F) (O) (B) (S)",APD Atlanta Police Department,47289.49,89,141,489
2718,58,Male,"Construction/Maintenance Worker, Sr",DWM Department of Watershed Management,38486.47,32,774,226
2719,59,Female,Licensed Practical Nurse (D),COR Department of Corrections,43455.13,465,740,866
2720,28,Male,Construction/Maintenance Worker I (D),DWM Department of Watershed Management,30000.01,838,177,450
2721,36,Female,Crime Prevention Inspector,APD Atlanta Police Department,30908.61,504,375,634
2722,50,Female,Solid Waste Equipment Operator,DPW Department of Public Works,31533.57,938,125,7
2723,26,Female,Corrections Officer (E),COR Department of Corrections,36655.01,364,319,805
2724,44,Male,Fire Lieutenant (E),AFR Atlanta Fire & Recuse,47488.69,479,694,809
2725,51,Female,Water Reclamation Center Manager,DWM Department of Watershed Management,85000.01,936,933,817
2726,56,Female,Real Estate Manager,EXE Executive Offices,72000.01,538,347,236
2727,26,Male,Intern,PCD Planning & Community Development,31200.0,956,428,658
2728,50,Female,"Accounting Technician, Sr",EXE Executive Offices,41059.06,282,582,412
2729,58,Male,Solid Waste Operator II (D),DPW Department of Public Works,39103.89,46,627,279
2730,40,Male,Fire Lieutenant (E),AFR Atlanta Fire & Recuse,50239.84,856,914,677
2731,51,Male,Vehicle/Equipment Maintenance Supervisor,DPW Department of Public Works,57796.29,207,783,160
2732,28,Female,Legal Program Assistant,SOL Solicitor Office,36300.01,321,239,158
2733,31,Female,Court Clerk (D),JDA Municipal Court Operations,28048.51,135,294,74
2734,48,Male,Communications Assistant Director,DOA Department of Aviation,90000.02,480,534,600
2735,29,Female,Judicial Assistant,JDA Municipal Court Operations,51335.99,797,146,92
2736,42,Male,Solid Waste Operator I (D),DPW Department of Public Works,29900.0,257,228,553
2737,46,Male,Police Officer (E) (F) (O) (B) (S),APD Atlanta Police Department,42762.72,880,697,552
2738,68,Male,Chief Counsel,LAW Law Department,116880.0,412,526,811
2739,55,Female,"Legal Secretary, Sr",LAW Law Department,39119.61,213,463,764
2740,34,Male,Police Officer (E) (F) (O) (B) (S),APD Atlanta Police Department,47411.94,648,953,154
2741,35,Male,"Facilities Maintenance Mechanic, Sr (D)",DOA Department of Aviation,35062.4,552,892,428
2742,35,Male,Firefighter (E),AFR Atlanta Fire & Recuse,35785.83,59,156,479
2743,50,Male,Construction/Maintenance Worker (D),DWM Department of Watershed Management,37176.92,72,397,273
2744,57,Male,Airport Engineer,DOA Department of Aviation,96001.99,10,987,740
2745,41,Male,"Chief Information Officer, Deputy",DIT Department of Information Technology,165000.01,362,542,791
2746,59,Male,Fire Sergeant (E),AFR Atlanta Fire & Recuse,56368.19,160,744,96
2747,34,Male,Firefighter (E),AFR Atlanta Fire & Recuse,39631.0,66,429,475
2748,46,Female,Digital Imaging Specialist,APD Atlanta Police Department,35914.52,314,443,896
2749,34,Male,Police Investigator (E) (F) (O),APD Atlanta Police Department,44145.23,791,625,305
2750,47,Male,Police Investigator (E) (F) (O),APD Atlanta Police Department,51420.1,473,6,562
2751,40,Male,Police Officer (E) (F) (O) (B) (S),APD Atlanta Police Department,41518.17,309,769,629
2752,58,Male,"Communications Specialist, Sr",CCN City Council,47196.01,253,389,335
2753,47,Male,Police Officer (E) (F) (O) (B) (S),APD Atlanta Police Department,56310.38,964,411,439
2754,41,Male,"City Attorney, Deputy",LAW Law Department,128560.02,33,667,346
2755,60,Male,Administrative Assistant,AFR Atlanta Fire & Recuse,35780.61,138,197,571
2756,41,Male,Police Officer (E) (F) (O) (B) (S),APD Atlanta Police Department,42762.72,759,524,691
2757,27,Female,Police Officer (E) (F) (O) (B) (S),APD Atlanta Police Department,42143.09,886,892,637
2758,28,Female,Police Officer (E) (F) (O) (B) (S),APD Atlanta Police Department,40114.15,34,341,85
2759,43,Female,Vehicle for Hire Enforcement Officer (D),APD Atlanta Police Department,38300.08,734,87,939
2760,48,Male,"Police Officer, Sr (E) (F) (O) (B) (S)",APD Atlanta Police Department,44145.23,991,968,652
2761,27,Male,Police Officer (E) (F) (O) (B) (S),APD Atlanta Police Department,42128.72,771,467,780
2762,62,Male,Water Meter Mechanic,DWM Department of Watershed Management,48001.46,581,411,78
2763,47,Female,Code Enforcement Officer,SOL Solicitor Office,39640.52,841,679,522
2764,42,Male,Data/Reporting Analyst,DOF Department of Finance,47298.52,4,458,604
2765,38,Female,Business Process Analyst,EXE Executive Offices,63100.0,243,694,415
2766,35,Female,"Customer Service Representative, Sr (D)",DOF Department of Finance,32454.11,527,489,805
2767,60,Male,Environmental Service Worker I (D),DPW Department of Public Works,26699.89,864,430,420
2768,31,Male,"Legal Secretary, Sr",LAW Law Department,42745.5,170,54,916
2769,58,Female,HRIS & Records Management Director,DHR Department of Human Reources,137100.08,742,585,231
2770,36,Male,Solid Waste Operator I (D),DPW Department of Public Works,33924.25,502,421,869
2771,50,Male,Corrections Officer (E),COR Department of Corrections,42807.23,87,832,325
2772,24,Male,Police Officer (E) (F) (O) (B) (S),APD Atlanta Police Department,34726.37,908,767,180
2773,51,Female,Business Manager II,PCD Planning & Community Development,86703.01,318,799,629
2774,50,Female,"Administrative Assistant, Sr",PCD Planning & Community Development,33009.6,872,292,495
2775,53,Male,Solid Waste Operator II (D),DPW Department of Public Works,40472.42,744,361,970
2776,47,Female,Chief Counsel,LAW Law Department,116880.0,308,773,359
2777,36,Male,Fire Lieutenant (E),AFR Atlanta Fire & Recuse,57651.39,415,621,66
2778,29,Female,ATL311 Call Center Representative II,EXE Executive Offices,40499.99,828,317,846
2779,27,Male,Desk Top Support Technician,DIT Department of Information Technology,47999.99,545,774,10
2780,28,Female,"Accountant, Sr",DOA Department of Aviation,50250.1,58,382,597
2781,39,Female,Police Officer (E) (F) (O) (B) (S),APD Atlanta Police Department,44259.49,6,837,344
2782,33,Female,Homeless Services Specialist,EXE Executive Offices,41000.0,382,244,737
2783,20,Female,Firefighter (E),AFR Atlanta Fire & Recuse,32132.8,888,669,273
2784,39,Male,Chief Operating Officer,EXE Executive Offices,240697.6,773,939,913
2785,45,Male,Environmental Service Worker I (D),DPW Department of Public Works,32821.16,323,261,742
2786,23,Male,Construction/Maintenance Worker (D),DWM Department of Watershed Management,33280.0,574,394,497
2787,32,Female,Custodian (D),"PRC Parks, Recreation, & Cultural Affairs",24600.01,504,608,671
2788,27,Female,"Administrative Assistant, Sr",DOP Department of Procurement,35000.01,791,9,719
2789,63,Female,"Communications Dispatcher, Sr (D)",DOA Department of Aviation,39105.4,134,379,313
2790,27,Female,Police Officer (E) (F) (O) (B) (S),APD Atlanta Police Department,34726.37,741,965,377
2791,40,Female,Human Resources Manager I,DHR Department of Human Reources,63100.0,435,659,489
2792,33,Female,Civic Center Director,"PRC Parks, Recreation, & Cultural Affairs",79400.01,194,374,767
2793,47,Male,Corrections Officer (E),COR Department of Corrections,36655.01,291,831,863
2794,35,Male,Fire Sergeant (E),AFR Atlanta Fire & Recuse,39836.38,979,609,612
2795,39,Male,Police Officer (E) (F) (O) (B) (S),APD Atlanta Police Department,49071.36,654,585,957
2796,60,Male,ATL311 Call Center Representative I,EXE Executive Offices,36358.42,435,522,744
2797,27,Female,Training Specialist,DHR Department of Human Reources,42993.6,898,230,252
2798,45,Male,Police Captain (E),APD Atlanta Police Department,83453.01,191,534,528
2799,48,Female,Public Information Officer,DPW Department of Public Works,65205.03,3,888,824
2800,36,Female,Watershed Director I,DWM Department of Watershed Management,95000.01,595,763,983
2801,64,Female,Executive Assistant,"PRC Parks, Recreation, & Cultural Affairs",44000.01,743,311,74
2802,31,Male,Utility Call Center Representative (D),DWM Department of Watershed Management,34672.5,228,426,946
2803,53,Male,Police Sergeant (E) (F) (O) (B) (S),APD Atlanta Police Department,61217.94,624,424,814
2804,61,Male,"Chief Information Officer, Deputy",DIT Department of Information Technology,150000.01,428,172,129
2805,42,Male,Police Lieutenant (E) (F) (O) (B) (S),APD Atlanta Police Department,81359.2,355,801,262
2806,38,Female,License Permit Inspector (D),APD Atlanta Police Department,37205.12,159,591,579
2807,35,Female,"Data/Reporting Analyst, Sr",DWM Department of Watershed Management,49000.02,368,52,528
2808,35,Male,Police Officer (E) (F) (O) (B) (S),APD Atlanta Police Department,34726.37,588,723,454
2809,52,Male,Police Sergeant (E) (F) (O) (B) (S),APD Atlanta Police Department,53881.36,222,391,176
2810,51,Male,Driver/Courier,DWM Department of Watershed Management,32300.01,843,235,94
2811,52,Female,"Solicitor, Deputy",SOL Solicitor Office,126155.04,412,582,889
2812,38,Female,ATL311 Quality Assurance & Training Coordinator,EXE Executive Offices,62811.22,837,279,171
2813,43,Male,Safety & Training Officer,DWM Department of Watershed Management,52578.01,93,673,722
2814,31,Female,Recreation Operations Assistant,"PRC Parks, Recreation, & Cultural Affairs",27641.74,99,979,642
2815,50,Female,Communications Dispatcher (D),APD Atlanta Police Department,45522.89,163,589,265
2816,24,Male,Police Officer (E) (F) (O) (B) (S),APD Atlanta Police Department,39327.6,181,263,123
2817,58,Male,Art Programs Manager,EXE Executive Offices,71310.8,837,883,558
2818,31,Male,Firefighter (E),AFR Atlanta Fire & Recuse,37955.36,36,683,201
2819,24,Male,Police Officer (E) (F) (O) (B) (S),APD Atlanta Police Department,34726.37,985,438,721
2820,45,Male,Airport Operations Representative II (D),DOA Department of Aviation,62696.62,866,290,829
2821,39,Male,Police Officer (E) (F) (O) (B) (S),APD Atlanta Police Department,39919.57,960,167,556
2822,55,Male,Watershed Plant Operator Supervisor (D),DWM Department of Watershed Management,56079.09,125,803,761
2823,59,Female,Maintenance Mechanic Supervisor,DWM Department of Watershed Management,48888.15,428,964,24
2824,59,Male,Forensic Technician,APD Atlanta Police Department,33589.92,417,277,12
2825,52,Female,"Data/Reporting Analyst, Sr",DWM Department of Watershed Management,49245.04,527,345,115
2826,37,Male,"City Attorney, Assistant Sr",LAW Law Department,80000.0,200,744,407
2827,55,Female,GIS Analyst,DOA Department of Aviation,61862.26,245,13,85
2828,36,Female,Firefighter (E),AFR Atlanta Fire & Recuse,37955.36,942,643,713
2829,58,Female,Data/Reporting Analyst,DOA Department of Aviation,48954.03,979,72,837
2830,39,Male,Firefighter (E),AFR Atlanta Fire & Recuse,37392.58,350,442,642
2831,64,Male,Airport Engineer,DOA Department of Aviation,85023.14,410,185,696
2832,24,Male,Intern,DPW Department of Public Works,33238.4,868,923,544
2833,40,Male,Mason Supervisor,DWM Department of Watershed Management,47256.02,567,120,1000
2834,25,Male,Firefighter (E),AFR Atlanta Fire & Recuse,32132.8,778,654,686
2835,40,Female,Solid Waste Operator II (D),DPW Department of Public Works,38242.12,123,625,362
2836,48,Female,"City Attorney, Assistant Sr",LAW Law Department,96560.01,364,875,617
2837,29,Male,Firefighter (E),AFR Atlanta Fire & Recuse,32132.8,73,772,123
2838,30,Female,"Court Clerk, Lead (D)",JDA Municipal Court Operations,34154.99,252,148,220
2839,67,Male,Judge,JDA Municipal Court Operations,153000.64,660,614,473
2840,54,Male,Facilities Maintenance Crew Supervisor,DOA Department of Aviation,49576.51,846,765,671
2841,44,Female,"Management Analyst, Sr",DOF Department of Finance,50900.01,767,965,186
2842,46,Male,Watershed Trainee (D),DWM Department of Watershed Management,24599.99,888,153,575
2843,54,Male,Licensed Practical Nurse (D),COR Department of Corrections,45699.21,240,510,413
2844,49,Male,Solid Waste Operator II (D),DPW Department of Public Works,40472.42,1,78,630
2845,42,Male,Fire Battalion Chief (E),AFR Atlanta Fire & Recuse,80959.01,636,423,982
2846,55,Male,"Facilities Maintenance Supervisor, Sr",DOA Department of Aviation,68200.02,77,187,260
2847,57,Female,"Management Analyst, Sr",DWM Department of Watershed Management,62794.01,194,39,860
2848,27,Female,"Recreation Operations Assistant, Sr","PRC Parks, Recreation, & Cultural Affairs",30946.5,14,475,524
2849,52,Female,"Communications Dispatcher, Sr (D)",APD Atlanta Police Department,46745.68,456,34,630
2850,46,Male,Fire Sergeant (E),AFR Atlanta Fire & Recuse,41686.43,52,85,423
2851,57,Male,"GIS Technician, Sr",DWM Department of Watershed Management,42701.86,959,514,215
2852,47,Female,Business Process Analyst,DHR Department of Human Reources,60000.01,509,991,212
2853,39,Female,Watershed Director II,DWM Department of Watershed Management,105000.0,203,750,171
2854,36,Male,"Electrician, Sr (D)",DWM Department of Watershed Management,45791.13,394,840,486
2855,66,Female,Housing Development Specialist,PCD Planning & Community Development,35398.49,648,701,524
2856,55,Male,Streetcar Operator,DPW Department of Public Works,39998.4,339,691,229
2857,38,Male,Parks Worker III (D),"PRC Parks, Recreation, & Cultural Affairs",32499.01,137,571,910
2858,48,Female,Video Integration Center Monitor,DWM Department of Watershed Management,44120.0,493,194,863
2859,30,Male,Firefighter (E),AFR Atlanta Fire & Recuse,32132.8,962,202,348
2860,40,Female,Crime Scene Technician II (D),APD Atlanta Police Department,42971.89,747,982,337
2861,32,Female,Case Manager,JDA Municipal Court Operations,48500.0,443,482,88
2862,35,Male,Police Officer (E) (F) (O) (B) (S),APD Atlanta Police Department,39919.57,796,961,96
2863,36,Male,Fire Sergeant (E),AFR Atlanta Fire & Recuse,45855.71,824,400,265
2864,40,Male,Construction Inspector,DPW Department of Public Works,35355.65,838,504,711
2865,56,Male,Equipment Operator II (D),DPW Department of Public Works,30946.5,583,364,271
2866,31,Female,"IT/Compliance Auditor, Sr",AUD Audit Administration,78400.0,153,603,510
2867,38,Male,Tree Trimmer,"PRC Parks, Recreation, & Cultural Affairs",37642.24,282,262,122
2868,49,Male,Fire Captain (E),AFR Atlanta Fire & Recuse,72337.01,765,182,792
2869,29,Male,Fire Sergeant (E),AFR Atlanta Fire & Recuse,39222.84,761,863,776
2870,41,Male,"Customer Service Representative, Sr (D)",DOA Department of Aviation,32055.84,228,592,197
2871,42,Male,"Public Works Transportation Manager, Sr",DPW Department of Public Works,74580.0,439,759,911
2872,25,Male,ATL311 Call Center Representative I,EXE Executive Offices,34320.0,873,210,73
2873,60,Female,"Administrative Assistant, Sr",COR Department of Corrections,39570.12,161,554,316
2874,44,Male,Mason Supervisor,DWM Department of Watershed Management,46673.74,62,746,347
2875,50,Female,Recreation Operations Assistant,"PRC Parks, Recreation, & Cultural Affairs",28035.05,246,832,465
2876,26,Male,Police Officer (E) (F) (O) (B) (S),APD Atlanta Police Department,42762.72,699,696,847
2877,51,Male,Fire Sergeant (E),AFR Atlanta Fire & Recuse,56368.19,78,554,650
2878,52,Male,Corrections Officer (E),COR Department of Corrections,47328.11,486,783,466
2879,40,Female,"Investigator, Sr",AFR Atlanta Fire & Recuse,47848.13,452,428,121
2880,35,Male,Solid Waste Operator I (D),DPW Department of Public Works,30946.5,216,33,945
2881,64,Male,Police Sergeant (E) (F) (O) (B) (S),APD Atlanta Police Department,65578.03,549,707,968
2882,30,Male,Police Officer (E) (F) (O) (B) (S),APD Atlanta Police Department,42762.72,159,89,419
2883,55,Male,Watershed Plant Operator Class I (D),DWM Department of Watershed Management,53563.74,620,182,978
2884,39,Male,Police Investigator (E) (F) (O),APD Atlanta Police Department,48001.2,207,267,246
2885,39,Female,"IT Manager, Sr",DOA Department of Aviation,88511.47,51,364,967
2886,51,Male,Watershed Crew Supervisor (D),DWM Department of Watershed Management,46807.9,984,255,299
2887,55,Male,"Process Control Technician, Sr (D)",DWM Department of Watershed Management,48954.03,782,137,649
2888,35,Male,Fire Sergeant (E),AFR Atlanta Fire & Recuse,40435.76,224,429,97
2889,45,Female,Corrections Officer (E),COR Department of Corrections,44276.54,525,414,66
2890,37,Female,ATL311 Call Center Representative I,EXE Executive Offices,37241.93,326,183,435
2891,57,Male,"Field Engineer, Sr",DWM Department of Watershed Management,49245.04,653,521,879
2892,49,Female,"Police Officer, Sr (E) (F) (O) (B) (S)",APD Atlanta Police Department,64772.86,829,583,655
2893,48,Male,Desk Top Support Technician,DIT Department of Information Technology,53110.66,925,802,714
2894,37,Male,Police Officer (E) (F) (O) (B) (S),APD Atlanta Police Department,39919.57,269,328,820
2895,24,Female,Paralegal,LAW Law Department,39640.58,593,78,869
2896,51,Male,Police Lieutenant (E) (F) (O) (B) (S),APD Atlanta Police Department,87054.34,787,491,940
2897,76,Male,Solid Waste Equipment Operator,DPW Department of Public Works,34961.69,870,878,376
2898,44,Female,Innovation Project Officer,EXE Executive Offices,109699.99,220,804,874
2899,36,Male,Environmental Service Worker I (D),DPW Department of Public Works,27634.63,494,225,80
2900,27,Male,Firefighter (E),AFR Atlanta Fire & Recuse,35785.83,278,49,854
2901,37,Male,Vehicle/Equipment Mechanic III,DPW Department of Public Works,51148.39,359,307,19
2902,65,Male,Watershed Crew Supervisor (D),DWM Department of Watershed Management,46807.9,787,981,66
2903,38,Male,Fire Sergeant (E),AFR Atlanta Fire & Recuse,42975.69,966,179,544
2904,46,Female,Procurement Specialist,DOA Department of Aviation,42243.53,908,128,2
2905,34,Male,Police Officer (E) (F) (O) (B) (S),APD Atlanta Police Department,41316.7,584,637,58
2906,39,Male,Fire Captain (E),AFR Atlanta Fire & Recuse,52553.64,583,483,297
2907,62,Male,Fleet Parts Supervisor,DPW Department of Public Works,48823.01,987,699,323
2908,54,Male,"Water Distribution Operator, Sr",DWM Department of Watershed Management,43983.43,42,38,497
2909,27,Male,Environmental Service Worker I (D),DPW Department of Public Works,24600.01,616,134,485
2910,47,Female,"Office Support Assistant, Sr (D)",APD Atlanta Police Department,27641.74,691,497,359
2911,46,Male,Police Investigator (E) (F) (O),APD Atlanta Police Department,53219.71,820,672,494
2912,58,Male,"Investigator, Sr",SOL Solicitor Office,50800.01,236,314,898
2913,45,Male,Police Officer (E) (F) (O) (B) (S),APD Atlanta Police Department,54406.14,102,680,572
2914,35,Male,Firefighter (E),AFR Atlanta Fire & Recuse,37955.36,155,24,793
2915,58,Female,"Contract Administrator, Sr",DOP Department of Procurement,73379.28,374,984,534
2916,36,Male,Police Investigator (E) (F) (O),APD Atlanta Police Department,47289.49,745,742,319
2917,38,Female,Code Enforcement Officer,DOF Department of Finance,41549.04,189,985,203
2918,50,Male,Vehicle/Equipment Mechanic II,DPW Department of Public Works,46498.11,928,653,484
2919,30,Female,Police Officer (E) (F) (O) (B) (S),APD Atlanta Police Department,41316.7,784,6,479
2920,54,Female,Watershed Inspector,DWM Department of Watershed Management,54726.33,805,583,221
2921,50,Male,Police Captain (E),APD Atlanta Police Department,83453.01,70,502,551
2922,43,Male,Fire Sergeant (E),AFR Atlanta Fire & Recuse,50841.31,460,946,226
2923,46,Male,Court Operations Manager,JDA Municipal Court Operations,66642.16,191,299,92
2924,57,Male,Recreation Operations Assistant,"PRC Parks, Recreation, & Cultural Affairs",27641.74,78,6,621
2925,25,Male,Firefighter (E),AFR Atlanta Fire & Recuse,32132.8,239,749,555
2926,28,Male,Accountant,DPW Department of Public Works,40830.23,829,229,370
2927,46,Male,Corrections Officer (E),COR Department of Corrections,44276.54,521,754,414
2928,40,Male,Journeyperson,DWM Department of Watershed Management,44905.54,571,754,533
2929,42,Female,Communications Dispatcher (D),APD Atlanta Police Department,37032.9,12,530,424
2930,50,Male,Police Sergeant (E) (F) (O) (B) (S),APD Atlanta Police Department,53881.36,695,94,980
2931,26,Male,Police Officer (E) (F) (O) (B) (S),APD Atlanta Police Department,39919.57,288,492,628
2932,28,Male,Firefighter (E),AFR Atlanta Fire & Recuse,39741.3,445,155,236
2933,40,Male,Fire Lieutenant (E),AFR Atlanta Fire & Recuse,58340.26,383,520,450
2934,30,Female,Police Officer (E) (F) (O) (B) (S),APD Atlanta Police Department,42762.72,283,120,531
2935,33,Male,Police Investigator (E) (F) (O),APD Atlanta Police Department,44809.61,873,955,424
2936,30,Male,Licensed Practical Nurse (D),COR Department of Corrections,40560.0,290,615,154
2937,49,Female,"Office Support Assistant, Sr (D)",LAW Law Department,38637.38,614,161,288
2938,45,Male,Police Investigator (E) (F) (O),APD Atlanta Police Department,51420.1,101,357,189
2939,26,Male,Police Officer (E) (F) (O) (B) (S),APD Atlanta Police Department,42128.72,781,837,346
2940,52,Male,Fire Sergeant (E),AFR Atlanta Fire & Recuse,56368.19,138,388,362
2941,33,Male,Firefighter (E),AFR Atlanta Fire & Recuse,39129.14,307,921,346
2942,47,Male,Fire Lieutenant (E),AFR Atlanta Fire & Recuse,51998.25,470,677,487
2943,29,Female,"City Council Assistant, Sr",CCN City Council,33358.6,24,866,136
2944,51,Male,Construction/Maintenance Worker (D),DWM Department of Watershed Management,31153.49,226,615,137
2945,26,Male,Police Officer (E) (F) (O) (B) (S),APD Atlanta Police Department,39327.6,438,568,48
2946,50,Female,Police Sergeant (E) (F) (O) (B) (S),APD Atlanta Police Department,70248.88,282,142,196
2947,43,Male,Police Officer (E) (F) (O) (B) (S),APD Atlanta Police Department,55475.47,836,531,888
2948,52,Male,Police Sergeant (E) (F) (O) (B) (S),APD Atlanta Police Department,52059.28,118,962,368
2949,42,Male,Police Investigator (E) (F) (O),APD Atlanta Police Department,51420.1,532,91,159
2950,57,Male,Police Major,APD Atlanta Police Department,102365.27,179,340,214
2951,30,Male,Police Officer (E) (F) (O) (B) (S),APD Atlanta Police Department,42762.72,911,909,837
2952,27,Male,Police Officer (E) (F) (O) (B) (S),APD Atlanta Police Department,42762.72,868,718,944
2953,31,Male,Firefighter (E),AFR Atlanta Fire & Recuse,36854.61,924,430,741
2954,62,Male,Firefighter (E),AFR Atlanta Fire & Recuse,53119.42,585,662,692
2955,59,Male,Vehicle/Equipment Maintenance Supervisor,DPW Department of Public Works,62403.64,551,918,85
2956,42,Female,Judge,JDA Municipal Court Operations,153000.64,223,141,148
2957,40,Male,"Management Analyst, Sr",DWM Department of Watershed Management,55022.51,774,646,672
2958,62,Female,Accounting Technical Specialist,DOA Department of Aviation,44068.46,679,297,950
2959,41,Male,Firefighter (E),AFR Atlanta Fire & Recuse,35785.83,689,275,476
2960,39,Male,Police Investigator (E) (F) (O),APD Atlanta Police Department,49681.22,358,867,296
2961,63,Female,"Data/Reporting Analyst, Sr",DWM Department of Watershed Management,51750.02,874,903,589
2962,24,Male,Police Officer (E) (F) (O) (B) (S),APD Atlanta Police Department,34726.37,349,663,538
2963,50,Female,Business Manager I,EXE Executive Offices,61181.58,56,361,469
2964,40,Male,Network Engineer,DOA Department of Aviation,60928.48,272,434,506
2965,26,Male,Police Officer (E) (F) (O) (B) (S),APD Atlanta Police Department,40114.15,897,613,987
2966,59,Male,Procurement Specialist,"PRC Parks, Recreation, & Cultural Affairs",47317.52,284,315,111
2967,30,Male,Police Officer (E) (F) (O) (B) (S),APD Atlanta Police Department,34726.37,668,66,320
2968,47,Male,Network Engineer,DOA Department of Aviation,64953.72,73,912,856
2969,60,Female,"Drafting Technician, Sr (D)",EXE Executive Offices,39918.08,94,374,888
2970,45,Male,Police Officer (E) (F) (O) (B) (S),APD Atlanta Police Department,49071.36,307,476,247
2971,53,Male,Parks District Maintenance Supervisor,"PRC Parks, Recreation, & Cultural Affairs",46223.11,369,561,650
2972,48,Male,"Zoning Inspector, Sr",PCD Planning & Community Development,47196.63,923,818,776
2973,25,Male,Watershed Plant Operator Class I (D),DWM Department of Watershed Management,26910.0,680,952,394
2974,46,Male,Police Major,APD Atlanta Police Department,102877.01,94,776,475
2975,40,Female,"Management Analyst, Sr",DWM Department of Watershed Management,67000.0,263,529,35
2976,45,Male,Construction/Maintenance Worker (D),DPW Department of Public Works,26703.01,344,105,345
2977,41,Female,Systems Administrator,AFR Atlanta Fire & Recuse,60000.1,69,897,155
2978,38,Male,Firefighter (E),AFR Atlanta Fire & Recuse,46290.33,71,325,365
2979,53,Male,"Business Systems Analyst, Sr",DOF Department of Finance,71941.0,212,854,921
2980,48,Male,Police Traffic Control Inspector (D),APD Atlanta Police Department,29436.74,717,453,267
2981,42,Male,Police Officer (E) (F) (O) (B) (S),APD Atlanta Police Department,45808.67,183,992,644
2982,24,Female,"Human Resources Assistant, Sr",DHR Department of Human Reources,34155.01,33,862,957
2983,34,Male,Firefighter (E),AFR Atlanta Fire & Recuse,35785.83,105,270,541
2984,46,Male,Police Officer (E) (F) (O) (B) (S),APD Atlanta Police Department,42762.72,684,330,453
2985,43,Female,Utility Billing Specialist II,DWM Department of Watershed Management,47116.4,774,903,708
2986,31,Female,Solid Waste Operator I (D),DPW Department of Public Works,30946.5,183,67,336
2987,38,Male,Parks Worker III (D),"PRC Parks, Recreation, & Cultural Affairs",31400.01,362,116,900
2988,47,Female,Police Sergeant (E) (F) (O) (B) (S),APD Atlanta Police Department,57719.02,277,111,130
2989,55,Male,Facilities Maintenance Mechanic (D),DPW Department of Public Works,36421.07,850,956,673
2990,38,Male,Fire Sergeant (E),AFR Atlanta Fire & Recuse,40435.76,160,321,845
2991,49,Male,Police Sergeant (E) (F) (O) (B) (S),APD Atlanta Police Department,63360.54,702,351,13
2992,65,Male,"Construction/Maintenance Worker, Sr",DWM Department of Watershed Management,38486.47,564,790,997
2993,53,Male,Airport Engineering Manager,DOA Department of Aviation,107319.0,484,277,839
2994,46,Female,Police Investigator (E) (F) (O),APD Atlanta Police Department,57010.51,145,298,624
2995,50,Male,Police Lieutenant (E) (F) (O) (B) (S),APD Atlanta Police Department,81359.2,475,232,113
2996,39,Female,"Training Specialist, Sr",DHR Department of Human Reources,47666.74,762,344,698
2997,52,Male,Fire Captain (E),AFR Atlanta Fire & Recuse,60905.95,941,501,906
2998,30,Male,Environmental Service Worker I (D),DPW Department of Public Works,24600.01,118,736,895
2999,45,Male,City Council Member,CCN City Council,60300.01,226,875,610
3000,66,Male,"Pollution Control Monitor, Sr",DWM Department of Watershed Management,60947.6,465,173,858
3001,53,Male,"Plant Maintenance Mechanic, Sr (D)",DWM Department of Watershed Management,46807.9,168,984,746
3002,47,Male,Watershed Plant Operator Class I (D),DWM Department of Watershed Management,56175.81,278,398,478
3003,44,Male,Human Resources Assistant,DHR Department of Human Reources,37781.64,782,825,230
3004,40,Male,Fire Sergeant (E),AFR Atlanta Fire & Recuse,41068.42,274,513,258
3005,30,Male,Data Technician,"PRC Parks, Recreation, & Cultural Affairs",28188.76,15,705,833
3006,36,Female,Police Officer (E) (F) (O) (B) (S),APD Atlanta Police Department,39919.57,949,894,975
3007,48,Male,Watershed Plant Operator Class I (D),DWM Department of Watershed Management,42124.5,871,155,346
3008,60,Female,"Data/Reporting Analyst, Sr",DWM Department of Watershed Management,49245.04,186,735,591
3009,53,Female,"Graphic Arts Specialist, Sr",DOA Department of Aviation,64816.77,901,585,769
3010,59,Male,Watershed Director I,DWM Department of Watershed Management,96843.99,593,201,703
3011,56,Female,Watershed Plant Operator Class I (D),DWM Department of Watershed Management,54634.78,842,932,352
3012,53,Male,Fire Captain (E),AFR Atlanta Fire & Recuse,57284.29,253,108,31
3013,43,Male,Police Officer (E) (F) (O) (B) (S),APD Atlanta Police Department,49071.36,387,287,237
3014,55,Male,Plant Maintenance Mechanic (D),DWM Department of Watershed Management,44207.53,887,971,597
3015,44,Female,"Public Relations Manager, Sr",DPW Department of Public Works,67800.01,392,141,767
3016,26,Male,Firefighter (E),AFR Atlanta Fire & Recuse,35255.25,576,981,786
3017,52,Male,Program Management Director,DIT Department of Information Technology,109700.01,454,535,491
3018,57,Male,"Engineering Aide, Sr",DWM Department of Watershed Management,33296.71,346,319,470
3019,39,Male,Plant Maintenance Mechanic (D),DWM Department of Watershed Management,45760.0,930,72,988
3020,57,Female,Water System Control Operator,DWM Department of Watershed Management,45522.96,14,358,805
3021,55,Male,"Customer Service Representative, Sr (D)",APD Atlanta Police Department,32055.84,954,116,259
3022,33,Male,Fire Lieutenant (E),AFR Atlanta Fire & Recuse,43566.99,330,675,739
3023,49,Female,Construction/Maintenance Worker (D),DPW Department of Public Works,27684.58,932,715,22
3024,49,Female,Legislative Assistant,CCN City Council,52643.28,609,494,747
3025,51,Female,Records Analyst,APD Atlanta Police Department,42638.79,533,273,384
3026,73,Female,City Council Assistant,CCN City Council,61672.0,755,151,521
3027,35,Male,Food Service Monitor,EXE Executive Offices,22880.0,402,97,391
3028,48,Female,City Attorney,LAW Law Department,240697.08,730,224,831
3029,42,Male,Police Lieutenant (E) (F) (O) (B) (S),APD Atlanta Police Department,75950.01,583,529,7
3030,35,Female,"Traffic Systems Operator, Sr",DPW Department of Public Works,39105.4,908,394,754
3031,31,Female,Airport Operations Representative II (D),DOA Department of Aviation,51239.76,146,969,795
3032,34,Male,Fire Lieutenant (E),AFR Atlanta Fire & Recuse,43566.99,508,664,237
3033,32,Female,Police Officer (E) (F) (O) (B) (S),APD Atlanta Police Department,34726.37,323,540,329
3034,49,Male,Fire Captain (E),AFR Atlanta Fire & Recuse,63037.71,121,203,569
3035,49,Male,Desk Top Support Technician,DPW Department of Public Works,53000.0,343,590,789
3036,50,Male,"Financial Analyst, Sr",DPW Department of Public Works,50900.01,750,913,895
3037,56,Male,"Combination Inspector, Prin",PCD Planning & Community Development,66700.0,635,793,517
3038,60,Male,Construction/Maintenance Worker (D),DWM Department of Watershed Management,31205.27,57,585,257
3039,46,Female,Parks District Maintenance Supervisor,"PRC Parks, Recreation, & Cultural Affairs",48663.1,570,715,877
3040,29,Male,Solid Waste Operator I (D),DPW Department of Public Works,30957.26,989,616,480
3041,52,Male,Police Officer (E) (F) (O) (B) (S),APD Atlanta Police Department,56310.38,590,970,987
3042,29,Male,Police Officer (E) (F) (O) (B) (S),APD Atlanta Police Department,42762.72,792,656,227
3043,71,Male,Grant Services Director,DOF Department of Finance,104307.34,170,142,916
3044,55,Female,Legal Manager,SOL Solicitor Office,67000.0,477,390,918
3045,44,Male,Police Sergeant (E) (F) (O) (B) (S),APD Atlanta Police Department,54940.33,402,304,592
3046,56,Female,"Building Operations, Assistant Director",EXE Executive Offices,85800.0,939,103,461
3047,24,Male,Police Officer (E) (F) (O) (B) (S),APD Atlanta Police Department,42128.72,832,989,953
3048,45,Male,Airport Operations Representative II (D),DOA Department of Aviation,56893.41,113,772,351
3049,58,Male,Solid Waste Equipment Operator,DPW Department of Public Works,38762.67,115,139,131
3050,40,Male,Wastewater Collection Coordinator,DWM Department of Watershed Management,54351.56,94,548,659
3051,44,Female,"Financial Analyst, Sr",DOF Department of Finance,50900.01,820,980,871
3052,45,Male,Firefighter (E),AFR Atlanta Fire & Recuse,35785.83,206,504,472
3053,51,Male,Parks Supervisor (D),"PRC Parks, Recreation, & Cultural Affairs",50632.69,62,454,347
3054,41,Male,"Customer Service Manager, Sr",DWM Department of Watershed Management,62602.38,718,372,273
3055,42,Male,Fire Sergeant (E),AFR Atlanta Fire & Recuse,40435.76,116,6,973
3056,41,Female,"Office Support Assistant, Sr (D)",APD Atlanta Police Department,32821.16,950,480,623
3057,67,Female,"Legal Secretary, Sr",LAW Law Department,49492.23,513,421,85
3058,45,Male,Police Officer (E) (F) (O) (B) (S),APD Atlanta Police Department,41316.7,510,831,215
3059,37,Male,"Customer Service Representative, Sr (D)",DWM Department of Watershed Management,32055.84,119,997,788
3060,46,Male,Construction/Maintenance Worker (D),DPW Department of Public Works,26836.59,37,390,672
3061,34,Male,HVAC Technician (D),EXE Executive Offices,43388.8,846,946,525
3062,45,Male,Plant Maintenance Supervisor (D),DWM Department of Watershed Management,55189.27,358,244,620
3063,48,Female,Safety & Training Supervisor,DPW Department of Public Works,61181.35,273,299,203
3064,42,Female,Court Support Specialist III (D),JDA Municipal Court Operations,37077.56,991,815,270
3065,24,Male,Environmental Service Worker I (D),DPW Department of Public Works,24600.01,771,430,699
3066,43,Female,"City Council Assistant, Sr",CCN City Council,72000.01,877,785,676
3067,49,Female,"Administrative Assistant, Sr",DOA Department of Aviation,35780.61,365,743,346
3068,59,Male,GIS Coordinator,DOA Department of Aviation,80231.16,862,59,876
3069,35,Male,Firefighter (E),AFR Atlanta Fire & Recuse,37038.44,281,443,301
3070,34,Female,ATL311 Call Center Representative I,EXE Executive Offices,35261.42,73,824,920
3071,42,Female,"Custodian, Sr (D)",DPW Department of Public Works,26703.01,939,701,139
3072,38,Female,"Custodian, Sr (D)",DPW Department of Public Works,26703.01,920,481,993
3073,40,Male,"Police Officer, Sr (E) (F) (O) (B) (S)",APD Atlanta Police Department,49681.22,358,507,369
3074,51,Male,Web Developer,DWM Department of Watershed Management,56261.3,169,298,182
3075,37,Female,"Recruiting Coordinator, Sr",DHR Department of Human Reources,38000.02,419,158,821
3076,51,Female,"IT Manager, Sr",DIT Department of Information Technology,79088.8,304,294,959
3077,48,Male,Gardener,"PRC Parks, Recreation, & Cultural Affairs",29497.51,193,914,111
3078,53,Male,Police Officer (E) (F) (O) (B) (S),APD Atlanta Police Department,58281.18,107,15,220
3079,40,Male,Police Officer (E) (F) (O) (B) (S),APD Atlanta Police Department,44259.49,709,24,894
3080,33,Male,Police Officer (E) (F) (O) (B) (S),APD Atlanta Police Department,41316.7,999,476,963
3081,41,Male,Police Officer (E) (F) (O) (B) (S),APD Atlanta Police Department,49071.36,714,774,139
3082,34,Male,Police Officer (E) (F) (O) (B) (S),APD Atlanta Police Department,43603.23,860,861,768
3083,48,Male,Police Lieutenant (E) (F) (O) (B) (S),APD Atlanta Police Department,81359.2,18,146,667
3084,53,Male,"Investigator, Sr",DWM Department of Watershed Management,52578.01,937,977,370
3085,50,Male,Fire Sergeant (E),AFR Atlanta Fire & Recuse,52620.31,168,291,678
3086,23,Male,Police Officer (E) (F) (O) (B) (S),APD Atlanta Police Department,42128.72,323,323,16
3087,46,Male,Parks Supervisor (D),"PRC Parks, Recreation, & Cultural Affairs",38454.95,587,546,849
3088,61,Female,"Human Resources Assistant, Sr",DHR Department of Human Reources,42735.88,267,706,768
3089,33,Female,Grants Development Officer,EXE Executive Offices,51000.02,847,230,327
3090,24,Male,Environmental Service Worker I (D),DPW Department of Public Works,25922.3,127,585,50
3091,50,Male,Police Officer (E) (F) (O) (B) (S),APD Atlanta Police Department,47411.73,624,625,706
3092,33,Male,Business Systems Analyst,PCD Planning & Community Development,47300.01,514,272,337
3093,50,Female,Communications Dispatcher Supervisor (D),APD Atlanta Police Department,50716.52,257,966,481
3094,47,Male,Police Sergeant (E) (F) (O) (B) (S),APD Atlanta Police Department,56863.25,878,904,723
3095,43,Male,Parks Supervisor (D),"PRC Parks, Recreation, & Cultural Affairs",38588.04,967,709,693
3096,39,Female,"Facilities Maintenance Mechanic, Sr (D)",DOA Department of Aviation,35780.61,548,531,482
3097,42,Male,Fire Lieutenant (E),AFR Atlanta Fire & Recuse,43784.83,169,548,276
3098,56,Female,"Utility Call Center Representative, Sr (D)",DWM Department of Watershed Management,49200.18,22,37,787
3099,41,Female,Police Sergeant (E) (F) (O) (B) (S),APD Atlanta Police Department,53881.36,633,773,965
3100,32,Female,Communications Dispatcher (D),APD Atlanta Police Department,35780.61,266,669,968
3101,28,Male,Environmental Service Worker I (D),DPW Department of Public Works,25461.01,326,458,665
3102,57,Male,Welder (D),DWM Department of Watershed Management,44196.98,150,845,766
3103,49,Male,Watershed Crew Supervisor (D),DWM Department of Watershed Management,49969.5,945,250,751
3104,26,Male,Environmental Service Worker I (D),DPW Department of Public Works,24600.01,821,78,277
3105,50,Female,"Communications Dispatcher, Sr (D)",APD Atlanta Police Department,45610.94,379,273,620
3106,45,Male,"Performance Auditor, Sr",PCD Planning & Community Development,97999.99,334,708,971
3107,30,Male,Construction/Maintenance Worker (D),DWM Department of Watershed Management,31205.27,490,464,647
3108,48,Female,Executive Assistant,DOP Department of Procurement,48610.7,31,243,93
3109,57,Female,"Human Resources Assistant, Sr",DHR Department of Human Reources,43983.43,906,746,660
3110,37,Male,Firefighter (E),AFR Atlanta Fire & Recuse,36854.61,63,160,603
3111,62,Male,Parks Worker II (D),"PRC Parks, Recreation, & Cultural Affairs",30534.45,322,923,352
3112,58,Female,Accountant,DPW Department of Public Works,48569.08,817,610,175
3113,35,Male,Police Officer (E) (F) (O) (B) (S),APD Atlanta Police Department,45808.67,646,933,528
3114,46,Male,Fire Section Chief (E),AFR Atlanta Fire & Recuse,83792.57,654,226,29
3115,31,Male,Fire Sergeant (E),AFR Atlanta Fire & Recuse,39222.84,831,795,355
3116,37,Male,Fire Sergeant (E),AFR Atlanta Fire & Recuse,38641.27,200,95,315
3117,42,Male,Desk Top Support Technician,DWM Department of Watershed Management,58700.01,36,371,213
3118,41,Male,Firefighter (E),AFR Atlanta Fire & Recuse,38549.05,512,797,392
3119,56,Male,"Construction/Maintenance Worker, Sr",DWM Department of Watershed Management,42125.34,311,897,768
3120,62,Female,Recreation Instructor,"PRC Parks, Recreation, & Cultural Affairs",21840.0,862,13,122
3121,41,Male,Fire Captain (E),AFR Atlanta Fire & Recuse,56434.94,690,399,783
3122,57,Female,Fleet Manager,DPW Department of Public Works,63880.21,621,239,801
3123,40,Female,Communications Dispatcher (D),APD Atlanta Police Department,33000.01,4,952,933
3124,30,Male,Police Officer (E) (F) (O) (B) (S),APD Atlanta Police Department,42762.72,36,30,156
3125,43,Female,Contracts Coordinator,PCD Atlanta Workforce Development Agency,51347.49,114,756,279
3126,35,Male,Construction/Maintenance Worker (D),DWM Department of Watershed Management,31153.49,131,346,347
3127,57,Male,Watershed Plant Operator Class I (D),DWM Department of Watershed Management,56651.5,708,198,324
3128,34,Male,Police Officer (E) (F) (O) (B) (S),APD Atlanta Police Department,39327.6,179,515,400
3129,46,Male,"Police Officer, Sr (E) (F) (O) (B) (S)",APD Atlanta Police Department,48944.63,50,620,438
3130,43,Male,"Wastewater Collection Operator, Sr (D)",DWM Department of Watershed Management,42959.12,198,545,649
3131,49,Male,Construction/Maintenance Worker (D),DWM Department of Watershed Management,32243.88,998,357,199
3132,54,Female,Environmental Service Worker I (D),DPW Department of Public Works,31711.39,567,763,125
3133,37,Male,Police Investigator (E) (F) (O),APD Atlanta Police Department,44145.23,462,9,239
3134,27,Female,ATL311 Call Center Representative I,EXE Executive Offices,37569.65,100,242,109
3135,59,Male,Custodian (D),EXE Executive Offices,27634.63,582,411,246
3136,35,Male,"Water Service Representative, Sr",DWM Department of Watershed Management,37176.92,722,608,822
3137,60,Male,"HVAC Technician, Sr (D)",DOA Department of Aviation,58254.34,143,671,526
3138,50,Male,Security Manager,DWM Department of Watershed Management,58800.14,423,797,70
3139,29,Female,"Administrative Assistant, Sr",DOP Department of Procurement,35780.61,499,534,612
3140,68,Female,Contracts Coordinator,PCD Atlanta Workforce Development Agency,50569.7,134,892,856
3141,45,Male,Police Sergeant (E) (F) (O) (B) (S),APD Atlanta Police Department,57719.17,821,561,124
3142,49,Male,Police Officer (E) (F) (O) (B) (S),APD Atlanta Police Department,39919.57,938,923,251
3143,40,Male,Environmental Service Worker I (D),DPW Department of Public Works,25461.01,624,650,15
3144,31,Female,"Facilities Maintenance Mechanic, Sr (D)",DOA Department of Aviation,34155.01,706,784,263
3145,53,Male,Fire Sergeant (E),AFR Atlanta Fire & Recuse,54462.14,245,451,402
3146,54,Female,Custodian (D),EXE Executive Offices,35355.65,16,606,610
3147,41,Male,Corrections Officer (E),COR Department of Corrections,39869.86,401,698,765
3148,25,Female,Recreation Operations Assistant,"PRC Parks, Recreation, & Cultural Affairs",26703.01,668,537,924
3149,45,Male,Construction/Maintenance Worker (D),DWM Department of Watershed Management,33296.71,524,947,922
3150,34,Male,Firefighter (E),AFR Atlanta Fire & Recuse,41132.23,653,206,901
3151,39,Female,Communications Dispatcher (D),APD Atlanta Police Department,35780.61,856,482,222
3152,42,Female,Police Reports Technician (D),APD Atlanta Police Department,30467.07,144,797,861
3153,46,Female,Airport Director,DOA Department of Aviation,82300.0,911,96,235
3154,57,Male,"Field Engineer, Sr",DWM Department of Watershed Management,51721.28,381,91,796
3155,35,Female,Police Officer (E) (F) (O) (B) (S),APD Atlanta Police Department,41316.75,27,191,275
3156,31,Male,Police Officer (E) (F) (O) (B) (S),APD Atlanta Police Department,41316.7,39,802,601
3157,38,Female,Human Resources Manager I,DHR Department of Human Reources,36608.0,917,667,11
3158,54,Female,"Administrative Assistant, Sr",COR Department of Corrections,45610.94,416,206,281
3159,41,Male,HVAC Supervisor (D),DOA Department of Aviation,60000.01,0,659,53
3160,47,Male,Fire Sergeant (E),AFR Atlanta Fire & Recuse,44724.92,834,931,780
3161,44,Male,"Police Officer, Sr (E) (F) (O) (B) (S)",APD Atlanta Police Department,59005.65,342,512,672
3162,43,Male,Police Officer (E) (F) (O) (B) (S),APD Atlanta Police Department,45808.67,6,625,204
3163,38,Female,Executive Assistant,DWM Department of Watershed Management,59583.47,94,357,286
3164,26,Female,Administrative Assistant,EXE Executive Offices,35360.0,347,749,916
3165,34,Male,Police Officer (E) (F) (O) (B) (S),APD Atlanta Police Department,42762.72,831,306,817
3166,51,Female,"Customer Service Representative, Sr (D)",DWM Department of Watershed Management,38545.24,267,90,986
3167,47,Male,Server Engineer,DOA Department of Aviation,70000.01,126,17,999
3168,41,Male,Fire Lieutenant (E),AFR Atlanta Fire & Recuse,54628.05,833,649,581
3169,41,Female,Data Technician,DWM Department of Watershed Management,37073.15,878,51,704
3170,55,Female,"City Council Assistant, Sr",CCN City Council,23088.0,891,778,337
3171,49,Male,Parks Worker III (D),"PRC Parks, Recreation, & Cultural Affairs",32499.01,424,402,933
3172,35,Male,Electrician Specialist,DOA Department of Aviation,54853.34,124,536,336
3173,49,Male,Firefighter (E),AFR Atlanta Fire & Recuse,43212.43,196,947,994
3174,27,Female,"Data/Reporting Analyst, Sr","PRC Parks, Recreation, & Cultural Affairs",41617.06,912,476,737
3175,28,Male,Police Officer (E) (F) (O) (B) (S),APD Atlanta Police Department,41518.17,29,857,88
3176,53,Male,"Civil Engineer, Sr",DWM Department of Watershed Management,58993.58,636,497,120
3177,26,Female,Summer Program Counselor,"PRC Parks, Recreation, & Cultural Affairs",23400.0,876,375,841
3178,24,Male,Firefighter (E),AFR Atlanta Fire & Recuse,35255.25,645,650,563
3179,47,Male,Fire Battalion Chief (E),AFR Atlanta Fire & Recuse,81364.01,449,887,912
3180,39,Male,"Police Officer, Sr (E) (F) (O) (B) (S)",APD Atlanta Police Department,57010.51,318,280,537
3181,51,Male,Environmental Compliance Officer Supervisor,DWM Department of Watershed Management,50250.1,564,903,46
3182,50,Male,Vehicle/Equipment Mechanic II,DPW Department of Public Works,34700.02,684,120,990
3183,40,Male,Watershed Manager I,DWM Department of Watershed Management,69000.01,931,375,806
3184,46,Female,Research Technician,APD Atlanta Police Department,32499.01,662,696,317
3185,27,Female,Corrections Officer (E),COR Department of Corrections,30081.0,198,576,219
3186,52,Male,"Water Distribution Operator, Sr",DWM Department of Watershed Management,42735.88,875,172,339
3187,29,Male,Solid Waste Equipment Operator,DPW Department of Public Works,28048.51,891,516,49
3188,51,Male,Airport Security Manager,DOA Department of Aviation,63200.18,584,969,668
3189,58,Female,"Contracts Compliance Specialist, Sr",EXE Executive Offices,60000.1,676,390,637
3190,42,Male,Police Officer (E) (F) (O) (B) (S),APD Atlanta Police Department,44259.49,160,284,909
3191,48,Female,Office Support Assistant (D),COR Department of Corrections,24960.0,991,154,44
3192,36,Male,Solid Waste Equipment Operator,DPW Department of Public Works,28048.51,311,941,221
3193,41,Female,Warrants Technician I (D),APD Atlanta Police Department,32499.01,2,355,47
3194,45,Female,ATL 311 Call Center Supervisor,EXE Executive Offices,53000.0,902,216,497
3195,27,Male,Watershed Plant Operator Class I (D),DWM Department of Watershed Management,41196.24,456,819,83
3196,57,Male,"Civil Engineer, Sr",DWM Department of Watershed Management,62757.2,446,808,780
3197,35,Male,Police Officer (E) (F) (O) (B) (S),APD Atlanta Police Department,41316.7,807,77,207
3198,54,Male,"Police Officer, Sr (E) (F) (O) (B) (S)",APD Atlanta Police Department,62582.62,384,214,60
3199,28,Male,Police Officer (E) (F) (O) (B) (S),APD Atlanta Police Department,39327.6,171,95,574
3200,54,Female,Aquatics Facility Assistant,"PRC Parks, Recreation, & Cultural Affairs",24640.01,370,594,904
3201,44,Female,Traffic Service Technician,DPW Department of Public Works,28035.05,613,269,364
3202,43,Male,Solid Waste Equipment Operator,DPW Department of Public Works,27100.01,467,299,930
3203,58,Male,"Streetcar Safety, Security, & Training Director",DPW Department of Public Works,84999.99,653,229,878
3204,56,Male,"Investigator, Sr",LAW Law Department,47275.96,35,654,516
3205,51,Male,Electrical Engineer,DWM Department of Watershed Management,59684.98,718,54,914
3206,39,Male,"City Attorney, Assistant Sr",LAW Law Department,113000.01,237,701,11
3207,57,Male,IT Manager,APD Atlanta Police Department,59197.63,861,718,145
3208,56,Female,Permit Technician,PCD Planning & Community Development,41913.25,550,124,674
3209,29,Male,Firefighter (E),AFR Atlanta Fire & Recuse,32132.8,306,620,39
3210,44,Male,"Police Officer, Sr (E) (F) (O) (B) (S)",APD Atlanta Police Department,59005.65,858,703,920
3211,48,Male,Airport Security Representative II (D),DOA Department of Aviation,50020.46,766,484,812
3212,30,Male,Police Officer (E) (F) (O) (B) (S),APD Atlanta Police Department,42762.72,706,19,153
3213,50,Male,Police Officer (E) (F) (O) (B) (S),APD Atlanta Police Department,56310.38,591,780,828
3214,43,Male,Plant Maintenance Mechanic (D),DWM Department of Watershed Management,46491.2,69,519,964
3215,64,Male,Licensed Practical Nurse (D),COR Department of Corrections,45698.99,140,727,590
3216,27,Male,Corrections Officer (E),COR Department of Corrections,37978.84,199,972,22
3217,27,Female,"City Attorney, Assistant Sr",LAW Law Department,54600.0,694,16,723
3218,62,Male,"Facilities Maintenance Mechanic, Sr (D)",DOA Department of Aviation,41059.06,368,582,590
3219,50,Male,"Database Administrator, Sr",DOA Department of Aviation,71310.8,921,891,474
3220,33,Male,Corrections Officer (E),COR Department of Corrections,36694.53,242,237,123
3221,29,Male,Fire Sergeant (E),AFR Atlanta Fire & Recuse,39222.84,376,644,118
3222,47,Male,Fire Captain (E),AFR Atlanta Fire & Recuse,63037.52,861,11,814
3223,43,Male,"Aquatics Facility Assistant, Sr","PRC Parks, Recreation, & Cultural Affairs",29900.0,758,505,563
3224,50,Male,Environmental Service Worker I (D),DPW Department of Public Works,33969.89,445,958,104
3225,47,Male,Police Officer (E) (F) (O) (B) (S),APD Atlanta Police Department,56310.38,982,49,198
3226,40,Male,Police Sergeant (E) (F) (O) (B) (S),APD Atlanta Police Department,51287.37,661,16,183
3227,55,Female,Investigator,SOL Solicitor Office,44918.99,293,45,43
3228,59,Male,Watershed Plant Operator Supervisor (D),DWM Department of Watershed Management,64444.62,399,608,194
3229,50,Female,Data/Reporting Analyst,APD Atlanta Police Department,45785.32,561,917,402
3230,45,Male,Recreation Operations Assistant,"PRC Parks, Recreation, & Cultural Affairs",25800.01,444,255,326
3231,47,Male,Fire Battalion Chief (E),AFR Atlanta Fire & Recuse,81364.01,172,555,734
3232,42,Male,Environmental Service Worker I (D),DPW Department of Public Works,26700.1,806,284,895
3233,53,Male,"Facilities Maintenance Mechanic, Sr (D)",DOA Department of Aviation,50521.05,935,777,527
3234,63,Male,Watershed Plant Operator Class I (D),DWM Department of Watershed Management,38486.47,697,862,479
3235,57,Female,"Training Specialist, Sr",DHR Department of Human Reources,64793.41,995,966,497
3236,41,Male,Fire Sergeant (E),AFR Atlanta Fire & Recuse,49121.57,180,354,741
3237,39,Male,Fire Sergeant (E),AFR Atlanta Fire & Recuse,40435.76,92,641,207
3238,68,Female,"Administrative Assistant, Sr",DPW Department of Public Works,35355.65,318,348,766
3239,32,Male,Police Investigator (E) (F) (O),APD Atlanta Police Department,48001.18,638,515,674
3240,21,Female,Intern,DWM Department of Watershed Management,33280.0,985,309,503
3241,43,Male,Police Officer (E) (F) (O) (B) (S),APD Atlanta Police Department,45808.67,814,828,685
3242,45,Female,"Data/Reporting Analyst, Sr",DWM Department of Watershed Management,51363.94,661,684,232
3243,72,Male,Landfill Supervisor (D),DPW Department of Public Works,58142.18,282,344,901
3244,44,Male,Vehicle/Equipment Maintenance Supervisor,DOA Department of Aviation,51877.96,167,345,894
3245,48,Male,"Investigator, Sr",PDA Public Defender Administration,56363.0,530,902,718
3246,29,Male,Police Officer (E) (F) (O) (B) (S),APD Atlanta Police Department,42762.72,116,448,845
3247,62,Male,Fire Inspector,AFR Atlanta Fire & Recuse,39785.68,378,187,209
3248,36,Male,Fire Lieutenant (E),AFR Atlanta Fire & Recuse,45147.15,230,117,610
3249,52,Male,Pollution Control Maintenance Manager,DWM Department of Watershed Management,58993.58,480,60,467
3250,37,Female,"GIS Technician, Sr",AFR Atlanta Fire & Recuse,42745.5,631,31,457
3251,53,Male,Solid Waste Operator III (D),DPW Department of Public Works,42496.06,659,378,196
3252,30,Female,Police Officer (E) (F) (O) (B) (S),APD Atlanta Police Department,42762.72,542,695,996
3253,23,Female,Recreation Operations Assistant,"PRC Parks, Recreation, & Cultural Affairs",25800.01,768,506,746
3254,29,Male,Police Officer (E) (F) (O) (B) (S),APD Atlanta Police Department,39919.57,920,544,870
3255,44,Female,"Street Maintenance Supervisor, Sr",DPW Department of Public Works,43294.57,158,627,967
3256,27,Male,Police Officer (E) (F) (O) (B) (S),APD Atlanta Police Department,39919.57,562,237,142
3257,50,Male,Office Manager,EXE Executive Offices,60890.4,993,916,270
3258,63,Female,"City Council Assistant, Sr",CCN City Council,79040.0,433,804,111
3259,35,Female,Pretrial Release Officer (D),JDA Municipal Court Operations,30946.5,121,189,336
3260,46,Male,GIS Analyst,PCD Planning & Community Development,59696.89,518,197,810
3261,57,Female,Facilities Maintenance Mechanic (D),"PRC Parks, Recreation, & Cultural Affairs",32055.84,961,906,257
3262,54,Male,"Career Advisor, Sr",PCD Atlanta Workforce Development Agency,46182.6,434,407,838
3263,48,Female,Facilities Maintenance Crew Supervisor,DOA Department of Aviation,48001.41,723,139,77
3264,53,Male,Vehicle/Equipment Mechanic II,DPW Department of Public Works,46498.11,465,313,760
3265,50,Male,Solid Waste Route Supervisor (D),DPW Department of Public Works,52643.93,342,6,266
3266,46,Female,Parks District Maintenance Supervisor,"PRC Parks, Recreation, & Cultural Affairs",35914.52,596,529,388
3267,37,Male,Intern,DWM Department of Watershed Management,33280.0,544,766,463
3268,60,Female,"Data/Reporting Analyst, Sr",DOA Department of Aviation,49292.88,127,832,124
3269,45,Female,Communications Dispatcher Supervisor (D),APD Atlanta Police Department,47985.91,186,840,662
3270,35,Female,Corrections Officer (E),COR Department of Corrections,35462.13,405,939,271
3271,39,Male,Firefighter (E),AFR Atlanta Fire & Recuse,35785.83,150,291,790
3272,47,Male,"Airport Planning & Development, Assistant Director",DOA Department of Aviation,103425.13,348,475,781
3273,38,Male,Police Sergeant (E) (F) (O) (B) (S),APD Atlanta Police Department,52059.28,476,532,717
3274,52,Female,Accounting Manager,DWM Department of Watershed Management,72200.0,584,148,452
3275,49,Male,Wastewater Collection Supervisor (D),DWM Department of Watershed Management,54418.24,909,52,401
3276,59,Female,Watershed Manager II,DWM Department of Watershed Management,93907.01,529,904,993
3277,53,Male,"Construction/Maintenance Worker, Sr",DWM Department of Watershed Management,43599.8,661,245,130
3278,50,Male,Police Sergeant (E) (F) (O) (B) (S),APD Atlanta Police Department,54958.97,852,248,534
3279,50,Male,Police Officer (E) (F) (O) (B) (S),APD Atlanta Police Department,58281.18,269,365,759
3280,49,Male,"Police Officer, Sr (E) (F) (O) (B) (S)",APD Atlanta Police Department,64772.86,69,841,974
3281,56,Male,Solid Waste Operator I (D),DPW Department of Public Works,38545.24,51,538,456
3282,49,Female,Airport Security Systems Assistant,DOA Department of Aviation,38643.04,79,657,83
3283,38,Male,Fire Sergeant (E),AFR Atlanta Fire & Recuse,39222.84,125,6,851
3284,44,Male,Police Officer (E) (F) (O) (B) (S),APD Atlanta Police Department,42128.72,571,277,508
3285,39,Female,Administrative Assistant,AFR Atlanta Fire & Recuse,33589.92,331,76,438
3286,59,Male,Police Lieutenant (E) (F) (O) (B) (S),APD Atlanta Police Department,81359.2,518,211,621
3287,28,Male,Police Officer (E) (F) (O) (B) (S),APD Atlanta Police Department,41316.7,447,156,77
3288,45,Male,Fire Lieutenant (E),AFR Atlanta Fire & Recuse,49211.14,170,184,407
3289,41,Male,Fire Sergeant (E),AFR Atlanta Fire & Recuse,54462.14,282,725,291
3290,53,Female,Police Sergeant (E) (F) (O) (B) (S),APD Atlanta Police Department,57719.17,241,897,332
3291,57,Female,Accountant,JDA Municipal Court Operations,40237.12,118,397,105
3292,37,Male,Police Officer (E) (F) (O) (B) (S),APD Atlanta Police Department,35420.9,226,50,26
3293,35,Male,Police Officer (E) (F) (O) (B) (S),APD Atlanta Police Department,40717.87,168,294,408
3294,41,Male,Legal Program Assistant,PDA Public Defender Administration,43409.6,301,722,154
3295,44,Male,Fire Captain (E),AFR Atlanta Fire & Recuse,52553.64,171,484,257
3296,48,Male,Police Officer (E) (F) (O) (B) (S),APD Atlanta Police Department,44259.49,977,858,576
3297,61,Male,ATL311 Call Center Representative I,EXE Executive Offices,38902.6,878,119,523
3298,24,Male,Intern,DWM Department of Watershed Management,33280.0,488,799,461
3299,37,Male,Communications Dispatcher (D),APD Atlanta Police Department,35780.61,105,576,50
3300,52,Female,Business Manager II,DOP Department of Procurement,81158.5,310,241,284
3301,59,Male,"Process Control Technician, Sr (D)",DWM Department of Watershed Management,54276.18,896,924,284
3302,25,Female,Field Engineer,DWM Department of Watershed Management,50715.02,958,456,175
3303,48,Male,Recreation Operations Assistant,"PRC Parks, Recreation, & Cultural Affairs",28035.05,434,324,120
3304,50,Male,Police Officer (E) (F) (O) (B) (S),APD Atlanta Police Department,58281.18,69,585,105
3305,36,Male,Firefighter (E),AFR Atlanta Fire & Recuse,39741.3,653,585,677
3306,37,Male,Police Sergeant (E) (F) (O) (B) (S),APD Atlanta Police Department,57719.17,422,535,360
3307,56,Female,Fire Inspector,AFR Atlanta Fire & Recuse,49471.77,196,49,985
3308,58,Female,Security Specialist,DWM Department of Watershed Management,41300.0,835,702,429
3309,51,Female,911 Operator (D),APD Atlanta Police Department,38545.24,907,67,176
3310,52,Female,Communications Dispatcher Supervisor (D),APD Atlanta Police Department,52491.51,394,626,713
3311,54,Female,Legal Specialist,LAW Law Department,51017.7,955,109,254
3312,35,Male,Corrections Officer (E),COR Department of Corrections,35462.13,370,692,819
3313,48,Female,"Storekeeper, Sr (D)",APD Atlanta Police Department,35780.61,73,335,10
3314,50,Female,Corrections Officer (E),COR Department of Corrections,44276.54,543,210,933
3315,63,Male,Project Manager,"PRC Parks, Recreation, & Cultural Affairs",69073.89,668,562,464
3316,45,Female,Environmental Service Worker I (D),DPW Department of Public Works,27634.63,990,695,722
3317,46,Female,Fire Captain (E),AFR Atlanta Fire & Recuse,55279.3,72,300,374
3318,42,Male,Recreation Program Director,"PRC Parks, Recreation, & Cultural Affairs",41000.0,578,589,288
3319,64,Male,Police Officer (E) (F) (O) (B) (S),APD Atlanta Police Department,44259.49,935,233,448
3320,31,Male,Firefighter (E),AFR Atlanta Fire & Recuse,37955.36,14,290,878
3321,56,Female,Ethics Officer,ETH Ethics Administration,151424.02,664,733,373
3322,29,Male,Parks Supervisor (D),"PRC Parks, Recreation, & Cultural Affairs",38525.17,274,525,128
3323,53,Female,Contracts Compliance Specialist,EXE Executive Offices,54276.18,776,848,673
3324,41,Female,"Programmer Analyst, Sr",PCD Atlanta Workforce Development Agency,55000.0,436,182,552
3325,47,Female,"Data/Reporting Analyst, Sr",DPW Department of Public Works,41000.13,874,67,27
3326,46,Male,Facilities Maintenance Mechanic (D),DOA Department of Aviation,31567.52,611,207,988
3327,26,Male,Firefighter (E),AFR Atlanta Fire & Recuse,36854.61,217,432,987
3328,31,Male,Police Officer (E) (F) (O) (B) (S),APD Atlanta Police Department,39919.57,436,189,373
3329,46,Female,Budget & Policy Manager,DOF Department of Finance,70058.41,667,901,884
3330,58,Male,Solid Waste Operator II (D),DPW Department of Public Works,39103.89,79,943,408
3331,33,Male,"Watershed Inspector, Sr",DWM Department of Watershed Management,43463.01,238,814,474
3332,50,Male,"Watershed Inspector, Sr",DWM Department of Watershed Management,43463.01,192,456,661
3333,33,Male,Police Officer (E) (F) (O) (B) (S),APD Atlanta Police Department,42762.72,780,708,621
3334,54,Male,Resource Control Supervisor,DPW Department of Public Works,35914.52,422,257,797
3335,22,Male,Police Officer (E) (F) (O) (B) (S),APD Atlanta Police Department,34726.37,356,53,385
3336,54,Male,Watershed Director I,DWM Department of Watershed Management,99000.01,905,983,168
3337,50,Male,Fire Battalion Chief (E),AFR Atlanta Fire & Recuse,81364.01,533,775,522
3338,47,Male,Police Officer (E) (F) (O) (B) (S),APD Atlanta Police Department,49071.36,557,901,286
3339,44,Female,Construction/Maintenance Worker (D),DWM Department of Watershed Management,36916.86,879,74,452
3340,59,Female,"Programmer Analyst, Sr",DIT Department of Information Technology,63100.0,894,337,237
3341,49,Male,Police Sergeant (E) (F) (O) (B) (S),APD Atlanta Police Department,67873.31,349,58,775
3342,24,Male,Corrections Officer (E),COR Department of Corrections,30081.0,386,330,503
3343,34,Male,Police Officer (E) (F) (O) (B) (S),APD Atlanta Police Department,42762.72,539,460,174
3344,20,Male,Environmental Service Worker I (D),DPW Department of Public Works,24600.01,583,656,505
3345,52,Female,Fire Inspector,AFR Atlanta Fire & Recuse,43926.59,440,300,677
3346,56,Male,Watershed Director II,DWM Department of Watershed Management,125000.01,940,653,947
3347,48,Female,Water Distribution Maintenance Supervisor,DWM Department of Watershed Management,55881.0,823,5,97
3348,47,Female,"Administrative Assistant, Sr",DWM Department of Watershed Management,45521.82,646,208,943
3349,58,Female,Licensed Practical Nurse (D),COR Department of Corrections,43455.13,917,416,652
3350,51,Female,"Customer Service Representative, Sr (D)",PCD Planning & Community Development,31200.0,806,511,120
3351,39,Female,Watershed Plant Operator Class I (D),DWM Department of Watershed Management,56793.55,98,688,160
3352,46,Male,Fire Sergeant (E),AFR Atlanta Fire & Recuse,38834.52,742,538,689
3353,44,Male,Police Officer (E) (F) (O) (B) (S),APD Atlanta Police Department,50788.82,675,887,612
3354,43,Female,Purchasing Assistant,DWM Department of Watershed Management,32380.42,834,176,516
3355,28,Male,Police Officer (E) (F) (O) (B) (S),APD Atlanta Police Department,39919.57,946,39,605
3356,44,Male,Fire Battalion Chief (E),AFR Atlanta Fire & Recuse,81363.73,833,725,186
3357,38,Female,Police Officer (E) (F) (O) (B) (S),APD Atlanta Police Department,41316.7,548,935,466
3358,63,Female,"Management Analyst, Sr",PCD Planning & Community Development,67000.0,274,910,136
3359,53,Male,Watershed Director I,DWM Department of Watershed Management,110000.01,373,992,287
3360,54,Male,Recreation Specialist,"PRC Parks, Recreation, & Cultural Affairs",42735.88,610,388,632
3361,57,Female,Licensed Practical Nurse (D),COR Department of Corrections,45699.21,30,71,176
3362,33,Female,"Recreation Operations Assistant, Sr","PRC Parks, Recreation, & Cultural Affairs",32034.31,152,519,366
3363,31,Male,City Council Assistant,CCN City Council,31200.0,230,324,422
3364,52,Female,"Administrative Assistant, Sr",AFR Atlanta Fire & Recuse,35780.61,10,103,857
3365,31,Female,HRIS Specialist,DHR Department of Human Reources,44337.49,784,41,395
3366,42,Male,Streetcar Communications Analyst,DPW Department of Public Works,50751.58,181,131,277
3367,40,Female,Parks Special Services Supervisor,"PRC Parks, Recreation, & Cultural Affairs",45339.97,348,855,284
3368,39,Male,Police Officer (E) (F) (O) (B) (S),APD Atlanta Police Department,44259.49,800,877,775
3369,55,Female,Police Officer (E) (F) (O) (B) (S),APD Atlanta Police Department,58281.18,275,702,884
3370,35,Male,"Management Analyst, Sr",AFR Atlanta Fire & Recuse,67800.1,331,608,110
3371,55,Male,Food Service Monitor,EXE Executive Offices,21008.0,107,766,467
3372,32,Female,Crime Prevention Inspector,APD Atlanta Police Department,35780.61,179,852,912
3373,39,Male,Police Sergeant (E) (F) (O) (B) (S),APD Atlanta Police Department,53881.36,438,872,803
3374,39,Male,Equipment Operator III (D),DPW Department of Public Works,34155.01,491,785,116
3375,31,Female,Court Support Specialist I (D),JDA Municipal Court Operations,30848.5,792,104,795
3376,36,Male,Fire Sergeant (E),AFR Atlanta Fire & Recuse,42975.69,358,238,682
3377,39,Male,Police Officer (E) (F) (O) (B) (S),APD Atlanta Police Department,41316.7,523,306,144
3378,29,Female,Pollution Control Monitor,DWM Department of Watershed Management,42365.06,790,964,529
3379,51,Female,Chief Counsel,LAW Law Department,116880.19,99,677,797
3380,26,Male,Solid Waste Operator I (D),DPW Department of Public Works,32034.31,7,856,566
3381,51,Male,"Facilities Maintenance Supervisor, Sr",DOA Department of Aviation,67000.0,470,394,819
3382,42,Male,Custodian (D),"PRC Parks, Recreation, & Cultural Affairs",24600.01,771,154,48
3383,24,Female,"Administrative Assistant, Sr",EXE Executive Offices,37260.0,407,539,154
3384,49,Female,"City Council Assistant, Sr",CCN City Council,24280.0,557,235,131
3385,47,Male,Customer Service Manager,DWM Department of Watershed Management,50000.02,177,456,290
3386,51,Male,Police Major,APD Atlanta Police Department,107365.0,279,575,2
3387,38,Male,Help Desk Specialist,DIT Department of Information Technology,51319.09,288,405,382
3388,47,Male,Police Lieutenant (E) (F) (O) (B) (S),APD Atlanta Police Department,75950.06,659,848,583
3389,31,Female,Police Officer (E) (F) (O) (B) (S),APD Atlanta Police Department,34726.37,344,635,966
3390,31,Male,Fire Sergeant (E),AFR Atlanta Fire & Recuse,40435.76,909,178,977
3391,32,Male,Police Officer (E) (F) (O) (B) (S),APD Atlanta Police Department,39919.57,552,160,159
3392,60,Male,"Office Support Assistant, Sr (D)",APD Atlanta Police Department,35158.88,995,461,465
3393,43,Female,"City Attorney, Assistant Sr",LAW Law Department,80000.13,649,405,651
3394,31,Male,Firefighter (E),AFR Atlanta Fire & Recuse,37955.36,429,35,32
3395,52,Male,Police Officer (E) (F) (O) (B) (S),APD Atlanta Police Department,42762.72,513,126,496
3396,37,Male,Firefighter (E),AFR Atlanta Fire & Recuse,36854.61,11,80,582
3397,34,Male,Aquatics Facility Assistant,"PRC Parks, Recreation, & Cultural Affairs",28035.05,22,1,933
3398,25,Male,Police Officer (E) (F) (O) (B) (S),APD Atlanta Police Department,39919.57,46,13,365
3399,30,Male,Parks Worker I (D),"PRC Parks, Recreation, & Cultural Affairs",26700.1,251,403,594
3400,32,Male,Vehicle/Equipment Mechanic II,DPW Department of Public Works,34700.02,338,893,29
3401,51,Female,"Communications Dispatcher, Sr (D)",DOA Department of Aviation,39105.4,510,788,132
3402,70,Male,"Accounting Technician, Sr",DOF Department of Finance,45779.72,171,39,437
3403,55,Male,Police Officer (E) (F) (O) (B) (S),APD Atlanta Police Department,61814.27,207,168,689
3404,20,Male,Firefighter (E),AFR Atlanta Fire & Recuse,32132.8,350,318,75
3405,52,Male,Fire Captain (E),AFR Atlanta Fire & Recuse,69891.06,760,244,196
3406,30,Male,Firefighter (E),AFR Atlanta Fire & Recuse,35785.83,823,476,560
3407,59,Female,"Executive Assistant, Sr",SOL Solicitor Office,73400.02,629,258,823
3408,41,Female,Executive Director of Recreation,"PRC Parks, Recreation, & Cultural Affairs",135000.01,608,208,969
3409,55,Male,"Facilities Maintenance Mechanic, Sr (D)",DPW Department of Public Works,50569.7,547,471,177
3410,34,Male,Corrections Officer (E),COR Department of Corrections,34258.02,728,596,645
3411,51,Male,Public Works Transportation Manager,DPW Department of Public Works,71643.58,343,597,490
3412,58,Female,Customer Service Supervisor (D),DOA Department of Aviation,43764.27,773,707,103
3413,36,Male,"Data/Reporting Analyst, Sr",JDA Municipal Court Operations,44690.05,654,774,888
3414,28,Female,Airport Operations Representative I (D),DOA Department of Aviation,41913.25,118,633,200
3415,53,Male,Recreation Operations Assistant,"PRC Parks, Recreation, & Cultural Affairs",28035.05,353,486,90
3416,31,Male,Police Officer (E) (F) (O) (B) (S),APD Atlanta Police Department,39919.57,502,532,738
3417,49,Female,"Communications Dispatcher Supervisor, Sr (D)",APD Atlanta Police Department,50050.08,690,972,313
3418,53,Female,Communications Dispatcher (D),APD Atlanta Police Department,45522.89,221,669,548
3419,45,Female,Judicial Assistant,JDA Municipal Court Operations,51592.71,293,607,113
3420,32,Male,"Plans Review Specialist, Sr",PCD Planning & Community Development,58000.01,961,434,746
3421,49,Female,Corrections Officer (E),COR Department of Corrections,44276.54,171,331,496
3422,41,Female,Compliance Specialist,DOA Department of Aviation,50000.02,354,155,812
3423,31,Female,"Construction/Maintenance Worker, Seasonal","PRC Parks, Recreation, & Cultural Affairs",21320.0,294,424,962
3424,48,Male,HVAC Technician (D),EXE Executive Offices,37198.45,186,48,440
3425,54,Male,"Storekeeper, Sr (D)",DOA Department of Aviation,37032.9,765,868,86
3426,58,Male,"Watershed Inspector, Sr",DWM Department of Watershed Management,49200.18,6,434,540
3427,62,Male,Parks Supervisor (D),"PRC Parks, Recreation, & Cultural Affairs",38550.19,16,543,1000
3428,26,Male,Environmental Service Worker I (D),DPW Department of Public Works,25588.4,789,906,266
3429,33,Male,Police Officer (E) (F) (O) (B) (S),APD Atlanta Police Department,34726.37,831,942,765
3430,51,Female,"Investigator, Sr",SOL Solicitor Office,59071.94,357,429,553
3431,20,Female,Intern,DWM Department of Watershed Management,29078.4,9,414,252
3432,41,Male,Firefighter (E),AFR Atlanta Fire & Recuse,37392.58,348,405,833
3433,60,Female,"Customer Service Representative, Sr (D)",APD Atlanta Police Department,41523.64,552,181,263
3434,26,Male,Police Officer (E) (F) (O) (B) (S),APD Atlanta Police Department,42762.72,9,632,609
3435,32,Male,Data/Reporting Analyst,EXE Executive Offices,40000.0,122,770,0
3436,56,Male,Corrections Officer (E),COR Department of Corrections,42807.23,136,512,516
3437,57,Male,"Corrections Officer, Sr (E)",COR Department of Corrections,49543.31,469,476,199
3438,45,Female,Budget & Policy Manager,DOF Department of Finance,80000.0,868,491,733
3439,44,Male,Police Officer (E) (F) (O) (B) (S),APD Atlanta Police Department,42762.72,227,480,960
3440,31,Male,Firefighter (E),AFR Atlanta Fire & Recuse,37955.36,474,429,408
3441,35,Female,Police Property Management Technician (D),APD Atlanta Police Department,29436.74,916,133,32
3442,52,Female,Health Technician (D),COR Department of Corrections,30000.01,218,2,172
3443,51,Female,Contract Administrator,LAW Law Department,60880.0,633,255,582
3444,63,Female,Water Service Representative,DWM Department of Watershed Management,37241.93,689,122,372
3445,26,Male,Environmental Service Worker I (D),DPW Department of Public Works,24600.01,594,764,216
3446,55,Male,Corrections Officer (E),COR Department of Corrections,35462.13,339,662,248
3447,35,Male,Police Sergeant (E) (F) (O) (B) (S),APD Atlanta Police Department,53881.36,303,822,397
3448,29,Male,Firefighter (E),AFR Atlanta Fire & Recuse,40339.3,503,13,75
3449,59,Male,Solid Waste Operator I (D),DPW Department of Public Works,34765.57,819,321,656
3450,44,Male,"Communications Electronics Technician, Sr (D)",APD Atlanta Police Department,43497.97,823,39,979
3451,64,Male,"Auditor, Sr",DOA Department of Aviation,54863.54,887,680,667
3452,43,Female,"Administrative Assistant, Sr",PCD Atlanta Workforce Development Agency,42452.4,229,36,923
3453,43,Male,Police Sergeant (E) (F) (O) (B) (S),APD Atlanta Police Department,55767.3,798,183,50
3454,54,Male,Storekeeper (D),AFR Atlanta Fire & Recuse,32637.09,143,791,111
3455,28,Male,Police Officer (E) (F) (O) (B) (S),APD Atlanta Police Department,41316.66,988,423,119
3456,48,Male,"Wastewater Collection Operator, Sr (D)",DWM Department of Watershed Management,42745.5,552,221,859
3457,34,Female,Vehicle for Hire Enforcement Officer (D),APD Atlanta Police Department,38300.08,942,945,110
3458,24,Male,Firefighter (E),AFR Atlanta Fire & Recuse,35785.83,161,53,598
3459,30,Male,Fire Sergeant (E),AFR Atlanta Fire & Recuse,42975.69,788,344,998
3460,36,Male,Police Sergeant (E) (F) (O) (B) (S),APD Atlanta Police Department,57653.02,581,691,410
3461,28,Male,Firefighter (E),AFR Atlanta Fire & Recuse,32132.8,355,422,852
3462,51,Male,Facilities Maintenance Mechanic (D),EXE Executive Offices,38017.37,143,964,831
3463,37,Female,Pretrial Release Officer (D),JDA Municipal Court Operations,30946.5,500,738,596
3464,40,Male,"Police Officer, Sr (E) (F) (O) (B) (S)",APD Atlanta Police Department,55082.56,290,779,569
3465,58,Male,Corrections Officer (E),COR Department of Corrections,30081.0,360,632,657
3466,27,Male,Code Enforcement Officer,APD Atlanta Police Department,41033.87,866,330,859
3467,30,Male,Environmental Service Worker I (D),DPW Department of Public Works,25460.99,833,184,997
3468,42,Female,"Financial Analyst, Sr",DOF Department of Finance,67800.01,200,791,486
3469,47,Male,Police Lieutenant (E) (F) (O) (B) (S),APD Atlanta Police Department,70900.13,228,906,501
3470,51,Male,"Facilities Maintenance Mechanic, Sr (D)",DOA Department of Aviation,35062.4,11,190,192
3471,56,Female,"Management Analyst, Sr",DWM Department of Watershed Management,55056.35,771,407,41
3472,24,Male,Police Officer (E) (F) (O) (B) (S),APD Atlanta Police Department,34726.37,944,450,893
3473,51,Female,Office Manager,PCD Planning & Community Development,40966.06,973,414,564
3474,48,Female,"City Council Assistant, Sr",CCN City Council,61122.67,947,461,402
3475,45,Female,Water Service Representative,DWM Department of Watershed Management,34672.5,83,363,243
3476,34,Male,Airport Operations Representative III (D),DOA Department of Aviation,61691.55,388,703,158
3477,29,Female,Firefighter (E),AFR Atlanta Fire & Recuse,35255.25,713,782,268
3478,28,Male,Parks Worker I (D),"PRC Parks, Recreation, & Cultural Affairs",25461.01,390,757,285
3479,29,Male,Fire Sergeant (E),AFR Atlanta Fire & Recuse,38641.27,61,422,768
3480,39,Female,Accountant,AFR Atlanta Fire & Recuse,43279.07,574,784,750
3481,54,Male,Watershed Manager I,DWM Department of Watershed Management,72000.01,566,513,283
3482,32,Male,Police Officer (E) (F) (O) (B) (S),APD Atlanta Police Department,44259.49,39,288,698
3483,48,Female,Contracting Officer,"PRC Parks, Recreation, & Cultural Affairs",43805.63,255,809,667
3484,26,Female,Watershed Plant Operator Class I (D),DWM Department of Watershed Management,41027.92,515,837,327
3485,45,Male,"Public Relations Manager, Sr",DWM Department of Watershed Management,58400.78,465,860,775
3486,45,Female,"Airport Engineer, Assistant",DOA Department of Aviation,65000.0,460,210,835
3487,55,Male,Fire Sergeant (E),AFR Atlanta Fire & Recuse,56368.19,119,981,76
3488,39,Male,Firefighter (E),AFR Atlanta Fire & Recuse,32132.8,367,544,240
3489,40,Male,Police Officer (E) (F) (O) (B) (S),APD Atlanta Police Department,42762.72,88,408,374
3490,32,Male,"Facilities Maintenance Mechanic, Sr (D)",DOA Department of Aviation,35780.61,689,899,148
3491,49,Male,Water Quality Control Specialist,DWM Department of Watershed Management,43983.21,456,843,492
3492,39,Male,Corrections Officer (E),COR Department of Corrections,34429.3,345,723,315
3493,54,Male,Fire Sergeant (E),AFR Atlanta Fire & Recuse,54462.14,591,451,448
3494,51,Male,"Facility Project Manager, Sr",DOA Department of Aviation,80500.01,41,926,183
3495,51,Male,Police Sergeant (E) (F) (O) (B) (S),APD Atlanta Police Department,53881.34,836,593,378
3496,47,Male,Vehicle/Equipment Mechanic II,DPW Department of Public Works,46498.11,360,307,962
3497,34,Male,"Police Officer, Sr (E) (F) (O) (B) (S)",APD Atlanta Police Department,48001.2,591,894,222
3498,53,Male,Fire Captain (E),AFR Atlanta Fire & Recuse,72337.01,650,332,471
3499,38,Female,Water Service Representative,DWM Department of Watershed Management,36358.42,15,917,987
3500,33,Female,Legal Specialist,SOL Solicitor Office,52000.0,514,335,94
3501,31,Male,Police Officer (E) (F) (O) (B) (S),APD Atlanta Police Department,42762.72,197,879,682
3502,38,Female,"City Council Assistant, Sr",CCN City Council,64000.02,104,827,824
3503,42,Female,"Communications Dispatcher, Sr (D)",APD Atlanta Police Department,39105.4,308,602,677
3504,46,Male,"Process Control Technician, Sr (D)",DWM Department of Watershed Management,51619.41,910,848,337
3505,31,Male,Watershed Operations Coordinator,DWM Department of Watershed Management,58800.02,426,558,67
3506,23,Male,Firefighter (E),AFR Atlanta Fire & Recuse,32132.8,939,292,220
3507,44,Male,Facilities Maintenance Mechanic (D),DOA Department of Aviation,32061.11,287,5,999
3508,57,Male,Watershed Manager I,DWM Department of Watershed Management,76686.02,195,281,266
3509,29,Male,Watershed Plant Operator Class I (D),DWM Department of Watershed Management,41400.0,38,28,471
3510,55,Male,Electrician Supervisor (D),DOA Department of Aviation,65132.95,370,250,92
3511,41,Female,Desk Top Support Technician,DWM Department of Watershed Management,47666.74,94,674,223
3512,58,Female,"Administrative Assistant, Sr",DOA Department of Aviation,49002.03,769,981,539
3513,31,Male,Firefighter (E),AFR Atlanta Fire & Recuse,37955.36,597,244,202
3514,30,Male,Intern,DWM Department of Watershed Management,33280.0,881,194,864
3515,24,Female,Corrections Officer (E),COR Department of Corrections,30081.0,397,461,259
3516,45,Male,Vehicle/Equipment Mechanic III,DPW Department of Public Works,51319.09,314,247,473
3517,45,Male,Airport Operations Representative III (D),DOA Department of Aviation,66110.22,255,430,910
3518,42,Male,Police Officer (E) (F) (O) (B) (S),APD Atlanta Police Department,41316.7,355,949,570
3519,51,Male,Fire Captain (E),AFR Atlanta Fire & Recuse,77103.81,891,25,893
3520,58,Female,Warrants Technician I (D),APD Atlanta Police Department,32499.01,475,791,370
3521,27,Female,ATL311 Call Center Representative I,EXE Executive Offices,36942.05,978,884,146
3522,56,Male,Intern,DWM Department of Watershed Management,33280.0,651,288,292
3523,27,Female,Police Officer (E) (F) (O) (B) (S),APD Atlanta Police Department,34726.37,511,819,245
3524,44,Female,Communications Dispatcher (D),APD Atlanta Police Department,43736.93,420,59,645
3525,50,Male,Police Sergeant (E) (F) (O) (B) (S),APD Atlanta Police Department,56863.25,178,314,184
3526,27,Male,Police Officer (E) (F) (O) (B) (S),APD Atlanta Police Department,41316.7,211,121,574
3527,52,Male,Solid Waste Operator I (D),DPW Department of Public Works,33924.25,136,940,172
3528,28,Female,Corrections Officer (E),COR Department of Corrections,34257.02,257,753,577
3529,53,Female,Police Property Management Supervisor (D),APD Atlanta Police Department,39709.04,736,736,727
3530,46,Female,Warrants Technician I (D),JDA Municipal Court Operations,32498.99,474,89,424
3531,44,Male,Security Specialist,DWM Department of Watershed Management,41300.0,772,119,663
3532,47,Male,Airport Director,DOA Department of Aviation,103175.76,350,378,250
3533,64,Female,ATL311 Call Center Representative I,EXE Executive Offices,37241.93,881,615,303
3534,42,Female,Airport Security Systems Assistant,DOA Department of Aviation,38955.35,894,424,666
3535,52,Male,Police Sergeant (E) (F) (O) (B) (S),APD Atlanta Police Department,67873.31,196,875,592
3536,60,Male,Case Manager,JDA Municipal Court Operations,50448.5,435,591,367
3537,74,Male,Custodian (D),EXE Executive Offices,30304.64,871,310,98
3538,22,Male,Environmental Service Worker I (D),DPW Department of Public Works,24600.01,459,924,359
3539,32,Male,Intern,DWM Department of Watershed Management,33280.0,303,984,992
3540,43,Female,Telecommunications Manager,DIT Department of Information Technology,58800.04,349,943,561
3541,31,Female,"Administrative Assistant, Sr",EXE Executive Offices,41000.0,327,702,902
3542,51,Male,Construction/Maintenance Worker (D),DWM Department of Watershed Management,31205.27,694,873,913
3543,28,Male,Assistant Attorney,SOL Solicitor Office,63200.01,783,432,417
3544,29,Male,Vehicle for Hire Enforcement Officer (D),APD Atlanta Police Department,38300.08,234,395,306
3545,56,Female,"Facilities Maintenance Mechanic, Sr (D)",DOA Department of Aviation,35780.61,653,507,972
3546,48,Male,Construction/Maintenance Worker (D),DWM Department of Watershed Management,31153.51,32,605,167
3547,27,Male,Watershed Plant Operator Class I (D),DWM Department of Watershed Management,41027.91,74,747,509
3548,36,Female,City Council Assistant,CCN City Council,45011.2,220,632,781
3549,56,Female,"Office Support Assistant, Sr (D)",APD Atlanta Police Department,36389.42,709,934,339
3550,26,Male,Help Desk Supervisor,DOA Department of Aviation,60170.01,245,586,839
3551,51,Male,Fire Sergeant (E),AFR Atlanta Fire & Recuse,41686.43,723,185,243
3552,31,Male,Firefighter (E),AFR Atlanta Fire & Recuse,32132.8,415,630,620
3553,61,Male,"Facilities Maintenance Supervisor, Sr",DOA Department of Aviation,67955.24,488,963,469
3554,49,Male,"Environmental Compliance Officer, Sr",DWM Department of Watershed Management,46807.9,729,460,197
3555,42,Male,Fire Captain (E),AFR Atlanta Fire & Recuse,65243.89,212,328,907
3556,29,Female,Police Officer (E) (F) (O) (B) (S),APD Atlanta Police Department,34726.37,674,492,828
3557,26,Female,Police Officer (E) (F) (O) (B) (S),APD Atlanta Police Department,42128.72,744,856,539
3558,52,Female,Corrections Sergeant (E),COR Department of Corrections,51118.02,202,711,561
3559,54,Male,Solid Waste Operator II (D),DPW Department of Public Works,40472.42,251,954,929
3560,43,Male,Firefighter (E),AFR Atlanta Fire & Recuse,32132.8,253,440,526
3561,28,Male,"Career Advisor, Sr",PCD Atlanta Workforce Development Agency,45988.8,761,41,77
3562,43,Female,Parks Supervisor (D),"PRC Parks, Recreation, & Cultural Affairs",38350.82,340,476,622
3563,54,Male,Police Investigator (E) (F) (O),APD Atlanta Police Department,62582.62,931,783,832
3564,49,Male,"Wastewater Collection Operator, Sr (D)",DWM Department of Watershed Management,43257.07,358,623,978
3565,59,Male,Water Utility Development Director,DWM Department of Watershed Management,98579.0,859,290,481
3566,35,Male,Police Lieutenant (E) (F) (O) (B) (S),APD Atlanta Police Department,70900.13,685,31,851
3567,27,Male,Firefighter (E),AFR Atlanta Fire & Recuse,32132.8,652,18,978
3568,85,Male,Data Operations Technician (D),DIT Department of Information Technology,47382.05,973,75,101
3569,36,Female,Police Officer (E) (F) (O) (B) (S),APD Atlanta Police Department,42762.72,948,715,497
3570,38,Male,Police Officer (E) (F) (O) (B) (S),APD Atlanta Police Department,50788.82,71,856,472
3571,40,Female,Contracts Compliance Specialist,EXE Executive Offices,45339.91,707,30,88
3572,59,Male,Environmental Service Worker I (D),DPW Department of Public Works,33969.89,155,75,609
3573,47,Female,Film & Entertainment Liaison,EXE Executive Offices,47300.03,619,54,804
3574,23,Male,Police Officer (E) (F) (O) (B) (S),APD Atlanta Police Department,34726.37,265,308,254
3575,21,Female,Intern,DWM Department of Watershed Management,33280.0,450,265,236
3576,40,Male,"Facilities Maintenance Mechanic, Sr (D)",DOA Department of Aviation,39709.04,85,758,351
3577,24,Female,Corrections Officer (E),COR Department of Corrections,34257.02,399,176,286
3578,48,Female,Customer Service Manager,PCD Planning & Community Development,60000.01,502,270,722
3579,53,Female,Telecom Specialist,DWM Department of Watershed Management,43687.42,914,688,177
3580,48,Female,Airport Security Systems Assistant,DOA Department of Aviation,41059.06,694,261,586
3581,59,Male,Gardener,"PRC Parks, Recreation, & Cultural Affairs",33110.06,975,204,745
3582,37,Male,Police Officer (E) (F) (O) (B) (S),APD Atlanta Police Department,42762.72,429,131,560
3583,39,Male,Recreation Operations Assistant,"PRC Parks, Recreation, & Cultural Affairs",27641.74,78,655,57
3584,25,Male,Firefighter (E),AFR Atlanta Fire & Recuse,35785.83,928,679,951
3585,30,Male,Firefighter (E),AFR Atlanta Fire & Recuse,36854.61,773,669,361
3586,34,Female,Police Reports Technician (D),APD Atlanta Police Department,30467.07,703,656,871
3587,28,Male,Construction/Maintenance Worker (D),DWM Department of Watershed Management,30099.99,272,285,370
3588,53,Female,Training & Quality Assurance Manager,APD Atlanta Police Department,53842.59,893,714,838
3589,40,Male,Firefighter (E),AFR Atlanta Fire & Recuse,35785.83,779,103,989
3590,51,Male,Police Sergeant (E) (F) (O) (B) (S),APD Atlanta Police Department,70248.88,639,197,881
3591,46,Male,Electrician Supervisor (D),"PRC Parks, Recreation, & Cultural Affairs",57225.02,45,300,569
3592,49,Male,YouthBuild Construction Manager,PCD Atlanta Workforce Development Agency,54873.1,837,886,77
3593,49,Male,Fire Captain (E),AFR Atlanta Fire & Recuse,65243.89,64,956,574
3594,58,Female,Maintenance Mechanic Supervisor,DWM Department of Watershed Management,48888.15,456,257,416
3595,57,Female,Parks District Maintenance Supervisor,"PRC Parks, Recreation, & Cultural Affairs",47847.77,184,11,805
3596,46,Male,"Police Officer, Sr (E) (F) (O) (B) (S)",APD Atlanta Police Department,57010.51,805,362,582
3597,45,Female,"Plans Review Specialist, Sr",PCD Planning & Community Development,62483.3,733,705,258
3598,28,Female,Protocol Officer,EXE Executive Offices,65000.0,957,170,505
3599,36,Male,Fire Sergeant (E),AFR Atlanta Fire & Recuse,45175.69,857,260,505
3600,34,Male,Police Officer (E) (F) (O) (B) (S),APD Atlanta Police Department,41118.19,176,335,639
3601,44,Female,"Water Service Representative, Sr",DWM Department of Watershed Management,37241.93,797,26,304
3602,54,Male,Solid Waste Equipment Operator,DPW Department of Public Works,37241.93,990,714,563
3603,58,Male,Corrections Officer (E),COR Department of Corrections,30081.0,587,799,44
3604,38,Male,Arborist,PCD Planning & Community Development,51331.1,299,145,987
3605,60,Male,"Safety & Training Officer, Sr",DPW Department of Public Works,47894.85,519,837,89
3606,43,Female,Police Officer (E) (F) (O) (B) (S),APD Atlanta Police Department,42762.72,71,783,170
3607,26,Male,Firefighter (E),AFR Atlanta Fire & Recuse,32132.8,84,955,907
3608,51,Male,Solid Waste Equipment Operator,DPW Department of Public Works,39894.4,217,855,274
3609,38,Female,"Storekeeper, Sr (D)",DWM Department of Watershed Management,35886.1,516,820,539
3610,44,Female,Facilities Maintenance Mechanic (D),DOA Department of Aviation,32055.84,484,210,18
3611,28,Female,Warrants Technician I (D),JDA Municipal Court Operations,32498.99,171,996,735
3612,29,Female,Police Officer (E) (F) (O) (B) (S),APD Atlanta Police Department,37759.7,241,306,35
3613,24,Female,Police Officer (E) (F) (O) (B) (S),APD Atlanta Police Department,39919.57,200,975,953
3614,46,Female,Police Sergeant (E) (F) (O) (B) (S),APD Atlanta Police Department,63360.54,209,119,767
3615,41,Female,"Administrative Assistant, Sr",DWM Department of Watershed Management,50968.62,839,610,318
3616,47,Female,Office Support Specialist (D),COR Department of Corrections,33684.0,7,665,534
3617,45,Male,"Civil Engineer, Sr",DWM Department of Watershed Management,58993.58,1,376,109
3618,48,Male,Police Lieutenant (E) (F) (O) (B) (S),APD Atlanta Police Department,81359.2,902,442,987
3619,29,Male,Recreation Operations Assistant,"PRC Parks, Recreation, & Cultural Affairs",26703.01,868,861,40
3620,36,Male,Police Officer (E) (F) (O) (B) (S),APD Atlanta Police Department,41316.7,440,293,529
3621,50,Male,Police Sergeant (E) (F) (O) (B) (S),APD Atlanta Police Department,63360.54,718,766,20
3622,36,Male,"Career Advisor, Sr",PCD Atlanta Workforce Development Agency,52000.0,415,610,42
3623,56,Female,"Communications Dispatcher, Sr (D)",DOA Department of Aviation,40000.06,268,750,739
3624,48,Male,"IT Manager, Sr",APD Atlanta Police Department,99000.01,470,70,835
3625,59,Female,"City Council Assistant, Sr",CCN City Council,52000.0,109,326,822
3626,43,Female,Corrections Officer (E),COR Department of Corrections,35461.71,839,796,77
3627,52,Male,Fire Captain (E),AFR Atlanta Fire & Recuse,60905.95,398,349,271
3628,33,Female,Police Officer (E) (F) (O) (B) (S),APD Atlanta Police Department,44259.49,603,801,383
3629,40,Female,"Data/Reporting Analyst, Sr",DOA Department of Aviation,64816.8,365,281,87
3630,48,Male,Police Sergeant (E) (F) (O) (B) (S),APD Atlanta Police Department,55767.3,498,233,70
3631,51,Male,Electrician (D),DPW Department of Public Works,33587.9,45,469,691
3632,38,Female,Data/Reporting Analyst,DOA Department of Aviation,58706.43,543,786,814
3633,30,Male,Firefighter (E),AFR Atlanta Fire & Recuse,35785.83,660,225,625
3634,38,Male,Firefighter (E),AFR Atlanta Fire & Recuse,37955.36,920,532,803
3635,28,Male,Police Officer (E) (F) (O) (B) (S),APD Atlanta Police Department,34726.37,424,813,248
3636,64,Male,Watershed Manager II,DWM Department of Watershed Management,84698.75,86,704,224
3637,25,Male,Intern,DWM Department of Watershed Management,33280.0,258,619,115
3638,60,Male,Fire Sergeant (E),AFR Atlanta Fire & Recuse,49121.57,971,508,936
3639,59,Female,Planning & Transportation Director,PCD Planning & Community Development,103400.0,456,754,559
3640,34,Male,Police Officer (E) (F) (O) (B) (S),APD Atlanta Police Department,42762.72,757,643,320
3641,48,Male,Police Sergeant (E) (F) (O) (B) (S),APD Atlanta Police Department,63360.54,907,635,829
3642,35,Male,Community Facility Manager,"PRC Parks, Recreation, & Cultural Affairs",41000.0,800,826,635
3643,25,Male,Firefighter (E),AFR Atlanta Fire & Recuse,39543.36,424,693,415
3644,21,Male,Environmental Service Worker I (D),DPW Department of Public Works,25461.01,214,824,516
3645,28,Female,Corrections Officer (E),COR Department of Corrections,35462.13,585,707,454
3646,44,Female,Corrections Officer (E),COR Department of Corrections,35461.71,681,796,173
3647,32,Male,Police Officer (E) (F) (O) (B) (S),APD Atlanta Police Department,42762.72,314,290,805
3648,52,Male,Fire Captain (E),AFR Atlanta Fire & Recuse,59362.04,57,277,10
3649,54,Female,Corrections Officer (E),COR Department of Corrections,48684.48,408,181,498
3650,51,Male,Fire Captain (E),AFR Atlanta Fire & Recuse,67527.51,612,503,98
3651,53,Male,Fire Sergeant (E),AFR Atlanta Fire & Recuse,58341.21,18,606,953
3652,59,Female,"Project Manager, Sr",APD Atlanta Police Department,95691.23,315,537,384
3653,34,Male,Police Officer (E) (F) (O) (B) (S),APD Atlanta Police Department,42762.72,84,467,297
3654,26,Male,Police Officer (E) (F) (O) (B) (S),APD Atlanta Police Department,39919.57,122,720,533
3655,44,Male,Police Officer (E) (F) (O) (B) (S),APD Atlanta Police Department,41316.7,721,368,999
3656,38,Male,Firefighter (E),AFR Atlanta Fire & Recuse,39129.19,778,810,397
3657,48,Female,Procurement Specialist,COR Department of Corrections,41248.08,694,942,681
3658,51,Male,Fire Captain (E),AFR Atlanta Fire & Recuse,60905.95,713,995,472
3659,42,Male,Watershed Crew Supervisor (D),DWM Department of Watershed Management,45225.01,717,199,784
3660,55,Female,"Administrative Assistant, Sr",DOA Department of Aviation,39490.96,704,58,235
3661,47,Female,"Contracting Officer, Sr",DWM Department of Watershed Management,47300.01,686,247,23
3662,64,Male,Judge,JDA Municipal Court Operations,153000.64,895,327,98
3663,31,Male,Police Officer (E) (F) (O) (B) (S),APD Atlanta Police Department,34726.37,649,704,217
3664,30,Male,"Recreation Operations Assistant, Sr","PRC Parks, Recreation, & Cultural Affairs",30838.56,903,924,89
3665,60,Male,"Zoning Inspector, Sr",PCD Planning & Community Development,48906.66,74,607,964
3666,49,Male,Police Officer (E) (F) (O) (B) (S),APD Atlanta Police Department,56310.38,164,707,963
3667,47,Male,Police Sergeant (E) (F) (O) (B) (S),APD Atlanta Police Department,65578.03,890,700,231
3668,31,Male,Firefighter (E),AFR Atlanta Fire & Recuse,37955.36,765,337,799
3669,33,Male,Environmental Compliance Officer,DWM Department of Watershed Management,40000.0,354,127,936
3670,38,Male,Tree Trimmer,"PRC Parks, Recreation, & Cultural Affairs",38771.66,667,369,903
3671,42,Male,Police Officer (E) (F) (O) (B) (S),APD Atlanta Police Department,42128.72,11,911,378
3672,55,Male,Police Officer (E) (F) (O) (B) (S),APD Atlanta Police Department,39327.6,666,554,613
3673,56,Male,Inventory Manager,DWM Department of Watershed Management,47300.01,418,145,79
3674,26,Female,Intern,DWM Department of Watershed Management,33280.0,790,285,254
3675,25,Male,Police Officer (E) (F) (O) (B) (S),APD Atlanta Police Department,42128.72,957,538,100
3676,46,Male,Airport Security Manager,DOA Department of Aviation,79161.64,608,280,9
3677,40,Female,Executive Assistant,JDA Municipal Court Operations,52500.09,771,512,160
3678,41,Male,"Construction/Maintenance Worker, Sr",DWM Department of Watershed Management,43815.68,749,526,854
3679,29,Male,Police Officer (E) (F) (O) (B) (S),APD Atlanta Police Department,42762.72,19,332,394
3680,41,Male,Police Officer (E) (F) (O) (B) (S),APD Atlanta Police Department,45808.67,760,427,380
3681,37,Female,"Watershed Management, Deputy Commissioner",DWM Department of Watershed Management,130000.0,108,554,992
3682,34,Male,Environmental Service Worker I (D),DPW Department of Public Works,25461.01,1000,990,731
3683,41,Male,Firefighter (E),AFR Atlanta Fire & Recuse,37955.36,788,350,934
3684,62,Male,Corrections Officer (E),COR Department of Corrections,35462.13,156,620,654
3685,55,Male,Construction Project Manager,EXE Executive Offices,72900.01,550,120,164
3686,40,Male,Watershed Plant Operator Class I (D),DWM Department of Watershed Management,33636.47,510,252,192
3687,33,Male,Gardener,"PRC Parks, Recreation, & Cultural Affairs",30908.61,50,378,911
3688,60,Female,Customer Service Representative (D),APD Atlanta Police Department,39785.68,120,294,734
3689,58,Male,Wastewater Collection Supervisor (D),DWM Department of Watershed Management,57614.19,865,110,36
3690,34,Female,Urban Planner III,PCD Planning & Community Development,65079.02,171,400,428
3691,50,Male,Solid Waste Operator I (D),DPW Department of Public Works,38545.24,434,639,79
3692,53,Male,Police Investigator (E) (F) (O),APD Atlanta Police Department,49681.22,125,457,311
3693,58,Male,Water Meter Mechanic,DWM Department of Watershed Management,50971.74,153,73,310
3694,73,Male,Facilities Maintenance Mechanic (D),"PRC Parks, Recreation, & Cultural Affairs",42125.34,468,312,688
3695,44,Male,Police Officer (E) (F) (O) (B) (S),APD Atlanta Police Department,42128.72,317,507,252
3696,53,Female,"Customer Service Representative, Sr (D)",DOF Department of Finance,42023.13,101,603,863
3697,29,Male,"Administrative Assistant, Sr","PRC Parks, Recreation, & Cultural Affairs",35355.65,186,655,446
3698,48,Female,Watershed Director I,DWM Department of Watershed Management,110344.29,995,268,490
3699,40,Female,Construction/Maintenance Worker (D),DWM Department of Watershed Management,31205.27,363,650,802
3700,23,Female,Summer Program Counselor,"PRC Parks, Recreation, & Cultural Affairs",20800.0,610,767,599
3701,70,Male,Aquatics Facility Assistant,"PRC Parks, Recreation, & Cultural Affairs",38208.97,103,472,137
3702,43,Male,Environmental Service Worker I (D),DPW Department of Public Works,24600.01,720,233,988
3703,49,Female,Fire Captain (E),AFR Atlanta Fire & Recuse,64919.34,418,368,669
3704,54,Male,"Police Officer, Sr (E) (F) (O) (B) (S)",APD Atlanta Police Department,62582.62,954,392,955
3705,47,Male,IT Project Manager,DWM Department of Watershed Management,77339.64,680,504,626
3706,45,Female,"Administrative Assistant, Sr",PCD Planning & Community Development,47126.94,450,44,924
3707,38,Male,Firefighter (E),AFR Atlanta Fire & Recuse,32132.8,953,852,570
3708,45,Male,"Field Engineer, Sr",DPW Department of Public Works,58883.97,27,18,26
3709,50,Male,Communications Manager,EXE Executive Offices,63200.18,576,4,1
3710,39,Female,911 Operator (D),APD Atlanta Police Department,32454.11,637,509,317
3711,34,Female,Police Officer (E) (F) (O) (B) (S),APD Atlanta Police Department,42762.72,819,869,374
3712,40,Male,Police Officer (E) (F) (O) (B) (S),APD Atlanta Police Department,54406.14,872,434,101
3713,52,Male,Police Officer (E) (F) (O) (B) (S),APD Atlanta Police Department,49071.36,529,639,90
3714,54,Male,Construction Project Manager,DWM Department of Watershed Management,65145.02,725,711,744
3715,54,Male,Electrician Specialist,DOA Department of Aviation,52339.73,385,50,918
3716,41,Male,Watershed Plant Operator Class I (D),DWM Department of Watershed Management,54995.01,598,500,656
3717,67,Female,"Administrative Assistant, Sr",DPW Department of Public Works,48411.13,93,334,512
3718,57,Male,"Plant Maintenance Mechanic, Sr (D)",DWM Department of Watershed Management,46807.9,350,85,414
3719,24,Female,"Management Analyst, Sr","PRC Parks, Recreation, & Cultural Affairs",41000.0,155,266,596
3720,48,Male,Parks Worker II (D),"PRC Parks, Recreation, & Cultural Affairs",32454.11,270,803,453
3721,52,Male,"Customer Service Representative, Sr (D)",APD Atlanta Police Department,33110.26,228,539,873
3722,58,Male,"Investigator, Sr",SOL Solicitor Office,57417.44,350,775,351
3723,58,Male,Safety Manager,DPW Department of Public Works,70000.01,30,383,188
3724,38,Male,Airport Operations Representative III (D),DOA Department of Aviation,63944.34,719,771,855
3725,52,Male,Solid Waste Route Supervisor (SWEET),DPW Department of Public Works,47298.52,623,236,787
3726,58,Male,Video Integration Monitor PT,APD Atlanta Police Department,40600.04,376,613,609
3727,55,Male,"Utility Call Center Representative, Sr (D)",DWM Department of Watershed Management,40000.0,627,619,923
3728,49,Male,Watershed Plant Operator Class I (D),DWM Department of Watershed Management,50800.01,888,355,545
3729,61,Male,Watershed Plant Operator Class I (D),DWM Department of Watershed Management,41290.7,785,465,165
3730,26,Female,"Legal Program Assistant, Sr",SOL Solicitor Office,50000.02,620,803,476
3731,53,Male,"Wastewater Collection Operator, Sr (D)",DWM Department of Watershed Management,42959.12,190,65,90
3732,51,Female,"Accounting Technician, Sr",DOF Department of Finance,34765.57,17,276,247
3733,46,Male,Firefighter (E),AFR Atlanta Fire & Recuse,35785.83,791,753,517
3734,49,Male,Police Officer (E) (F) (O) (B) (S),APD Atlanta Police Department,43618.02,966,508,214
3735,39,Female,"HRIS Analyst, Sr",DHR Department of Human Reources,70008.06,172,667,282
3736,29,Male,Intern,DWM Department of Watershed Management,33280.0,682,837,485
3737,34,Female,Firefighter (E),AFR Atlanta Fire & Recuse,32132.8,901,294,611
3738,41,Male,Firefighter (E),AFR Atlanta Fire & Recuse,35785.83,914,259,780
3739,27,Male,Police Officer (E) (F) (O) (B) (S),APD Atlanta Police Department,43190.37,170,636,301
3740,57,Male,Firefighter (E),AFR Atlanta Fire & Recuse,41751.2,240,290,142
3741,50,Female,Data/Reporting Analyst,DPW Department of Public Works,42161.94,686,497,922
3742,46,Male,Watershed Crew Supervisor (D),DWM Department of Watershed Management,49118.93,759,851,367
3743,52,Female,"Storekeeper, Sr (D)",AFR Atlanta Fire & Recuse,38329.1,63,786,310
3744,35,Male,Firefighter (E),AFR Atlanta Fire & Recuse,32132.8,60,274,909
3745,56,Female,Environmental Service Worker I (D),DPW Department of Public Works,24921.0,5,364,891
3746,31,Male,Airport Operations Representative II (D),DOA Department of Aviation,51239.76,439,995,280
3747,45,Male,"Storekeeper, Sr (D)",DOA Department of Aviation,35780.61,49,455,60
3748,51,Male,Contracting Officer,DOP Department of Procurement,50000.08,454,508,764
3749,31,Male,Police Investigator (E) (F) (O),APD Atlanta Police Department,47289.49,821,3,282
3750,36,Female,Revenue Collection Supervisor,DOF Department of Finance,43015.96,318,191,718
3751,42,Male,Police Officer (E) (F) (O) (B) (S),APD Atlanta Police Department,39919.57,789,185,437
3752,34,Female,"Financial Analyst, Sr",DOF Department of Finance,67800.01,188,779,944
3753,37,Male,Police Officer (E) (F) (O) (B) (S),APD Atlanta Police Department,42762.72,256,65,16
3754,61,Male,Corrections Program Service Manager,COR Department of Corrections,54486.22,4,673,758
3755,29,Male,Police Officer (E) (F) (O) (B) (S),APD Atlanta Police Department,42762.72,505,642,598
3756,34,Male,Police Investigator (E) (F) (O),APD Atlanta Police Department,44809.65,431,166,508
3757,29,Male,Police Officer (E) (F) (O) (B) (S),APD Atlanta Police Department,39919.57,920,264,250
3758,39,Female,"Procurement Officer, Sr",DOA Department of Aviation,70000.01,890,831,571
3759,54,Female,"Corrections Officer, Sr (E)",COR Department of Corrections,51718.37,217,504,389
3760,50,Male,Journeyperson,DWM Department of Watershed Management,44905.54,479,197,994
3761,50,Male,Fire Captain (E),AFR Atlanta Fire & Recuse,59362.04,412,611,66
3762,29,Male,Environmental Service Worker I (D),"PRC Parks, Recreation, & Cultural Affairs",26699.89,144,370,282
3763,53,Female,Data/Reporting Analyst,DOF Department of Finance,35780.61,25,255,453
3764,50,Male,Police Officer (E) (F) (O) (B) (S),APD Atlanta Police Department,41316.7,367,74,636
3765,64,Male,Watershed Crew Supervisor (D),DWM Department of Watershed Management,54419.27,341,419,345
3766,33,Male,Fire Sergeant (E),AFR Atlanta Fire & Recuse,41686.43,222,555,258
3767,53,Male,Investigator,SOL Solicitor Office,43456.57,844,652,331
3768,26,Male,Firefighter (E),AFR Atlanta Fire & Recuse,35255.25,457,193,866
3769,43,Female,"Communications Dispatcher, Sr (D)",DOA Department of Aviation,39105.4,618,362,215
3770,37,Female,Warrants Technician II (D),JDA Municipal Court Operations,32656.36,963,859,659
3771,39,Male,Firefighter (E),AFR Atlanta Fire & Recuse,37955.36,912,255,773
3772,37,Male,Police Officer (E) (F) (O) (B) (S),APD Atlanta Police Department,42762.72,615,852,375
3773,34,Male,Police Officer (E) (F) (O) (B) (S),APD Atlanta Police Department,42762.72,389,840,654
3774,51,Male,Fire Sergeant (E),AFR Atlanta Fire & Recuse,59487.76,45,381,459
3775,61,Female,Office Support Assistant (D),COR Department of Corrections,35982.55,855,267,601
3776,54,Male,Project Manager,DPW Department of Public Works,73810.06,71,849,136
3777,51,Female,Communications Dispatcher Supervisor (D),APD Atlanta Police Department,55082.73,194,303,250
3778,26,Male,Corrections Officer (E),COR Department of Corrections,30081.0,139,821,620
3779,50,Female,GIS Manager,DIT Department of Information Technology,75000.02,227,287,309
3780,47,Male,Police Sergeant (E) (F) (O) (B) (S),APD Atlanta Police Department,53881.36,939,571,135
3781,47,Female,"City Attorney, Assistant Sr",LAW Law Department,96560.05,142,17,902
3782,51,Male,"Construction/Maintenance Worker, Sr",DWM Department of Watershed Management,38486.47,596,83,905
3783,46,Male,Fire Captain (E),AFR Atlanta Fire & Recuse,60602.9,8,263,591
3784,43,Male,Police Officer (E) (F) (O) (B) (S),APD Atlanta Police Department,39919.57,32,147,950
3785,42,Male,Parks Worker II (D),"PRC Parks, Recreation, & Cultural Affairs",28496.0,831,493,609
3786,41,Female,Assistant Attorney,PDA Public Defender Administration,58800.0,969,384,57
3787,36,Female,Corrections Officer (E),COR Department of Corrections,36655.01,126,713,237
3788,41,Male,"Arborist, Sr","PRC Parks, Recreation, & Cultural Affairs",54222.17,619,264,48
3789,53,Male,Electrical Engineer,DWM Department of Watershed Management,58993.58,598,302,796
3790,21,Male,"Storekeeper, Sr (D)",DIT Department of Information Technology,30382.6,514,207,558
3791,29,Male,Police Officer (E) (F) (O) (B) (S),APD Atlanta Police Department,39919.57,57,289,324
3792,62,Male,"Construction Inspector, Sr",DWM Department of Watershed Management,48888.15,920,299,278
3793,56,Male,Fire Command Technician (E),AFR Atlanta Fire & Recuse,49121.57,770,423,791
3794,61,Male,Watershed Plant Operator Class I (D),DWM Department of Watershed Management,55823.66,343,742,637
3795,62,Female,Solid Waste Route Supervisor (D),DPW Department of Public Works,47298.52,352,639,618
3796,50,Male,Construction/Maintenance Worker (D),DWM Department of Watershed Management,38208.97,37,399,234
3797,48,Female,Communications Dispatcher (D),APD Atlanta Police Department,35780.61,957,890,377
3798,45,Female,"Office Support Assistant, Sr (D)",APD Atlanta Police Department,40245.52,342,711,41
3799,54,Female,Performance Audit Manager,DOA Department of Aviation,60701.1,143,908,614
3800,60,Female,Restorative Justice Specialist,JDA Municipal Court Operations,49924.08,526,290,204
3801,58,Male,Latent Print Examiner,APD Atlanta Police Department,45594.15,236,360,281
3802,34,Male,Fire Sergeant (E),AFR Atlanta Fire & Recuse,39222.84,633,716,905
3803,31,Male,Police Officer (E) (F) (O) (B) (S),APD Atlanta Police Department,42128.72,955,608,761
3804,36,Female,Assistant Attorney,PDA Public Defender Administration,63200.01,194,71,111
3805,47,Male,Fire Sergeant (E),AFR Atlanta Fire & Recuse,56368.19,763,616,171
3806,38,Female,Judge Special Assistant,JDA Municipal Court Operations,52970.92,821,979,853
3807,57,Male,Environmental Service Worker I (D),DPW Department of Public Works,27634.63,735,13,513
3808,36,Male,Watershed Crew Supervisor (D),DWM Department of Watershed Management,46575.18,506,585,411
3809,42,Female,Project Manager,EXE Executive Offices,58872.94,965,711,757
3810,47,Male,Police Officer (E) (F) (O) (B) (S),APD Atlanta Police Department,58281.18,858,886,109
3811,53,Male,Business Systems Analyst,DIT Department of Information Technology,66022.44,834,143,195
3812,55,Male,Corrections Lieutenant (E),COR Department of Corrections,55999.63,38,133,954
3813,30,Female,"Security Specialist, Sr (D)",DWM Department of Watershed Management,48472.23,881,844,604
3814,27,Male,Police Officer (E) (F) (O) (B) (S),APD Atlanta Police Department,34726.37,713,957,855
3815,54,Male,Seasonal Equipment Operator,"PRC Parks, Recreation, & Cultural Affairs",21320.0,48,813,508
3816,37,Female,"Accounting Manager, Sr",DOF Department of Finance,72900.01,995,462,18
3817,48,Male,Police Lieutenant (E) (F) (O) (B) (S),APD Atlanta Police Department,81359.2,711,877,587
3818,29,Male,Contracting Officer,DOP Department of Procurement,42500.02,531,520,969
3819,52,Male,Police Investigator (E) (F) (O),APD Atlanta Police Department,64772.86,747,390,323
3820,41,Male,Intern,DWM Department of Watershed Management,33280.0,55,77,675
3821,31,Male,Legislative Assistant,CCN City Council,45000.01,999,609,868
3822,30,Male,Corrections Officer (E),COR Department of Corrections,36655.01,730,730,478
3823,55,Female,"Financial Analyst, Sr",DWM Department of Watershed Management,67800.01,447,523,953
3824,35,Male,Environmental Service Worker I (D),DPW Department of Public Works,26700.1,24,44,308
3825,63,Female,Construction/Maintenance Worker (D),DWM Department of Watershed Management,26836.59,637,754,518
3826,40,Male,Traffic Service Technician,DPW Department of Public Works,28035.05,91,202,467
3827,52,Female,Accounting Technical Specialist,DOF Department of Finance,36500.01,490,269,527
3828,44,Male,Fire Battalion Chief (E),AFR Atlanta Fire & Recuse,80959.02,565,30,546
3829,68,Male,"Process Control Technician, Sr (D)",DWM Department of Watershed Management,55295.97,194,365,55
3830,54,Male,Firefighter (E),AFR Atlanta Fire & Recuse,53119.42,9,531,161
3831,52,Male,Police Investigator (E) (F) (O),APD Atlanta Police Department,60466.22,626,253,373
3832,50,Male,"Water Distribution Operator, Sr",DWM Department of Watershed Management,41503.4,702,137,935
3833,45,Male,Police Officer (E) (F) (O) (B) (S),APD Atlanta Police Department,39919.57,900,485,741
3834,36,Male,"Environmental Compliance Officer, Sr",DWM Department of Watershed Management,46807.9,182,479,306
3835,59,Female,"Plans Review Specialist, Sr",PCD Planning & Community Development,58196.55,133,124,46
3836,31,Male,Police Officer (E) (F) (O) (B) (S),APD Atlanta Police Department,39327.6,997,196,206
3837,47,Male,"Plans Review Specialist, Sr",PCD Planning & Community Development,52500.01,966,310,619
3838,41,Female,"Court Clerk, Sr (D)",JDA Municipal Court Operations,33684.75,431,901,227
3839,26,Male,Corrections Officer (E),COR Department of Corrections,36225.18,375,270,693
3840,32,Male,Police Officer (E) (F) (O) (B) (S),APD Atlanta Police Department,42762.72,112,877,231
3841,37,Male,Fire Sergeant (E),AFR Atlanta Fire & Recuse,40435.76,153,188,992
3842,44,Male,Corrections Sergeant (E),COR Department of Corrections,46524.92,536,804,225
3843,24,Male,Vehicle/Equipment Mechanic II,DPW Department of Public Works,35741.01,70,251,173
3844,39,Male,Fire Lieutenant (E),AFR Atlanta Fire & Recuse,50995.92,891,805,150
3845,37,Male,GIS Manager,DPW Department of Public Works,92500.01,433,511,504
3846,52,Female,Police Property Management Technician (D),APD Atlanta Police Department,29436.74,922,794,887
3847,57,Female,Compliance Manager,SOL Solicitor Office,91362.75,831,645,190
3848,31,Male,Police Officer (E) (F) (O) (B) (S),APD Atlanta Police Department,44259.49,305,157,511
3849,58,Male,"Traffic Signal Technician, Sr (D)",DPW Department of Public Works,47957.1,324,792,575
3850,41,Male,"Construction/Maintenance Worker, Sr",DWM Department of Watershed Management,38486.47,557,105,498
3851,23,Male,Environmental Service Worker I (D),DPW Department of Public Works,24606.4,789,636,743
3852,41,Male,"Customer Service Representative, Sr (D)",APD Atlanta Police Department,32055.84,623,284,541
3853,55,Female,"Corrections ID Technician, Lead (D)",COR Department of Corrections,33779.58,282,468,32
3854,34,Female,Project Manager,EXE Executive Offices,80000.0,313,116,811
3855,56,Male,"Plant Maintenance Mechanic, Sr (D)",DWM Department of Watershed Management,51008.44,817,301,345
3856,33,Male,Parks Worker I (D),"PRC Parks, Recreation, & Cultural Affairs",26700.1,440,345,841
3857,31,Male,Police Officer (E) (F) (O) (B) (S),APD Atlanta Police Department,42762.72,144,742,519
3858,52,Male,Electrician (D),DPW Department of Public Works,35398.49,289,212,944
3859,59,Male,Watershed Plant Operator Supervisor (D),DWM Department of Watershed Management,57233.7,219,396,544
3860,32,Female,Police Officer (E) (F) (O) (B) (S),APD Atlanta Police Department,42762.72,992,563,841
3861,42,Female,Warrants Technician I (D),JDA Municipal Court Operations,34569.02,410,605,338
3862,39,Female,Watershed Crew Supervisor (D),DWM Department of Watershed Management,51574.82,421,181,652
3863,39,Female,Construction/Maintenance Worker (D),DWM Department of Watershed Management,32243.88,31,457,229
3864,49,Female,"Administrative Assistant, Sr",DHR Department of Human Reources,41218.15,936,272,792
3865,54,Female,Water Utility Development Director,DWM Department of Watershed Management,86250.01,329,606,89
3866,23,Female,Environmental Service Worker I (D),DPW Department of Public Works,25461.01,145,212,427
3867,34,Male,ATL311 Call Center Representative II,EXE Executive Offices,39894.4,210,682,464
3868,53,Male,Fire Captain (E),AFR Atlanta Fire & Recuse,67527.51,276,27,567
3869,47,Female,Wastewater Collection Superintendent,DWM Department of Watershed Management,67800.1,769,359,191
3870,29,Male,Police Officer (E) (F) (O) (B) (S),APD Atlanta Police Department,41316.7,66,195,460
3871,39,Female,Airport Security Representative II (D),DOA Department of Aviation,51239.76,416,837,192
3872,48,Male,Environmental Service Worker I (D),DPW Department of Public Works,31711.39,445,526,136
3873,46,Female,Corrections Lieutenant (E),COR Department of Corrections,50133.41,649,491,410
3874,63,Male,Watershed Director II,DWM Department of Watershed Management,109700.01,514,908,574
3875,59,Male,Construction/Maintenance Worker (D),DWM Department of Watershed Management,39546.29,188,67,209
3876,36,Female,Police Officer (E) (F) (O) (B) (S),APD Atlanta Police Department,39919.57,155,295,984
3877,49,Female,Communications Dispatcher (D),APD Atlanta Police Department,35780.61,400,382,849
3878,60,Male,"Facilities Maintenance Mechanic, Sr (D)",DOA Department of Aviation,47161.82,516,105,924
3879,48,Male,Public Works Director,DPW Department of Public Works,88000.02,292,459,616
3880,28,Female,Police Officer (E) (F) (O) (B) (S),APD Atlanta Police Department,42128.72,450,403,745
3881,60,Female,Municipal Clerk,CCN City Council,124600.01,524,332,555
3882,72,Male,Solid Waste Operator II (D),DPW Department of Public Works,48068.79,168,993,239
3883,47,Male,Environmental Service Worker I (D),DPW Department of Public Works,26700.1,372,662,815
3884,56,Male,Communications Dispatcher (D),APD Atlanta Police Department,42496.06,612,4,544
3885,36,Female,"Process Control Technician, Sr (D)",DWM Department of Watershed Management,42335.34,59,136,169
3886,54,Male,Corrections Captain (E),COR Department of Corrections,58308.02,270,708,217
3887,43,Male,Fire Battalion Chief (E),AFR Atlanta Fire & Recuse,80959.02,568,85,721
3888,49,Female,Accounting Manager,DWM Department of Watershed Management,62794.99,606,977,697
3889,40,Female,Solid Waste Equipment Operator,DPW Department of Public Works,30946.5,578,919,304
3890,53,Female,"Financial Manager, Sr",DOF Department of Finance,63751.13,305,732,507
3891,41,Male,"Solicitor, Sr Assistant",SOL Solicitor Office,70812.02,250,541,65
3892,58,Male,"Combination Inspector, Sr",PCD Planning & Community Development,56075.14,670,287,619
3893,65,Male,GIS Technician Supervisor,DWM Department of Watershed Management,48859.52,355,754,40
3894,39,Female,Warrants Technician I (D),APD Atlanta Police Department,32499.01,384,399,253
3895,32,Male,Community Facility Manager,"PRC Parks, Recreation, & Cultural Affairs",41000.0,755,136,108
3896,60,Male,Video Integration Monitor PT,APD Atlanta Police Department,40600.04,122,450,281
3897,48,Male,Vehicle/Equipment Maintenance Supervisor,DPW Department of Public Works,59819.36,942,574,682
3898,33,Male,Police Investigator (E) (F) (O),APD Atlanta Police Department,44809.65,765,140,20
3899,36,Female,Corrections Officer (E),COR Department of Corrections,36656.07,332,31,318
3900,52,Male,"Environmental Compliance Officer, Sr",DWM Department of Watershed Management,46807.9,742,60,615
3901,35,Female,"Investigator, Sr",LAW Law Department,45174.79,279,210,370
3902,28,Female,Assistant Attorney,PDA Public Defender Administration,58800.02,364,923,856
3903,49,Male,Watershed Plant Operator Class I (D),DWM Department of Watershed Management,52578.93,60,428,196
3904,28,Male,Desk Top Support Technician,DIT Department of Information Technology,53110.2,66,614,378
3905,42,Male,"Programmer Analyst, Sr",DWM Department of Watershed Management,51239.76,268,948,70
3906,25,Female,Police Officer (E) (F) (O) (B) (S),APD Atlanta Police Department,42128.72,550,755,793
3907,34,Male,"Facilities Maintenance Mechanic, Sr (D)",DOA Department of Aviation,39358.78,796,191,447
3908,38,Female,Judge Special Assistant,JDA Municipal Court Operations,51475.01,569,368,800
3909,37,Male,Police Officer (E) (F) (O) (B) (S),APD Atlanta Police Department,44259.49,769,849,63
3910,31,Female,Firefighter (E),AFR Atlanta Fire & Recuse,32132.8,147,123,953
3911,48,Female,Corrections Officer (E),COR Department of Corrections,36656.05,571,619,217
3912,33,Male,Airport Operations Representative II (D),DOA Department of Aviation,50020.46,711,383,71
3913,54,Female,Data Technician,"PRC Parks, Recreation, & Cultural Affairs",32499.01,755,535,944
3914,45,Male,Solid Waste Operator I (D),DPW Department of Public Works,33684.0,970,85,718
3915,36,Male,Environmental Service Worker I (D),DPW Department of Public Works,24600.01,782,676,181
3916,30,Female,Office Support Assistant (D),"PRC Parks, Recreation, & Cultural Affairs",25792.0,892,728,968
3917,47,Female,Court Clerk (D),JDA Municipal Court Operations,31694.17,211,915,793
3918,33,Male,"Civil Engineer, Sr",DWM Department of Watershed Management,67396.99,57,638,542
3919,62,Male,Airport Engineer,DOA Department of Aviation,83709.85,865,145,163
3920,47,Male,Firefighter (E),AFR Atlanta Fire & Recuse,32132.8,749,831,419
3921,31,Male,Firefighter (E),AFR Atlanta Fire & Recuse,37392.58,320,911,22
3922,54,Female,Water Service Representative,DWM Department of Watershed Management,47116.26,72,36,735
3923,40,Male,Fire Lieutenant (E),AFR Atlanta Fire & Recuse,50812.92,696,559,997
3924,44,Male,Fire Deputy Chief,AFR Atlanta Fire & Recuse,115629.95,714,352,189
3925,44,Male,Recreation Operations Assistant,"PRC Parks, Recreation, & Cultural Affairs",25800.01,879,435,250
3926,48,Female,Solid Waste Route Supervisor (D),DPW Department of Public Works,39640.52,937,861,302
3927,36,Male,Parks Worker II (D),"PRC Parks, Recreation, & Cultural Affairs",30534.45,90,681,778
3928,26,Male,Police Officer (E) (F) (O) (B) (S),APD Atlanta Police Department,39919.57,425,343,638
3929,45,Female,Corrections Sergeant (E),COR Department of Corrections,49575.99,31,146,359
3930,45,Male,Equipment Maintenance/Safety Supervisor,DWM Department of Watershed Management,48888.15,933,136,415
3931,45,Female,Traffic Service Technician,DPW Department of Public Works,29370.0,610,597,874
3932,35,Male,Firefighter (E),AFR Atlanta Fire & Recuse,37392.58,658,887,510
3933,35,Female,Human Resources Business Partner,DHR Department of Human Reources,49483.82,105,89,309
3934,50,Male,Police Lieutenant (E) (F) (O) (B) (S),APD Atlanta Police Department,79015.08,82,790,471
3935,36,Male,Police Investigator (E) (F) (O),APD Atlanta Police Department,55082.56,505,222,426
3936,27,Male,Police Officer (E) (F) (O) (B) (S),APD Atlanta Police Department,39327.6,48,124,996
3937,41,Male,Police Investigator (E) (F) (O),APD Atlanta Police Department,53219.71,303,932,230
3938,64,Female,"Corrections Chief, Assistant",COR Department of Corrections,91229.42,787,646,940
3939,61,Female,Administrative Assistant,DWM Department of Watershed Management,34325.75,850,614,304
3940,40,Male,Fire Sergeant (E),AFR Atlanta Fire & Recuse,49121.57,686,82,796
3941,57,Female,Municipal Clerk Assistant,CCN City Council,45973.26,520,710,770
3942,34,Male,"Code Enforcement Officer, Sr",APD Atlanta Police Department,45137.25,535,232,831
3943,61,Male,"Recreation Operations Assistant, Sr","PRC Parks, Recreation, & Cultural Affairs",32454.11,671,265,749
3944,50,Male,Seasonal Equipment Operator,"PRC Parks, Recreation, & Cultural Affairs",21320.0,276,741,431
3945,56,Male,"Electrician, Sr (D)","PRC Parks, Recreation, & Cultural Affairs",37695.81,221,963,735
3946,37,Male,Firefighter (E),AFR Atlanta Fire & Recuse,36308.21,822,65,697
3947,63,Male,"Construction/Maintenance Worker, Sr",EXE Executive Offices,39237.68,693,969,892
3948,23,Male,Environmental Service Worker I (D),DPW Department of Public Works,25461.01,976,732,642
3949,33,Male,Police Investigator (E) (F) (O),APD Atlanta Police Department,44145.23,302,45,949
3950,37,Female,Network Technician,DOA Department of Aviation,51178.82,571,961,799
3951,23,Male,Environmental Service Worker I (D),DPW Department of Public Works,25461.01,557,751,216
3952,53,Male,Court Support Specialist I (D),JDA Municipal Court Operations,30848.5,62,197,87
3953,31,Male,"Construction/Maintenance Worker, Seasonal","PRC Parks, Recreation, & Cultural Affairs",21320.0,880,37,352
3954,47,Female,Court Clerk (D),JDA Municipal Court Operations,32803.51,567,779,781
3955,55,Male,Police Officer (E) (F) (O) (B) (S),APD Atlanta Police Department,44259.49,57,635,503
3956,65,Male,Water Distribution Specialist,DWM Department of Watershed Management,57685.01,975,590,563
3957,38,Male,"Investigator, Sr",SOL Solicitor Office,61000.01,988,930,215
3958,39,Male,"Communications Electronics Technician, Sr (D)",APD Atlanta Police Department,43540.81,897,685,649
3959,52,Male,Police Officer (E) (F) (O) (B) (S),APD Atlanta Police Department,50788.82,234,156,979
3960,52,Female,"Data/Reporting Analyst, Sr",DPW Department of Public Works,43806.73,465,36,543
3961,28,Male,Firefighter (E),AFR Atlanta Fire & Recuse,36854.61,631,392,975
3962,59,Male,"Plant Maintenance Mechanic, Sr (D)",DWM Department of Watershed Management,43987.52,640,671,59
3963,52,Female,Police Officer (E) (F) (O) (B) (S),APD Atlanta Police Department,58281.18,649,18,175
3964,40,Female,Watershed Manager I,DWM Department of Watershed Management,80500.01,492,384,709
3965,55,Female,"Data/Reporting Analyst, Sr",DWM Department of Watershed Management,59408.75,570,283,74
3966,34,Female,Corrections Officer (E),COR Department of Corrections,35462.13,539,664,88
3967,39,Male,Police Officer (E) (F) (O) (B) (S),APD Atlanta Police Department,41316.7,144,285,544
3968,50,Female,Watershed Plant Operator Class I (D),DWM Department of Watershed Management,38486.47,17,620,534
3969,54,Female,"Construction/Maintenance Worker, Sr",DWM Department of Watershed Management,38486.47,70,135,110
3970,61,Male,Facilities Maintenance Mechanic (D),EXE Executive Offices,35468.46,398,335,140
3971,27,Male,Police Officer (E) (F) (O) (B) (S),APD Atlanta Police Department,39919.57,502,764,198
3972,78,Male,Constituent Services Specialist,EXE Executive Offices,41218.15,151,466,112
3973,33,Male,Recreation Operations Assistant,"PRC Parks, Recreation, & Cultural Affairs",25800.01,967,690,833
3974,37,Male,"Facilities Maintenance Mechanic, Sr (D)",DOA Department of Aviation,40323.45,219,884,690
3975,37,Male,Corrections Officer (E),COR Department of Corrections,30081.0,90,817,259
3976,45,Male,"Performance Auditor, Sr",AUD Audit Administration,72800.0,177,588,637
3977,34,Male,Police Officer (E) (F) (O) (B) (S),APD Atlanta Police Department,39327.6,32,995,631
3978,34,Female,Police Officer (E) (F) (O) (B) (S),APD Atlanta Police Department,42762.74,503,340,822
3979,34,Male,Fire Sergeant (E),AFR Atlanta Fire & Recuse,46756.84,407,422,99
3980,54,Female,Special Projects Coordinator,DWM Department of Watershed Management,55626.85,662,243,597
3981,53,Male,Environmental Service Worker I (D),DPW Department of Public Works,27634.63,166,637,345
3982,30,Female,Telecom Specialist,DIT Department of Information Technology,42816.59,264,547,191
3983,42,Male,Electrician Specialist,DOA Department of Aviation,54210.3,545,231,984
3984,46,Female,"Court Clerk, Sr (D)",JDA Municipal Court Operations,41407.06,992,548,110
3985,47,Male,Police Officer (E) (F) (O) (B) (S),APD Atlanta Police Department,47411.73,173,27,769
3986,63,Male,Restorative Justice Specialist,JDA Municipal Court Operations,37777.51,244,622,946
3987,27,Male,Help Desk Specialist,DPW Department of Public Works,39838.86,977,9,432
3988,28,Male,Police Officer (E) (F) (O) (B) (S),APD Atlanta Police Department,39919.57,952,475,618
3989,34,Male,Watershed Plant Operator Class I (D),DWM Department of Watershed Management,54995.01,116,533,1
3990,55,Male,Environmental Service Worker I (D),DPW Department of Public Works,27634.63,825,550,154
3991,29,Male,Police Officer (E) (F) (O) (B) (S),APD Atlanta Police Department,42762.72,639,304,792
3992,30,Male,Firefighter (E),AFR Atlanta Fire & Recuse,35785.83,97,824,296
3993,36,Female,Court Clerk (D),JDA Municipal Court Operations,28048.51,671,462,18
3994,24,Female,Recreation Operations Assistant,"PRC Parks, Recreation, & Cultural Affairs",26703.01,366,974,442
3995,42,Male,Police Sergeant (E) (F) (O) (B) (S),APD Atlanta Police Department,55767.3,658,724,468
3996,48,Female,Airport Assistant General Manager,DOA Department of Aviation,120500.02,786,525,148
3997,52,Female,"Administrative Assistant, Sr",DWM Department of Watershed Management,35886.1,664,692,721
3998,45,Female,Accounting Technical Specialist,DOF Department of Finance,39998.4,242,205,201
3999,51,Male,"Police Chief, Assistant",APD Atlanta Police Department,146118.19,969,499,10
4000,25,Male,Police Officer (E) (F) (O) (B) (S),APD Atlanta Police Department,39919.57,827,469,645
4001,26,Female,Court Support Specialist I (D),JDA Municipal Court Operations,30848.5,326,496,855
4002,57,Male,Watershed Operations Coordinator,DWM Department of Watershed Management,64115.67,888,627,374
4003,51,Female,Permit Technician,PCD Planning & Community Development,41913.25,42,921,256
4004,38,Male,Police Officer (E) (F) (O) (B) (S),APD Atlanta Police Department,44259.49,556,569,359
4005,48,Male,Environmental Compliance Officer,DWM Department of Watershed Management,44207.53,448,501,916
4006,32,Male,Fire Sergeant (E),AFR Atlanta Fire & Recuse,38641.27,29,831,279
4007,35,Female,"Financial Manager, Sr",DOF Department of Finance,71999.99,220,143,632
4008,53,Male,Police Investigator (E) (F) (O),APD Atlanta Police Department,62582.62,280,998,759
4009,50,Female,"Code Enforcement Officer, Sr",DOF Department of Finance,47539.79,117,794,423
4010,43,Male,Vehicle/Equipment Mechanic III,DPW Department of Public Works,51147.92,930,236,568
4011,48,Male,Corrections Officer (E),COR Department of Corrections,35462.13,848,919,212
4012,40,Female,"Communications Dispatcher, Sr (D)",DOA Department of Aviation,39105.4,852,698,3
4013,45,Female,"Psychological Services Specialist, Sr",COR Department of Corrections,58801.0,504,22,519
4014,59,Female,Grants Development Officer,DOA Department of Aviation,62757.2,18,599,321
4015,37,Female,"City Council Assistant, Sr",CCN City Council,45000.01,167,783,207
4016,33,Female,"Civil Engineer, Sr",DWM Department of Watershed Management,66000.0,232,635,164
4017,36,Female,Court Clerk (D),JDA Municipal Court Operations,34155.03,645,835,630
4018,53,Female,"Administrative Assistant, Sr",AFR Atlanta Fire & Recuse,43883.75,621,911,9
4019,59,Female,Fire Inspector,AFR Atlanta Fire & Recuse,49471.56,608,181,312
4020,48,Male,Police Investigator (E) (F) (O),APD Atlanta Police Department,51420.1,326,735,228
4021,33,Male,Recreation Operations Assistant,"PRC Parks, Recreation, & Cultural Affairs",25800.01,682,480,568
4022,54,Male,Watershed Plant Operator Class I (D),DWM Department of Watershed Management,38545.24,9,313,228
4023,24,Female,Recreation Operations Assistant,"PRC Parks, Recreation, & Cultural Affairs",27641.74,333,424,861
4024,47,Female,"Recreation Operations Assistant, Sr","PRC Parks, Recreation, & Cultural Affairs",32454.11,212,741,657
4025,63,Male,"Traffic Signal Technician, Sr (D)",DPW Department of Public Works,50618.57,939,546,426
4026,47,Male,Fire Captain (E),AFR Atlanta Fire & Recuse,63037.71,138,885,491
4027,44,Male,Management Analyst,DHR Department of Human Reources,58000.01,507,767,659
4028,53,Male,Police Officer (E) (F) (O) (B) (S),APD Atlanta Police Department,56310.38,724,496,726
4029,49,Male,Watershed Crew Supervisor (D),DWM Department of Watershed Management,51087.49,719,801,347
4030,52,Female,Pollution Control Monitor,DWM Department of Watershed Management,48906.66,181,429,390
4031,54,Female,Communications Dispatcher (D),APD Atlanta Police Department,42496.06,3,302,997
4032,49,Female,Police Traffic Control Inspector (D),APD Atlanta Police Department,36185.34,4,653,710
4033,64,Female,Human Resources Manager I,DHR Department of Human Reources,62920.0,860,10,674
4034,45,Female,Safety & Training Officer,DPW Department of Public Works,45531.72,925,327,762
4035,50,Male,Construction Inspector,DWM Department of Watershed Management,44853.22,78,948,520
4036,48,Female,Environmental Service Worker I (D),DPW Department of Public Works,27634.63,975,267,128
4037,45,Male,Fire Sergeant (E),AFR Atlanta Fire & Recuse,50841.31,849,490,833
4038,55,Male,Corrections Officer (E),COR Department of Corrections,48684.48,765,825,611
4039,54,Female,"Customer Service Representative, Sr (D)",DWM Department of Watershed Management,47298.52,788,356,549
4040,49,Male,Construction/Maintenance Worker (D),DPW Department of Public Works,27641.74,902,854,459
4041,53,Male,Fire Captain (E),AFR Atlanta Fire & Recuse,65243.89,907,743,832
4042,40,Male,Police Officer (E) (F) (O) (B) (S),APD Atlanta Police Department,45808.67,909,771,954
4043,54,Male,Wastewater Collection Superintendent,DWM Department of Watershed Management,70818.72,147,160,886
4044,43,Male,Solid Waste Operator I (D),DPW Department of Public Works,33924.25,864,727,939
4045,41,Female,"IT Manager, Sr",DIT Department of Information Technology,67800.01,840,15,124
4046,48,Male,Police Officer (E) (F) (O) (B) (S),APD Atlanta Police Department,39919.57,767,491,516
4047,46,Male,Police Sergeant (E) (F) (O) (B) (S),APD Atlanta Police Department,50389.31,580,914,293
4048,37,Male,Fire Lieutenant (E),AFR Atlanta Fire & Recuse,44222.67,776,899,753
4049,34,Female,Police Officer (E) (F) (O) (B) (S),APD Atlanta Police Department,34726.37,91,343,111
4050,35,Male,Police Sergeant (E) (F) (O) (B) (S),APD Atlanta Police Department,53082.45,449,792,87
4051,52,Male,Corrections Lieutenant (E),COR Department of Corrections,56637.98,184,719,546
4052,36,Male,Assistant Attorney,PDA Public Defender Administration,58800.0,375,249,871
4053,28,Male,Corrections Officer (E),COR Department of Corrections,34258.02,487,247,63
4054,40,Male,Firefighter (E),AFR Atlanta Fire & Recuse,32132.8,843,662,232
4055,57,Female,Public Defender,PDA Public Defender Administration,146100.03,709,481,607
4056,27,Female,"Career Advisor, Sr",PCD Atlanta Workforce Development Agency,49982.4,333,599,434
4057,44,Male,Police Investigator (E) (F) (O),APD Atlanta Police Department,59005.65,147,784,133
4058,47,Male,Police Lieutenant (E) (F) (O) (B) (S),APD Atlanta Police Department,81359.2,517,578,506
4059,62,Male,EMS Instructor,AFR Atlanta Fire & Recuse,60012.39,21,439,780
4060,40,Male,Airport Concessions Manager,DOA Department of Aviation,73999.99,799,825,700
4061,28,Female,Corrections Officer (E),COR Department of Corrections,34257.02,756,241,31
4062,28,Male,"City Council Assistant, Sr",CCN City Council,35349.6,138,89,497
4063,66,Male,Environmental Compliance Officer Supervisor,DWM Department of Watershed Management,50250.1,275,625,957
4064,33,Male,Fire Sergeant (E),AFR Atlanta Fire & Recuse,38641.27,564,430,603
4065,53,Male,"City Council Assistant, Sr",CCN City Council,38241.01,883,2,626
4066,47,Male,Fire Lieutenant (E),AFR Atlanta Fire & Recuse,54628.05,351,253,95
4067,36,Male,Pollution Control Monitor,DWM Department of Watershed Management,42202.85,96,169,330
4068,57,Male,Water Meter Mechanic,DWM Department of Watershed Management,42257.87,331,312,32
4069,25,Female,Cultural Affairs Project Coordinator,EXE Executive Offices,24600.01,361,586,588
4070,61,Male,Watershed Plant Operator Supervisor (D),DWM Department of Watershed Management,58657.87,429,991,402
4071,31,Male,Firefighter (E),AFR Atlanta Fire & Recuse,37955.36,513,971,127
4072,40,Male,Fire Sergeant (E),AFR Atlanta Fire & Recuse,43648.01,101,100,795
4073,59,Female,Recreation Specialist,"PRC Parks, Recreation, & Cultural Affairs",35699.52,726,994,922
4074,39,Male,Arborist,"PRC Parks, Recreation, & Cultural Affairs",45094.06,484,957,993
4075,59,Female,CAD Operator,DOA Department of Aviation,52578.01,299,311,145
4076,29,Male,Police Officer (E) (F) (O) (B) (S),APD Atlanta Police Department,42762.72,234,939,906
4077,38,Male,Police Officer (E) (F) (O) (B) (S),APD Atlanta Police Department,45808.67,614,495,889
4078,47,Male,Police Officer (E) (F) (O) (B) (S),APD Atlanta Police Department,34726.37,113,615,700
4079,56,Female,Revenue Auditor,DOF Department of Finance,44985.2,183,482,862
4080,29,Female,"Project Manager, Sr",PCD Planning & Community Development,70000.01,42,674,836
4081,56,Male,Watershed Plant Operator Class I (D),DWM Department of Watershed Management,54995.01,20,290,466
4082,41,Male,Fire Captain (E),AFR Atlanta Fire & Recuse,61515.06,144,998,369
4083,59,Female,Court Clerk (D),JDA Municipal Court Operations,28865.17,72,213,617
4084,43,Male,Fire Lieutenant (E),AFR Atlanta Fire & Recuse,52780.82,948,54,420
4085,42,Male,"Plant Maintenance Mechanic, Sr (D)",DWM Department of Watershed Management,53540.14,416,478,969
4086,31,Male,Police Officer (E) (F) (O) (B) (S),APD Atlanta Police Department,42762.72,557,332,5
4087,51,Male,"Planning & Community Development, Commissioner",PCD Planning & Community Development,175000.01,249,308,783
4088,40,Male,"Facilities Maintenance Mechanic, Sr (D)",DOA Department of Aviation,39357.92,942,496,385
4089,50,Male,Communications Dispatcher (D),APD Atlanta Police Department,35355.65,350,168,700
4090,37,Male,Fire Sergeant (E),AFR Atlanta Fire & Recuse,42975.69,928,679,940
4091,29,Male,Firefighter (E),AFR Atlanta Fire & Recuse,35785.83,617,616,490
4092,53,Male,"Public Works Transportation Manager, Sr",DPW Department of Public Works,86289.53,675,11,993
4093,45,Female,"Court Administrator, Assistant",JDA Municipal Court Operations,90000.14,724,215,589
4094,45,Male,Police Sergeant (E) (F) (O) (B) (S),APD Atlanta Police Department,57719.17,863,34,108
4095,49,Male,Corrections Officer (E),COR Department of Corrections,41339.17,325,769,136
4096,67,Male,Water Contract Supervisor,DWM Department of Watershed Management,56210.68,770,352,580
4097,34,Female,"Administrative Assistant, Sr",COR Department of Corrections,35190.01,714,546,589
4098,29,Male,Firefighter (E),AFR Atlanta Fire & Recuse,35785.83,621,927,754
4099,31,Male,Firefighter (E),AFR Atlanta Fire & Recuse,35785.83,806,265,134
4100,36,Male,Fire Lieutenant (E),AFR Atlanta Fire & Recuse,47488.64,146,463,814
4101,51,Male,Field Engineer,DWM Department of Watershed Management,50831.05,590,751,823
4102,39,Male,"Construction/Maintenance Worker, Sr",DWM Department of Watershed Management,46807.9,693,241,184
4103,32,Female,"Storekeeper, Sr (D)",DPW Department of Public Works,29497.51,173,481,587
4104,50,Male,Fire Captain (E),AFR Atlanta Fire & Recuse,59362.04,611,98,195
4105,41,Female,Data/Reporting Analyst,DWM Department of Watershed Management,44152.64,463,99,241
4106,45,Male,"Field Engineer, Sr",DWM Department of Watershed Management,49875.9,466,527,862
4107,38,Male,Police Investigator (E) (F) (O),APD Atlanta Police Department,45690.32,1000,446,354
4108,27,Male,Environmental Service Worker I (D),DPW Department of Public Works,24921.0,341,172,964
4109,31,Female,"Accountant, Sr",DOF Department of Finance,43609.9,509,461,924
4110,47,Male,"Storekeeper, Sr (D)",DPW Department of Public Works,32454.05,301,23,769
4111,64,Male,Construction/Maintenance Worker (D),DWM Department of Watershed Management,39546.29,389,6,777
4112,51,Female,Management Analyst,"PRC Parks, Recreation, & Cultural Affairs",44985.2,800,511,852
4113,58,Male,"Security Specialist, Sr (D)",DWM Department of Watershed Management,48472.23,296,417,117
4114,44,Male,Firefighter (E),AFR Atlanta Fire & Recuse,37955.36,460,455,366
4115,44,Female,"Financial Analyst, Sr",DOF Department of Finance,59962.01,161,973,660
4116,43,Female,"Administrative Assistant, Sr",DPW Department of Public Works,32453.24,774,599,525
4117,26,Female,Firefighter (E),AFR Atlanta Fire & Recuse,37392.58,880,181,58
4118,50,Female,Pharmacy Technician,COR Department of Corrections,32055.84,892,911,320
4119,21,Male,Firefighter (E),AFR Atlanta Fire & Recuse,32132.8,741,177,828
4120,47,Male,Solid Waste Operator II (D),DPW Department of Public Works,37781.42,57,682,387
4121,29,Male,Police Officer (E) (F) (O) (B) (S),APD Atlanta Police Department,42128.72,439,999,874
4122,50,Male,Solid Waste Equipment Operator,DPW Department of Public Works,37241.93,573,301,510
4123,41,Female,Journeyperson,DWM Department of Watershed Management,52617.85,377,903,761
4124,38,Female,Legislative Research & Policy Analyst II,CCN City Council,75184.95,781,934,215
4125,44,Female,Police Officer (E) (F) (O) (B) (S),APD Atlanta Police Department,42128.72,965,42,638
4126,46,Male,Firefighter (E),AFR Atlanta Fire & Recuse,40498.59,856,320,998
4127,54,Female,Accounting Technical Specialist,DOF Department of Finance,39998.4,667,690,411
4128,53,Male,Fire Sergeant (E),AFR Atlanta Fire & Recuse,39222.84,321,573,253
4129,46,Male,Fire Assistant Chief (E),AFR Atlanta Fire & Recuse,98324.01,630,942,343
4130,59,Female,Corrections Officer (E),COR Department of Corrections,35462.13,282,176,667
4131,45,Male,Firefighter (E),AFR Atlanta Fire & Recuse,44724.86,974,469,94
4132,35,Male,Police Officer (E) (F) (O) (B) (S),APD Atlanta Police Department,41316.7,795,47,238
4133,51,Male,Police Investigator (E) (F) (O),APD Atlanta Police Department,64772.86,498,807,924
4134,45,Male,IT Manager,APD Atlanta Police Department,55619.62,674,852,704
4135,53,Male,Police Investigator (E) (F) (O),APD Atlanta Police Department,60466.22,362,157,111
4136,52,Male,"Water Service Representative, Sr",DWM Department of Watershed Management,40775.73,223,138,263
4137,37,Female,Management Analyst,DPW Department of Public Works,54600.0,85,591,429
4138,36,Male,Fire Sergeant (E),AFR Atlanta Fire & Recuse,43212.7,836,872,124
4139,35,Female,Police Traffic Control Inspector (D),APD Atlanta Police Department,28188.76,850,116,371
4140,30,Male,Police Investigator (E) (F) (O),APD Atlanta Police Department,47289.49,236,299,229
4141,34,Male,Recreation Operations Assistant,"PRC Parks, Recreation, & Cultural Affairs",25800.01,913,302,769
4142,66,Male,Information Systems Manager,DWM Department of Watershed Management,54269.9,905,977,589
4143,48,Male,"IT Manager, Sr",DIT Department of Information Technology,115000.02,146,538,437
4144,24,Male,Business Manager II,PCD Atlanta Workforce Development Agency,75000.02,60,860,757
4145,27,Male,Police Officer (E) (F) (O) (B) (S),APD Atlanta Police Department,39919.57,981,66,438
4146,33,Male,Police Officer (E) (F) (O) (B) (S),APD Atlanta Police Department,44259.49,255,886,985
4147,69,Male,"IT Project Manager, Sr",DIT Department of Information Technology,94724.18,731,282,618
4148,45,Male,"Plans Review Specialist, Sr",PCD Planning & Community Development,58290.17,1000,228,356
4149,24,Male,Intern,DWM Department of Watershed Management,33280.0,988,21,961
4150,45,Male,Police Investigator (E) (F) (O),APD Atlanta Police Department,60466.22,53,924,565
4151,67,Female,Executive Assistant,PCD Planning & Community Development,55331.12,303,338,496
4152,45,Male,Environmental Service Worker II (D),DPW Department of Public Works,30397.92,808,769,968
4153,30,Male,Police Officer (E) (F) (O) (B) (S),APD Atlanta Police Department,42128.72,971,880,299
4154,49,Male,Police Investigator (E) (F) (O),APD Atlanta Police Department,59005.65,461,862,162
4155,29,Male,Police Officer (E) (F) (O) (B) (S),APD Atlanta Police Department,34726.37,774,38,446
4156,36,Male,"Management Analyst, Sr",APD Atlanta Police Department,67800.01,68,524,380
4157,43,Female,Communications Dispatcher (D),APD Atlanta Police Department,34155.01,786,111,238
4158,47,Male,Police Investigator (E) (F) (O),APD Atlanta Police Department,57010.51,408,698,608
4159,46,Female,Police Sergeant (E) (F) (O) (B) (S),APD Atlanta Police Department,63360.54,80,259,437
4160,54,Female,"Security Specialist, Sr (D)",DWM Department of Watershed Management,48472.23,25,867,417
4161,46,Male,Engineering Technician,DWM Department of Watershed Management,48212.17,149,55,237
4162,28,Male,Firefighter (E),AFR Atlanta Fire & Recuse,35255.25,990,934,664
4163,39,Male,Construction Inspector,DPW Department of Public Works,37316.68,539,5,60
4164,28,Male,Police Officer (E) (F) (O) (B) (S),APD Atlanta Police Department,34726.37,794,98,226
4165,39,Female,Corrections Officer (E),COR Department of Corrections,34257.02,473,192,64
4166,57,Female,"Facilities Maintenance Mechanic, Sr (D)",DOA Department of Aviation,40736.14,51,975,525
4167,38,Female,"Investigator, Sr",PDA Public Defender Administration,37758.33,256,779,937
4168,36,Female,Police Officer (E) (F) (O) (B) (S),APD Atlanta Police Department,41316.7,282,191,916
4169,25,Male,Police Officer (E) (F) (O) (B) (S),APD Atlanta Police Department,34726.37,289,74,157
4170,36,Male,"Office Support Assistant, Sr (D)",DPW Department of Public Works,25800.01,874,486,845
4171,37,Male,Police Investigator (E) (F) (O),APD Atlanta Police Department,44809.65,91,802,861
4172,29,Male,Police Officer (E) (F) (O) (B) (S),APD Atlanta Police Department,42762.72,719,312,309
4173,31,Male,Police Officer (E) (F) (O) (B) (S),APD Atlanta Police Department,41316.7,273,979,576
4174,44,Male,Police Officer (E) (F) (O) (B) (S),APD Atlanta Police Department,50788.82,862,303,269
4175,44,Male,Fire Sergeant (E),AFR Atlanta Fire & Recuse,50087.1,484,847,599
4176,49,Female,Corrections Officer (E),COR Department of Corrections,47215.17,98,538,369
4177,66,Male,"Public Works, Deputy Commissioner",DPW Department of Public Works,135000.01,241,283,259
4178,55,Male,Safety & Training Supervisor,DPW Department of Public Works,44000.01,727,88,873
4179,37,Male,HRIS Specialist,DHR Department of Human Reources,41000.0,384,494,283
4180,53,Male,Solid Waste Equipment Operator,DPW Department of Public Works,28048.51,8,619,835
4181,67,Male,CAD Operator,DOA Department of Aviation,58198.36,878,700,995
4182,46,Female,"Communications Dispatcher Supervisor, Sr (D)",APD Atlanta Police Department,52975.1,43,325,419
4183,48,Male,Police Sergeant (E) (F) (O) (B) (S),APD Atlanta Police Department,61217.94,357,504,769
4184,55,Male,Security Specialist,EXE Executive Offices,42399.83,262,468,762
4185,59,Female,"City Council Assistant, Sr",CCN City Council,37980.9,600,71,520
4186,35,Male,Electrician Specialist,DOA Department of Aviation,52786.66,434,673,739
4187,35,Male,Firefighter (E),AFR Atlanta Fire & Recuse,36308.21,352,759,992
4188,43,Male,Fire Sergeant (E),AFR Atlanta Fire & Recuse,39222.84,64,754,899
4189,63,Male,Plumbing Field Engineer,"PRC Parks, Recreation, & Cultural Affairs",49483.72,688,47,336
4190,45,Female,Environmental Service Worker I (D),DPW Department of Public Works,30638.86,634,545,205
4191,62,Female,"Human Resources Representative, Sr",DHR Department of Human Reources,59294.14,409,776,515
4192,46,Male,Code Enforcement Supervisor,APD Atlanta Police Department,46104.45,550,284,237
4193,41,Male,Police Investigator (E) (F) (O),APD Atlanta Police Department,51420.1,730,965,337
4194,35,Male,"Facilities Maintenance Mechanic, Sr (D)",DOA Department of Aviation,35355.65,255,444,394
4195,31,Male,"Legal Program Assistant, Sr",SOL Solicitor Office,50003.2,637,123,191
4196,65,Male,Financial & Accounting Director,DOF Department of Finance,112715.01,402,416,995
4197,38,Male,Environmental Service Worker I (D),DPW Department of Public Works,26699.89,139,933,862
4198,33,Male,Firefighter (E),AFR Atlanta Fire & Recuse,42571.85,616,237,728
4199,43,Male,Police Investigator (E) (F) (O),APD Atlanta Police Department,48001.2,926,564,660
4200,36,Male,Police Investigator (E) (F) (O),APD Atlanta Police Department,47289.49,579,552,25
4201,34,Male,Police Officer (E) (F) (O) (B) (S),APD Atlanta Police Department,34726.37,147,617,503
4202,40,Female,"Police Officer, Sr (E) (F) (O) (B) (S)",APD Atlanta Police Department,53219.71,418,126,834
4203,51,Male,Police Lieutenant (E) (F) (O) (B) (S),APD Atlanta Police Department,81359.2,338,733,308
4204,39,Male,Police Sergeant (E) (F) (O) (B) (S),APD Atlanta Police Department,51287.39,288,326,585
4205,59,Female,Enterprise Risk Management Director,DOF Department of Finance,120700.11,29,208,825
4206,47,Male,Facilities Maintenance Crew Supervisor,DOA Department of Aviation,44624.03,625,312,600
4207,58,Male,Construction/Maintenance Worker (D),DWM Department of Watershed Management,31205.27,333,442,490
4208,46,Female,Watershed Manager I,DWM Department of Watershed Management,72900.01,683,112,700
4209,34,Female,Police Sergeant (E) (F) (O) (B) (S),APD Atlanta Police Department,51287.39,966,110,303
4210,38,Female,Watershed Manager II,DWM Department of Watershed Management,76000.04,163,449,465
4211,58,Male,Electrician Assistant (D),DWM Department of Watershed Management,39971.47,641,597,101
4212,30,Male,Police Officer (E) (F) (O) (B) (S),APD Atlanta Police Department,39919.57,358,170,427
4213,27,Male,Firefighter (E),AFR Atlanta Fire & Recuse,35785.83,784,308,446
4214,48,Male,Inventory Manager,DOA Department of Aviation,51239.76,271,370,164
4215,42,Male,Custodian (D),"PRC Parks, Recreation, & Cultural Affairs",24600.01,406,21,564
4216,58,Male,"Building Inspector, Sr",PCD Planning & Community Development,52390.33,590,768,153
4217,31,Female,"Recreation Operations Assistant, Sr","PRC Parks, Recreation, & Cultural Affairs",32034.31,847,925,635
4218,30,Male,"Construction/Maintenance Worker, Seasonal","PRC Parks, Recreation, & Cultural Affairs",21320.0,652,15,962
4219,67,Male,"Civil Engineer, Sr",DWM Department of Watershed Management,67227.09,554,67,627
4220,37,Female,Contract Administrator,DOA Department of Aviation,68000.0,55,133,675
4221,34,Male,Police Officer (E) (F) (O) (B) (S),APD Atlanta Police Department,41316.7,973,100,50
4222,58,Male,Electrician Specialist,DOA Department of Aviation,62343.37,104,862,713
4223,39,Male,Police Officer (E) (F) (O) (B) (S),APD Atlanta Police Department,34726.37,351,983,400
4224,35,Male,Police Investigator (E) (F) (O),APD Atlanta Police Department,44145.23,654,49,93
4225,37,Female,Corrections Officer (E),COR Department of Corrections,35462.13,977,241,178
4226,38,Female,"Public Defender Assistant, Sr",PDA Public Defender Administration,70812.02,232,267,777
4227,58,Male,Watershed Plant Operator Class I (D),DWM Department of Watershed Management,56928.35,146,491,59
4228,33,Male,Police Officer (E) (F) (O) (B) (S),APD Atlanta Police Department,39919.57,141,5,335
4229,36,Male,Police Investigator (E) (F) (O),APD Atlanta Police Department,49681.22,735,98,915
4230,30,Male,"Civil Engineer, Sr",DWM Department of Watershed Management,58699.99,293,329,132
4231,50,Male,Police Major,APD Atlanta Police Department,102365.27,163,670,328
4232,27,Male,Police Officer (E) (F) (O) (B) (S),APD Atlanta Police Department,42762.72,732,950,634
4233,42,Male,Watershed Manager II,DWM Department of Watershed Management,86000.01,944,731,166
4234,26,Male,Firefighter (E),AFR Atlanta Fire & Recuse,36308.21,616,823,912
4235,37,Male,Firefighter (E),AFR Atlanta Fire & Recuse,35785.83,537,543,412
4236,30,Male,Police Investigator (E) (F) (O),APD Atlanta Police Department,44145.23,641,323,474
4237,34,Male,Police Investigator (E) (F) (O),APD Atlanta Police Department,44809.65,562,890,705
4238,56,Male,"Treasury, Debt and Investment Chief",DOF Department of Finance,120700.11,897,9,317
4239,27,Female,Administrative Assistant,APD Atlanta Police Department,35780.61,924,330,902
4240,48,Male,Corrections Chief,COR Department of Corrections,153719.97,538,65,9
4241,50,Female,Police Sergeant (E) (F) (O) (B) (S),APD Atlanta Police Department,70248.88,617,792,760
4242,33,Male,Urban Planner III,PCD Planning & Community Development,60000.01,8,928,541
4243,40,Female,"Solicitor, Sr Assistant",SOL Solicitor Office,78400.19,907,965,117
4244,51,Male,Fire Lieutenant (E),AFR Atlanta Fire & Recuse,44222.67,321,256,199
4245,28,Male,Police Officer (E) (F) (O) (B) (S),APD Atlanta Police Department,42762.72,532,91,993
4246,64,Male,Traffic Service Technician,DPW Department of Public Works,34462.24,371,417,887
4247,57,Female,Office Support Specialist (D),DHR Department of Human Reources,35699.67,926,927,817
4248,35,Female,Firefighter (E),AFR Atlanta Fire & Recuse,37579.44,572,763,669
4249,40,Female,Business Systems Analyst,DOA Department of Aviation,51239.76,820,431,832
4250,30,Male,Firefighter (E),AFR Atlanta Fire & Recuse,42571.85,289,322,658
4251,43,Male,Police Sergeant (E) (F) (O) (B) (S),APD Atlanta Police Department,57719.17,613,565,568
4252,43,Female,Police Sergeant (E) (F) (O) (B) (S),APD Atlanta Police Department,57719.17,326,235,910
4253,45,Male,Chief Information Security Officer,DIT Department of Information Technology,150000.01,894,299,916
4254,58,Female,"Administrative Assistant, Sr",DOA Department of Aviation,38295.02,957,904,203
4255,66,Female,Airport Planner,DOA Department of Aviation,58000.01,851,30,442
4256,29,Female,Police Officer (E) (F) (O) (B) (S),APD Atlanta Police Department,42762.72,149,704,748
4257,43,Male,Facilities Maintenance Mechanic (D),EXE Executive Offices,37398.4,920,334,385
4258,26,Female,Engineering Technician,DWM Department of Watershed Management,33000.01,250,605,581
4259,34,Male,Network Administrator (D),DOA Department of Aviation,72665.47,700,973,5
4260,50,Male,Administrative Assistant,EXE Executive Offices,31200.0,216,912,450
4261,34,Male,Property & Airlines Relations Director,DOA Department of Aviation,102000.02,704,189,747
4262,41,Female,Public Relations Manager,DWM Department of Watershed Management,69498.0,795,74,955
4263,37,Female,Restorative Justice Specialist,JDA Municipal Court Operations,38346.1,557,189,944
4264,27,Male,Construction/Maintenance Worker (D),DWM Department of Watershed Management,31115.32,375,942,664
4265,58,Female,911 Operator (D),APD Atlanta Police Department,35982.55,564,259,481
4266,53,Male,Fire Captain (E),AFR Atlanta Fire & Recuse,67527.51,448,692,848
4267,48,Male,Firefighter (E),AFR Atlanta Fire & Recuse,37955.36,699,187,918
4268,29,Female,Construction/Maintenance Worker I (D),EXE Executive Offices,24600.01,659,117,137
4269,48,Male,Police Officer (E) (F) (O) (B) (S),APD Atlanta Police Department,42762.72,486,359,582
4270,38,Male,Firefighter (E),AFR Atlanta Fire & Recuse,32132.8,25,882,871
4271,32,Male,Fire Sergeant (E),AFR Atlanta Fire & Recuse,46756.84,221,29,720
4272,23,Male,Construction/Maintenance Worker (D),DWM Department of Watershed Management,33280.0,995,637,476
4273,36,Male,Solid Waste Operator II (D),DPW Department of Public Works,35237.74,580,484,324
4274,37,Male,"Public Defender Assistant, Sr",PDA Public Defender Administration,70812.02,937,437,992
4275,29,Male,Accounting Technical Specialist,DPW Department of Public Works,39105.4,672,880,244
4276,29,Male,Police Officer (E) (F) (O) (B) (S),APD Atlanta Police Department,42762.72,551,681,35
4277,29,Male,Police Officer (E) (F) (O) (B) (S),APD Atlanta Police Department,34726.37,903,585,764
4278,33,Male,Police Officer (E) (F) (O) (B) (S),APD Atlanta Police Department,39919.57,750,950,911
4279,32,Male,Police Officer (E) (F) (O) (B) (S),APD Atlanta Police Department,42762.72,854,493,483
4280,24,Male,Firefighter (E),AFR Atlanta Fire & Recuse,38549.05,298,936,190
4281,52,Male,Police Officer (E) (F) (O) (B) (S),APD Atlanta Police Department,58281.18,63,368,572
4282,60,Male,"Plans Review Specialist, Sr",DWM Department of Watershed Management,47300.01,297,569,8
4283,44,Female,Administrative Assistant,PCD Planning & Community Development,30946.5,485,860,912
4284,45,Male,Facilities Maintenance Mechanic (D),DOA Department of Aviation,37452.05,837,919,118
4285,56,Male,"Construction Inspector, Sr",DWM Department of Watershed Management,58198.36,220,353,574
4286,67,Male,Electrician Specialist,DOA Department of Aviation,54104.6,412,336,397
4287,53,Female,"Customer Service Representative, Sr (D)",DPW Department of Public Works,30946.5,77,691,804
4288,46,Female,Solid Waste Route Supervisor (D),DPW Department of Public Works,47298.52,103,210,179
4289,53,Male,"Construction/Maintenance Worker, Sr",DWM Department of Watershed Management,38486.47,729,143,771
4290,33,Male,Firefighter (E),AFR Atlanta Fire & Recuse,39129.14,613,643,608
4291,58,Male,Installation Chief,DPW Department of Public Works,60660.6,425,518,597
4292,56,Female,Quality Services Specialist,APD Atlanta Police Department,55766.39,701,72,979
4293,31,Male,Police Officer (E) (F) (O) (B) (S),APD Atlanta Police Department,41316.7,364,524,739
4294,25,Male,Fire Sergeant (E),AFR Atlanta Fire & Recuse,39836.38,958,168,8
4295,29,Male,Latent Print Examiner,APD Atlanta Police Department,37176.92,252,434,810
4296,50,Female,"Planning, Assistant Director",PCD Planning & Community Development,74000.01,102,516,383
4297,67,Male,Real Estate Portfolio Director,EXE Executive Offices,107767.11,278,328,401
4298,58,Male,"Electrical Inspector, Sr",PCD Planning & Community Development,45655.08,442,904,454
4299,28,Female,Police Officer (E) (F) (O) (B) (S),APD Atlanta Police Department,42762.72,555,900,587
4300,64,Female,"Court Clerk, Sr (D)",JDA Municipal Court Operations,36165.96,469,560,391
4301,30,Male,Police Officer (E) (F) (O) (B) (S),APD Atlanta Police Department,41316.7,718,101,289
4302,54,Male,"Programmer Analyst, Sr",DIT Department of Information Technology,66046.34,339,727,303
4303,31,Male,Police Officer (E) (F) (O) (B) (S),APD Atlanta Police Department,43190.37,480,758,980
4304,52,Male,"Police Officer, Sr (E) (F) (O) (B) (S)",APD Atlanta Police Department,44809.65,994,985,41
4305,25,Male,Firefighter (E),AFR Atlanta Fire & Recuse,35785.83,16,232,801
4306,47,Male,Police Officer (E) (F) (O) (B) (S),APD Atlanta Police Department,44259.49,814,586,891
4307,54,Male,Corrections Officer (E),COR Department of Corrections,34258.02,0,741,701
4308,56,Male,"Construction/Maintenance Worker, Sr",DWM Department of Watershed Management,46337.94,371,996,746
4309,46,Male,Vehicle/Equipment Mechanic II,DPW Department of Public Works,46498.11,120,797,766
4310,55,Male,Police Officer (E) (F) (O) (B) (S),APD Atlanta Police Department,58281.18,920,162,306
4311,59,Female,Records Manager,COR Department of Corrections,49143.54,61,427,53
4312,47,Female,Office Manager,DPW Department of Public Works,43465.03,822,42,964
4313,37,Female,Customer Service Manager,DWM Department of Watershed Management,48722.34,446,714,681
4314,34,Male,"Facilities Maintenance Mechanic, Sr (D)",DOA Department of Aviation,35780.61,846,379,653
4315,49,Male,Vehicle/Equipment Maintenance Supervisor,DPW Department of Public Works,59819.36,713,427,629
4316,54,Female,"Training Specialist, Sr",DHR Department of Human Reources,35360.0,114,162,950
4317,27,Male,Custodian (D),EXE Executive Offices,26700.1,108,900,696
4318,40,Female,Pollution Control Monitor Supervisor,DWM Department of Watershed Management,58700.01,48,937,622
4319,39,Female,Microbiologist,DWM Department of Watershed Management,44727.43,330,487,466
4320,42,Male,Police Sergeant (E) (F) (O) (B) (S),APD Atlanta Police Department,53881.36,569,528,630
4321,35,Male,"Field Engineer, Sr",DWM Department of Watershed Management,50000.02,268,978,209
4322,42,Male,Financial Manager,DOA Department of Aviation,75239.2,25,139,964
4323,27,Male,Police Officer (E) (F) (O) (B) (S),APD Atlanta Police Department,42762.72,138,926,208
4324,65,Male,Airport Engineering Manager,DOA Department of Aviation,95247.13,401,725,672
4325,53,Male,Project Manager,EXE Executive Offices,65000.0,48,310,851
4326,25,Female,"Administrative Assistant, Sr",EXE Executive Offices,36000.0,895,786,183
4327,37,Male,Police Officer (E) (F) (O) (B) (S),APD Atlanta Police Department,44259.49,560,607,129
4328,49,Male,Corrections Major (E),COR Department of Corrections,71513.98,636,638,314
4329,52,Male,"Water Service Representative, Sr",DWM Department of Watershed Management,37446.01,574,737,696
4330,31,Male,Police Officer (E) (F) (O) (B) (S),APD Atlanta Police Department,43618.02,239,808,237
4331,26,Female,Police Officer (E) (F) (O) (B) (S),APD Atlanta Police Department,42762.72,676,628,391
4332,41,Male,Vehicle/Equipment Mechanic III,DPW Department of Public Works,43097.6,166,153,700
4333,63,Male,Solid Waste Operator II (D),DPW Department of Public Works,39103.89,143,619,806
4334,43,Female,"GIS Technician, Sr","PRC Parks, Recreation, & Cultural Affairs",33000.01,474,465,482
4335,39,Male,Vehicle/Equipment Mechanic II,DPW Department of Public Works,46498.11,465,498,938
4336,64,Female,Customer Service Supervisor (D),APD Atlanta Police Department,39324.55,746,4,971
4337,65,Male,Career Advisor,PCD Atlanta Workforce Development Agency,34810.78,649,573,499
4338,36,Male,Solid Waste Equipment Operator,DPW Department of Public Works,27100.01,452,180,685
4339,59,Male,Corrections Officer (E),COR Department of Corrections,50154.0,810,573,113
4340,36,Male,Police Officer (E) (F) (O) (B) (S),APD Atlanta Police Department,39327.6,93,297,47
4341,62,Male,Pollution Control Maintenance Manager,DWM Department of Watershed Management,67357.05,780,804,117
4342,48,Male,Airport Operations Representative II (D),DOA Department of Aviation,53110.72,882,254,861
4343,43,Male,Program Management Officer,"PRC Parks, Recreation, & Cultural Affairs",97000.01,911,722,332
4344,32,Female,Police Officer (E) (F) (O) (B) (S),APD Atlanta Police Department,42128.72,741,357,780
4345,47,Female,Airport Security Representative II (D),DOA Department of Aviation,51239.76,97,454,515
4346,27,Female,Warrants Technician I (D),JDA Municipal Court Operations,32499.1,36,108,511
4347,50,Female,Fire Inspector,AFR Atlanta Fire & Recuse,39785.68,518,931,203
4348,60,Male,Tree Trimmer,"PRC Parks, Recreation, & Cultural Affairs",38818.64,592,98,126
4349,22,Female,Intern,DWM Department of Watershed Management,33280.0,203,189,213
4350,39,Female,Solid Waste Equipment Operator,DPW Department of Public Works,34765.57,410,608,206
4351,36,Female,"Solicitor, Sr Assistant",SOL Solicitor Office,70716.82,676,491,513
4352,43,Female,"Planning & Community Development, Deputy Commissioner",PCD Planning & Community Development,126500.03,45,745,953
4353,37,Female,Utility Billing Specialist II,DWM Department of Watershed Management,40966.06,621,566,771
4354,47,Female,Police Officer (E) (F) (O) (B) (S),APD Atlanta Police Department,44259.49,231,32,648
4355,51,Female,Police Sergeant (E) (F) (O) (B) (S),APD Atlanta Police Department,61830.06,773,417,591
4356,30,Male,Fire Sergeant (E),AFR Atlanta Fire & Recuse,39836.38,171,926,400
4357,54,Female,Corrections Officer (E),COR Department of Corrections,36929.98,521,953,444
4358,54,Male,"Electrical Inspector, Sr",PCD Planning & Community Development,41995.2,21,201,708
4359,43,Female,"Human Resources, Deputy Commissioner",DHR Department of Human Reources,150000.01,684,158,181
4360,39,Female,"Real Estate Specialist, Sr",DOA Department of Aviation,47300.03,589,600,789
4361,45,Female,ATL 311 Call Center Director,EXE Executive Offices,96800.0,582,871,999
4362,51,Male,Fire Sergeant (E),AFR Atlanta Fire & Recuse,39222.84,614,431,194
4363,26,Male,Police Officer (E) (F) (O) (B) (S),APD Atlanta Police Department,39919.57,185,786,622
4364,27,Male,Police Officer (E) (F) (O) (B) (S),APD Atlanta Police Department,39919.57,169,873,455
4365,52,Female,Airport Security Director,DOA Department of Aviation,105970.88,808,235,417
4366,29,Male,Solid Waste Operator I (D),DPW Department of Public Works,32034.31,799,324,780
4367,29,Male,Vehicle/Equipment Mechanic II,DPW Department of Public Works,46498.11,26,872,720
4368,31,Male,Urban Planner II,PCD Planning & Community Development,57000.01,190,682,414
4369,25,Male,Environmental Service Worker I (D),DPW Department of Public Works,25461.01,545,746,488
4370,22,Female,Police Officer (E) (F) (O) (B) (S),APD Atlanta Police Department,34726.37,228,328,151
4371,37,Male,Firefighter (E),AFR Atlanta Fire & Recuse,36854.61,609,796,335
4372,36,Male,Police Investigator (E) (F) (O),APD Atlanta Police Department,48001.2,136,908,293
4373,52,Male,Corrections Officer (E),COR Department of Corrections,48684.06,789,930,399
4374,55,Male,Water Contract Supervisor,DWM Department of Watershed Management,60293.25,599,772,646
4375,31,Male,Firefighter (E),AFR Atlanta Fire & Recuse,37392.58,451,646,982
4376,37,Male,"Fire Safety Education Specialist, Sr",AFR Atlanta Fire & Recuse,37392.58,740,631,569
4377,29,Male,Plant Maintenance Mechanic (D),DWM Department of Watershed Management,46491.2,449,909,866
4378,51,Male,Police Investigator (E) (F) (O),APD Atlanta Police Department,64772.86,171,282,938
4379,40,Male,Fire Lieutenant (E),AFR Atlanta Fire & Recuse,49211.09,847,172,707
4380,45,Male,Police Sergeant (E) (F) (O) (B) (S),APD Atlanta Police Department,53881.07,957,302,270
4381,43,Female,Management Analyst,DWM Department of Watershed Management,51621.65,46,748,160
4382,30,Female,"Plans Review Specialist, Sr",PCD Planning & Community Development,54499.99,673,196,462
4383,39,Male,Parks Worker III (D),"PRC Parks, Recreation, & Cultural Affairs",32499.01,196,668,971
4384,51,Male,Fire Lieutenant (E),AFR Atlanta Fire & Recuse,66487.12,139,115,305
4385,34,Male,Court Support Specialist I (D),JDA Municipal Court Operations,30848.5,789,733,739
4386,50,Male,"Police Officer, Sr (E) (F) (O) (B) (S)",APD Atlanta Police Department,59005.65,137,696,283
4387,37,Male,Police Officer (E) (F) (O) (B) (S),APD Atlanta Police Department,42762.72,391,439,435
4388,25,Male,Environmental Service Worker I (D),DPW Department of Public Works,24600.01,754,714,629
4389,61,Female,"Customer Service Representative, Sr (D)",APD Atlanta Police Department,30946.5,51,807,66
4390,26,Male,Construction/Maintenance Worker (D),DWM Department of Watershed Management,25461.01,393,759,994
4391,29,Male,Firefighter (E),AFR Atlanta Fire & Recuse,35785.83,580,892,707
4392,50,Male,Watershed Manager II,DWM Department of Watershed Management,84000.01,639,675,729
4393,40,Male,Firefighter (E),AFR Atlanta Fire & Recuse,40339.3,627,539,505
4394,36,Male,Firefighter (E),AFR Atlanta Fire & Recuse,37392.58,744,507,714
4395,49,Female,"Storekeeper, Sr (D)",DPW Department of Public Works,33257.41,438,551,44
4396,43,Male,Construction/Maintenance Worker (D),DWM Department of Watershed Management,25461.01,444,706,15
4397,48,Male,Watershed Operations Coordinator,DWM Department of Watershed Management,58800.02,480,613,124
4398,41,Male,"Planning & Transportation, Assistant Director",PCD Planning & Community Development,82733.58,82,512,977
4399,40,Male,Construction Inspector,EXE Executive Offices,42745.5,917,909,455
4400,29,Female,Assistant Attorney,PDA Public Defender Administration,58800.0,692,647,421
4401,42,Female,Judicial Assistant,JDA Municipal Court Operations,51592.71,125,767,136
4402,45,Female,Administrative Assistant,APD Atlanta Police Department,33589.92,401,894,328
4403,62,Male,Vehicle/Equipment Mechanic III,DPW Department of Public Works,56164.22,69,173,632
4404,32,Female,Construction/Maintenance Worker II (D),DWM Department of Watershed Management,35000.01,110,940,1000
4405,26,Female,Crime Scene Technician II (D),APD Atlanta Police Department,32499.01,558,479,255
4406,50,Male,Police Lieutenant (E) (F) (O) (B) (S),APD Atlanta Police Department,81687.03,566,822,853
4407,49,Male,Fire Lieutenant (E),AFR Atlanta Fire & Recuse,52780.71,99,192,888
4408,51,Female,Housing Director,PCD Planning & Community Development,82000.01,541,18,319
4409,42,Female,Water Quality Control Superintendent,DWM Department of Watershed Management,51719.1,883,387,742
4410,57,Male,Equipment Maintenance/Safety Inspector,DWM Department of Watershed Management,44207.53,406,140,539
4411,60,Female,"Accounting Technician, Sr",DOF Department of Finance,37176.92,394,341,217
4412,25,Female,Intern,DWM Department of Watershed Management,33280.0,936,882,72
4413,54,Female,Communications Electronics Supervisor,APD Atlanta Police Department,46559.76,503,567,267
4414,63,Male,"IT Project Manager, Sr",DWM Department of Watershed Management,88678.89,529,638,839
4415,41,Female,Construction/Maintenance Worker (D),DPW Department of Public Works,26703.01,667,4,693
4416,41,Male,Safety & Training Officer,DHR Department of Human Reources,56393.24,452,310,812
4417,38,Female,Video Integration Monitor PT,APD Atlanta Police Department,40600.04,558,414,397
4418,58,Male,"Plans Review Specialist, Sr",PCD Planning & Community Development,60000.01,633,940,702
4419,35,Female,Police Officer (E) (F) (O) (B) (S),APD Atlanta Police Department,34899.9,961,257,199
4420,49,Male,Firefighter (E),AFR Atlanta Fire & Recuse,44724.92,600,30,503
4421,57,Female,Corrections Officer (E),COR Department of Corrections,39555.98,887,641,692
4422,45,Male,Arborist,"PRC Parks, Recreation, & Cultural Affairs",47298.52,854,906,620
4423,41,Male,"IT Manager, Sr",DOA Department of Aviation,89239.95,834,680,186
4424,55,Male,"Programmer Analyst, Lead",DOA Department of Aviation,74942.0,268,143,101
4425,33,Male,Firefighter (E),AFR Atlanta Fire & Recuse,36854.61,947,374,702
4426,51,Female,Data/Reporting Analyst,DWM Department of Watershed Management,53820.0,946,911,724
4427,52,Male,Police Officer (E) (F) (O) (B) (S),APD Atlanta Police Department,58281.18,977,484,393
4428,50,Male,Solid Waste Operator II (D),DPW Department of Public Works,40472.42,905,496,271
4429,40,Male,Equipment Operator II (D),DPW Department of Public Works,34076.89,48,414,748
4430,34,Male,Police Officer (E) (F) (O) (B) (S),APD Atlanta Police Department,41316.7,833,77,924
4431,46,Male,Solid Waste Operator I (D),DPW Department of Public Works,30946.5,532,380,588
4432,42,Male,"Data/Reporting Analyst, Sr",EXE Executive Offices,50910.02,834,443,790
4433,25,Male,Police Officer (E) (F) (O) (B) (S),APD Atlanta Police Department,42128.72,102,336,26
4434,47,Male,Fire Captain (E),AFR Atlanta Fire & Recuse,63037.71,65,246,937
4435,41,Male,Police Officer (E) (F) (O) (B) (S),APD Atlanta Police Department,44259.49,722,202,246
4436,47,Male,"Pollution Control Monitor, Sr",DWM Department of Watershed Management,52028.44,288,426,40
4437,26,Male,Police Officer (E) (F) (O) (B) (S),APD Atlanta Police Department,39919.57,370,324,188
4438,49,Male,"Plant Maintenance Mechanic, Sr (D)",DWM Department of Watershed Management,47594.1,981,821,952
4439,54,Female,Procurement Specialist,DWM Department of Watershed Management,45165.1,463,672,541
4440,68,Male,"Contracts Compliance Specialist, Sr",EXE Executive Offices,60408.82,324,333,291
4441,58,Female,"Administrative Assistant, Sr",APD Atlanta Police Department,42399.76,273,411,250
4442,41,Female,"Public Works Transportation Manager, Sr",DPW Department of Public Works,73595.2,523,220,935
4443,50,Male,"Water Distribution Operator, Sr",DWM Department of Watershed Management,41503.19,112,335,58
4444,54,Male,Contracts Compliance Specialist,EXE Executive Offices,52028.44,910,139,631
4445,56,Male,ATL311 Call Center Representative I,EXE Executive Offices,35521.2,506,6,387
4446,58,Female,AWDA Deputy Executive Director,PCD Atlanta Workforce Development Agency,86619.1,144,29,859
4447,38,Female,Warrants Technician I (D),APD Atlanta Police Department,33572.08,865,702,54
4448,25,Male,Firefighter (E),AFR Atlanta Fire & Recuse,35785.83,29,836,75
4449,64,Female,"Customer Service Manager, Sr",DOA Department of Aviation,60233.43,73,103,323
4450,52,Male,Police Lieutenant (E) (F) (O) (B) (S),APD Atlanta Police Department,81359.2,751,158,957
4451,26,Male,Environmental Service Worker I (D),DPW Department of Public Works,26699.89,326,217,941
4452,48,Male,Construction/Maintenance Worker (D),DWM Department of Watershed Management,35668.45,830,294,34
4453,61,Male,Intern,DWM Department of Watershed Management,33280.0,364,868,241
4454,49,Male,Solid Waste Operator III (D),DPW Department of Public Works,41559.59,827,756,669
4455,50,Female,ATL311 Call Center Representative I,EXE Executive Offices,41059.06,763,618,103
4456,44,Male,"Environmental Compliance Officer, Sr",DWM Department of Watershed Management,52578.01,820,518,878
4457,48,Male,Watershed Crew Supervisor (D),DWM Department of Watershed Management,51488.69,19,614,870
4458,47,Male,Facilities Maintenance Mechanic (D),DOA Department of Aviation,31567.58,123,739,621
4459,31,Male,Police Officer (E) (F) (O) (B) (S),APD Atlanta Police Department,41316.7,211,676,382
4460,51,Male,"HVAC Technician, Sr (D)",DOA Department of Aviation,52578.05,933,717,100
4461,25,Female,Police Officer (E) (F) (O) (B) (S),APD Atlanta Police Department,39327.6,116,541,691
4462,40,Male,Construction Inspector Supervisor,DPW Department of Public Works,44000.01,63,737,341
4463,60,Female,Risk Manager,DOF Department of Finance,69520.01,108,586,455
4464,29,Male,Police Officer (E) (F) (O) (B) (S),APD Atlanta Police Department,39327.6,675,624,456
4465,31,Male,Police Officer (E) (F) (O) (B) (S),APD Atlanta Police Department,41316.7,109,633,706
4466,36,Male,Firefighter (E),AFR Atlanta Fire & Recuse,39741.3,816,671,153
4467,34,Female,Water Complex Superintendent,DWM Department of Watershed Management,77000.02,188,251,128
4468,49,Male,Fire Captain (E),AFR Atlanta Fire & Recuse,60905.95,290,553,235
4469,31,Female,Police Officer (E) (F) (O) (B) (S),APD Atlanta Police Department,41316.7,732,139,981
4470,55,Male,Records Manager,SOL Solicitor Office,62869.44,571,417,403
4471,26,Male,Intern,DWM Department of Watershed Management,33280.0,818,556,618
4472,34,Male,Police Officer (E) (F) (O) (B) (S),APD Atlanta Police Department,45808.67,385,91,486
4473,26,Male,Data/Reporting Analyst,DPW Department of Public Works,39640.52,320,671,506
4474,28,Male,Police Officer (E) (F) (O) (B) (S),APD Atlanta Police Department,41316.7,776,997,495
4475,31,Male,Police Sergeant (E) (F) (O) (B) (S),APD Atlanta Police Department,51287.39,681,69,476
4476,40,Male,Police Officer (E) (F) (O) (B) (S),APD Atlanta Police Department,41316.7,32,252,274
4477,37,Male,Police Investigator (E) (F) (O),APD Atlanta Police Department,47289.49,198,593,913
4478,62,Female,"Investigator, Sr",CRB Administration,52785.04,518,700,740
4479,35,Male,"Construction/Maintenance Worker, Seasonal","PRC Parks, Recreation, & Cultural Affairs",21320.0,53,399,299
4480,27,Female,Communications Dispatcher (D),APD Atlanta Police Department,34155.01,349,969,851
4481,44,Female,Custodian (D),"PRC Parks, Recreation, & Cultural Affairs",24600.01,922,365,413
4482,49,Male,Police Sergeant (E) (F) (O) (B) (S),APD Atlanta Police Department,61217.94,400,19,663
4483,38,Male,Solid Waste Equipment Operator,DPW Department of Public Works,33589.92,380,729,512
4484,55,Male,"Facilities Maintenance Mechanic, Sr (D)",DOA Department of Aviation,35780.61,49,802,627
4485,42,Male,Fire Captain (E),AFR Atlanta Fire & Recuse,60905.95,644,758,478
4486,29,Male,Police Officer (E) (F) (O) (B) (S),APD Atlanta Police Department,42762.72,771,743,205
4487,32,Female,Police Officer (E) (F) (O) (B) (S),APD Atlanta Police Department,34726.37,771,531,612
4488,34,Male,Police Officer (E) (F) (O) (B) (S),APD Atlanta Police Department,34726.37,201,37,547
4489,60,Male,GIS Manager,DWM Department of Watershed Management,89000.02,901,438,947
4490,38,Female,Recreation Specialist,"PRC Parks, Recreation, & Cultural Affairs",41248.17,338,816,58
4491,58,Female,Fire Inspector,AFR Atlanta Fire & Recuse,50885.73,678,377,600
4492,49,Male,Construction/Maintenance Worker (D),DPW Department of Public Works,27684.58,449,119,53
4493,55,Female,"Administrative Assistant, Sr",DWM Department of Watershed Management,42496.06,61,831,478
4494,43,Male,Police Sergeant (E) (F) (O) (B) (S),APD Atlanta Police Department,55767.3,547,552,602
4495,35,Male,Data/Reporting Analyst,DWM Department of Watershed Management,43691.08,715,721,610
4496,39,Male,Police Officer (E) (F) (O) (B) (S),APD Atlanta Police Department,51804.48,233,385,984
4497,38,Male,Streetcar Transit Program Controls Manager,DPW Department of Public Works,90000.0,691,107,184
4498,24,Male,Police Officer (E) (F) (O) (B) (S),APD Atlanta Police Department,40114.15,973,788,158
4499,30,Male,Police Officer (E) (F) (O) (B) (S),APD Atlanta Police Department,39327.6,811,486,334
4500,28,Female,Assistant Attorney,PDA Public Defender Administration,58800.0,920,94,235
4501,47,Male,Construction Project Manager,EXE Executive Offices,67500.16,203,920,403
4502,46,Female,Communications Dispatcher Supervisor (D),DOA Department of Aviation,46881.31,666,523,379
4503,45,Female,"Budget Analyst, Sr",AFR Atlanta Fire & Recuse,48962.58,495,22,601
4504,26,Male,Police Officer (E) (F) (O) (B) (S),APD Atlanta Police Department,34726.37,546,10,734
4505,46,Female,"Field Engineer, Sr",DPW Department of Public Works,49972.21,164,571,139
4506,51,Male,Police Officer (E) (F) (O) (B) (S),APD Atlanta Police Department,49071.36,424,207,815
4507,42,Female,Corrections Officer (E),COR Department of Corrections,34257.02,609,394,701
4508,43,Female,Utility Billing Specialist II,DWM Department of Watershed Management,47116.4,345,688,975
4509,52,Female,Crime Scene Unit Manager (D),APD Atlanta Police Department,53413.82,948,703,258
4510,66,Female,Executive Director of Cultural Affairs,EXE Executive Offices,120000.19,309,924,436
4511,53,Female,Police Sergeant (E) (F) (O) (B) (S),APD Atlanta Police Department,65578.03,352,89,825
4512,69,Female,Customer Service Representative (D),APD Atlanta Police Department,29055.7,906,287,414
4513,36,Male,Utility Call Center Representative (D),DWM Department of Watershed Management,35268.74,827,700,368
4514,27,Female,"Customer Service Representative, Sr (D)",DOA Department of Aviation,30946.5,298,449,131
4515,24,Male,Firefighter (E),AFR Atlanta Fire & Recuse,32132.8,642,866,251
4516,42,Female,Contracting Officer,DOA Department of Aviation,64816.8,897,866,508
4517,42,Male,Firefighter (E),AFR Atlanta Fire & Recuse,40339.3,701,341,950
4518,48,Female,Construction/Maintenance Worker (D),DWM Department of Watershed Management,32243.87,640,622,499
4519,39,Female,Corrections Officer (E),COR Department of Corrections,36929.98,60,402,56
4520,40,Male,Forestry Crew Supervisor,"PRC Parks, Recreation, & Cultural Affairs",50215.19,100,286,898
4521,44,Male,"Water Distribution, Assistant Manager",DWM Department of Watershed Management,67800.01,532,408,83
4522,32,Male,Police Officer (E) (F) (O) (B) (S),APD Atlanta Police Department,39919.57,188,811,176
4523,31,Male,Police Investigator (E) (F) (O),APD Atlanta Police Department,44145.23,711,137,793
4524,30,Male,Police Officer (E) (F) (O) (B) (S),APD Atlanta Police Department,39327.6,271,95,256
4525,50,Female,Paralegal,LAW Law Department,45540.01,540,424,244
4526,24,Female,Environmental Service Worker I (D),DPW Department of Public Works,25461.01,731,639,491
4527,46,Female,Cultural Affairs Facility Administrator,EXE Executive Offices,48757.01,861,235,247
4528,26,Male,Firefighter (E),AFR Atlanta Fire & Recuse,35785.83,781,601,916
4529,34,Female,Administrative Assistant,EXE Executive Offices,43710.97,522,419,107
4530,51,Female,Administrative Assistant,DWM Department of Watershed Management,36406.22,237,362,900
4531,54,Male,Parks Worker I (D),"PRC Parks, Recreation, & Cultural Affairs",26699.89,325,483,35
4532,44,Male,"Process Control Technician, Sr (D)",DWM Department of Watershed Management,54006.22,771,132,427
4533,26,Male,Firefighter (E),AFR Atlanta Fire & Recuse,35785.83,417,900,316
4534,67,Female,"Career Advisor, Sr",PCD Atlanta Workforce Development Agency,45164.97,559,63,437
4535,44,Female,"Financial Analyst, Sr",DOF Department of Finance,58098.14,207,738,200
4536,24,Male,Firefighter (E),AFR Atlanta Fire & Recuse,35785.83,429,611,38
4537,63,Female,Data/Reporting Analyst,DOA Department of Aviation,41218.15,791,798,1
4538,55,Female,Office Manager,DOA Department of Aviation,41119.56,559,174,87
4539,26,Male,Police Officer (E) (F) (O) (B) (S),APD Atlanta Police Department,39327.6,364,739,870
4540,31,Male,Police Officer (E) (F) (O) (B) (S),APD Atlanta Police Department,39919.57,556,941,86
4541,31,Male,Police Officer (E) (F) (O) (B) (S),APD Atlanta Police Department,42762.72,66,851,757
4542,44,Male,Police Officer (E) (F) (O) (B) (S),APD Atlanta Police Department,53617.62,161,275,642
4543,25,Female,"Customer Service Representative, Sr (D)",DOF Department of Finance,36942.05,103,827,662
4544,28,Male,Police Officer (E) (F) (O) (B) (S),APD Atlanta Police Department,39327.6,630,1,765
4545,50,Female,Corrections Officer (E),COR Department of Corrections,36656.01,367,948,66
4546,37,Male,Police Officer (E) (F) (O) (B) (S),APD Atlanta Police Department,42762.72,152,100,603
4547,42,Female,Recreation Operations Assistant,"PRC Parks, Recreation, & Cultural Affairs",25800.01,226,492,211
4548,47,Female,Water Meter Mechanic,DWM Department of Watershed Management,45316.76,631,267,240
4549,58,Male,Maintenance Mechanic Supervisor,"PRC Parks, Recreation, & Cultural Affairs",52522.72,92,663,311
4550,23,Female,Watershed Trainee (D),DWM Department of Watershed Management,31000.01,237,790,998
4551,50,Female,Watershed Manager I,DWM Department of Watershed Management,74941.01,654,151,943
4552,62,Male,Watershed Manager I,DWM Department of Watershed Management,85000.01,188,14,877
4553,43,Female,Police Property Management Technician (D),APD Atlanta Police Department,34961.69,845,510,597
4554,61,Male,"Construction/Maintenance Worker, Sr",DWM Department of Watershed Management,43801.08,300,300,330
4555,43,Female,Office Manager,APD Atlanta Police Department,39105.4,123,430,912
4556,59,Female,"Zoning Inspector, Sr",APD Atlanta Police Department,39785.68,740,776,804
4557,55,Male,Communications Electronics Technician (D),APD Atlanta Police Department,39785.68,257,417,457
4558,33,Male,Police Officer (E) (F) (O) (B) (S),APD Atlanta Police Department,39919.57,897,148,759
4559,34,Female,"Performance Auditor, Sr",AUD Audit Administration,71500.0,131,738,943
4560,51,Male,Corrections Officer (E),COR Department of Corrections,36656.05,215,454,244
4561,46,Female,Fire Inspector,AFR Atlanta Fire & Recuse,46182.73,680,981,307
4562,43,Male,Police Lieutenant (E) (F) (O) (B) (S),APD Atlanta Police Department,70900.13,802,767,961
4563,33,Male,Communications Dispatcher (D),APD Atlanta Police Department,35780.61,592,932,489
4564,36,Female,Airport Engineer,DOA Department of Aviation,74288.01,426,656,419
4565,32,Female,Communications Dispatcher (D),APD Atlanta Police Department,34325.75,934,848,100
4566,40,Male,Pollution Control Monitor,DWM Department of Watershed Management,42161.94,218,917,858
4567,47,Female,Police Sergeant (E) (F) (O) (B) (S),APD Atlanta Police Department,65578.03,396,586,52
4568,42,Male,Police Investigator (E) (F) (O),APD Atlanta Police Department,51420.1,4,990,527
4569,30,Female,"City Attorney, Assistant Sr",LAW Law Department,80000.0,674,165,284
4570,52,Male,Management Analyst,DHR Department of Human Reources,51771.2,842,665,276
4571,36,Male,Code Enforcement Officer,APD Atlanta Police Department,41033.87,287,739,96
4572,50,Female,Warrants Technician III (D),JDA Municipal Court Operations,39640.58,547,435,514
4573,51,Male,Police Sergeant (E) (F) (O) (B) (S),APD Atlanta Police Department,67873.31,134,713,809
4574,35,Female,Police Officer (E) (F) (O) (B) (S),APD Atlanta Police Department,42762.72,529,986,288
4575,44,Female,Communications Dispatcher (D),APD Atlanta Police Department,35355.65,161,52,191
4576,38,Male,Police Officer (E) (F) (O) (B) (S),APD Atlanta Police Department,44259.49,174,654,593
4577,51,Female,Aquatics Facility Assistant,"PRC Parks, Recreation, & Cultural Affairs",31711.39,719,955,460
4578,59,Female,"Watershed Management, Commissioner",DWM Department of Watershed Management,185000.19,6,536,477
4579,30,Female,Performance Management Deputy Director,PCD Atlanta Workforce Development Agency,65000.0,698,917,361
4580,26,Male,Traffic Service Technician,DPW Department of Public Works,25800.01,833,792,905
4581,50,Male,Fire Captain (E),AFR Atlanta Fire & Recuse,59362.04,445,609,113
4582,52,Male,Facilities Maintenance Crew Supervisor,DOA Department of Aviation,53747.13,567,389,960
4583,45,Female,"Legal Secretary, Sr",LAW Law Department,31822.9,40,446,461
4584,53,Male,Traffic Service Technician,DPW Department of Public Works,38208.97,512,774,37
4585,43,Male,Electrician Assistant (D),DWM Department of Watershed Management,43956.95,834,392,920
4586,49,Female,Data/Reporting Analyst,DWM Department of Watershed Management,51319.09,873,222,119
4587,50,Male,"Construction/Maintenance Worker, Sr",DWM Department of Watershed Management,38486.47,164,507,48
4588,52,Female,Administrative Assistant,EXE Executive Offices,36780.59,336,691,228
4589,56,Male,Contract Administrator,DOA Department of Aviation,75000.02,339,471,535
4590,56,Male,Parks Worker II (D),"PRC Parks, Recreation, & Cultural Affairs",30534.45,403,826,496
4591,24,Male,Police Officer (E) (F) (O) (B) (S),APD Atlanta Police Department,41316.7,897,681,383
4592,56,Male,"Parks Worker, Sr (D)","PRC Parks, Recreation, & Cultural Affairs",28500.16,943,808,1
4593,54,Female,Human Resources Manager II,DHR Department of Human Reources,70000.01,828,763,590
4594,40,Female,Police Officer (E) (F) (O) (B) (S),APD Atlanta Police Department,45808.67,835,255,700
4595,45,Female,"Management Analyst, Sr",DWM Department of Watershed Management,67800.1,251,735,403
4596,38,Male,Police Officer (E) (F) (O) (B) (S),APD Atlanta Police Department,50788.82,228,563,126
4597,69,Male,"Airport Engineer, Associate",DOA Department of Aviation,78000.0,249,703,255
4598,61,Male,Airport Engineering Manager,DOA Department of Aviation,116903.61,232,753,11
4599,41,Female,Business Process Analyst,DWM Department of Watershed Management,55021.62,861,988,157
4600,41,Male,Fire Lieutenant (E),AFR Atlanta Fire & Recuse,43566.99,212,772,73
4601,41,Female,Administrative Assistant,AFR Atlanta Fire & Recuse,32055.84,531,295,720
4602,30,Female,Police Officer (E) (F) (O) (B) (S),APD Atlanta Police Department,42128.72,927,502,705
4603,54,Male,Police Officer (E) (F) (O) (B) (S),APD Atlanta Police Department,39919.57,975,866,901
4604,62,Male,"Plumbing Inspector, Sr",PCD Planning & Community Development,50508.81,476,170,587
4605,26,Male,Police Officer (E) (F) (O) (B) (S),APD Atlanta Police Department,39919.57,901,211,449
4606,33,Male,"Chief Operating Officer, Deputy",EXE Executive Offices,125000.01,9,446,183
4607,29,Male,Firefighter (E),AFR Atlanta Fire & Recuse,35255.25,902,689,336
4608,52,Female,Fire Lieutenant (E),AFR Atlanta Fire & Recuse,56540.22,973,234,847
4609,56,Male,Vehicle/Equipment Maintenance Supervisor,DPW Department of Public Works,60293.25,337,233,267
4610,26,Female,Court Clerk (D),JDA Municipal Court Operations,28048.51,184,426,230
4611,26,Male,Police Officer (E) (F) (O) (B) (S),APD Atlanta Police Department,41729.79,982,236,440
4612,36,Male,Police Sergeant (E) (F) (O) (B) (S),APD Atlanta Police Department,53082.45,86,159,244
4613,51,Female,Project Manager,DPW Department of Public Works,60000.1,692,632,391
4614,55,Female,Data/Reporting Analyst,DWM Department of Watershed Management,45540.01,897,654,254
4615,51,Male,"Watershed Inspector, Sr",DWM Department of Watershed Management,49200.18,161,849,950
4616,29,Male,Fire Sergeant (E),AFR Atlanta Fire & Recuse,38834.52,110,987,24
4617,26,Female,Intern,DWM Department of Watershed Management,33280.0,287,943,742
4618,41,Male,Desk Top Support Technician,DWM Department of Watershed Management,47666.74,440,957,898
4619,36,Female,"Administrative Assistant, Sr",AFR Atlanta Fire & Recuse,39685.23,129,65,942
4620,33,Male,Police Officer (E) (F) (O) (B) (S),APD Atlanta Police Department,44259.49,252,692,349
4621,32,Male,"Police Officer, Sr (E) (F) (O) (B) (S)",APD Atlanta Police Department,46377.97,200,471,937
4622,37,Male,Police Investigator (E) (F) (O),APD Atlanta Police Department,48001.2,59,490,454
4623,23,Female,Intern,DWM Department of Watershed Management,29078.4,715,527,995
4624,30,Female,ATL311 Call Center Representative I,EXE Executive Offices,34320.0,7,895,932
4625,35,Male,Vehicle/Equipment Mechanic II,DPW Department of Public Works,39505.96,766,713,185
4626,60,Male,Aquatics Facility Assistant,"PRC Parks, Recreation, & Cultural Affairs",39546.29,428,401,189
4627,41,Female,"Data/Reporting Analyst, Sr",DWM Department of Watershed Management,50000.02,293,333,335
4628,57,Male,"Facilities Maintenance Mechanic, Sr (D)",EXE Executive Offices,43983.43,293,843,400
4629,55,Male,Vehicle/Equipment Mechanic III,DPW Department of Public Works,56175.81,887,41,139
4630,26,Male,Corrections Officer (E),COR Department of Corrections,34257.02,98,168,419
4631,48,Male,Fire Captain (E),AFR Atlanta Fire & Recuse,65243.89,959,981,214
4632,33,Male,Construction/Maintenance Worker (D),DWM Department of Watershed Management,32227.42,575,983,565
4633,62,Male,Water Distribution Inspection Supervisor,DWM Department of Watershed Management,53953.47,314,845,49
4634,64,Female,Office Support Specialist (D),DPW Department of Public Works,41523.64,913,544,278
4635,22,Female,Intern,DWM Department of Watershed Management,33280.0,282,588,273
4636,44,Male,Fire Sergeant (E),AFR Atlanta Fire & Recuse,40435.76,553,857,234
4637,27,Male,Police Officer (E) (F) (O) (B) (S),APD Atlanta Police Department,42128.72,841,158,269
4638,24,Male,Firefighter (E),AFR Atlanta Fire & Recuse,35785.83,552,242,856
4639,30,Male,Firefighter (E),AFR Atlanta Fire & Recuse,39741.3,866,335,297
4640,39,Male,Firefighter (E),AFR Atlanta Fire & Recuse,40339.3,134,24,633
4641,53,Male,Firefighter (E),AFR Atlanta Fire & Recuse,37955.36,949,202,40
4642,58,Female,"Corrections ID Technician, Lead (D)",COR Department of Corrections,39309.91,331,335,841
4643,37,Male,Police Officer (E) (F) (O) (B) (S),APD Atlanta Police Department,45808.67,459,603,538
4644,28,Male,Police Officer (E) (F) (O) (B) (S),APD Atlanta Police Department,42971.28,286,553,114
4645,56,Male,"Plumbing Inspector, Sr",PCD Planning & Community Development,48891.23,489,946,708
4646,27,Male,Police Officer (E) (F) (O) (B) (S),APD Atlanta Police Department,39919.57,568,369,948
4647,44,Female,Police Reports Technician (D),APD Atlanta Police Department,28048.51,618,781,698
4648,59,Male,Parks Worker I (D),"PRC Parks, Recreation, & Cultural Affairs",26700.1,638,491,262
4649,38,Female,Firefighter (E),AFR Atlanta Fire & Recuse,35785.83,9,319,70
4650,28,Male,"Administrative Assistant, Sr",EXE Executive Offices,46122.92,988,759,878
4651,29,Female,Customer Service Manager,EXE Executive Offices,57486.0,202,443,422
4652,49,Male,Airport Engineering Manager,DOA Department of Aviation,92080.83,187,698,6
4653,59,Male,Water Meter Mechanic,DWM Department of Watershed Management,44984.07,661,291,912
4654,33,Male,Firefighter (E),AFR Atlanta Fire & Recuse,32132.8,952,237,743
4655,61,Male,"IT Project Manager, Sr",DIT Department of Information Technology,92000.0,789,226,270
4656,70,Female,"Municipal Clerk Assistant, Sr",CCN City Council,51565.01,20,578,432
4657,45,Female,Police Officer (E) (F) (O) (B) (S),APD Atlanta Police Department,42128.72,228,236,356
4658,35,Male,Electrician Assistant (D),DPW Department of Public Works,30405.91,260,873,511
4659,49,Male,Water Service Representative,DWM Department of Watershed Management,39670.29,441,35,811
4660,30,Male,Firefighter (E),AFR Atlanta Fire & Recuse,37955.36,421,638,341
4661,53,Male,Vehicle for Hire Enforcement Officer (D),APD Atlanta Police Department,38300.08,54,721,79
4662,33,Female,Intern,DWM Department of Watershed Management,33280.0,952,528,35
4663,30,Male,Watershed Plant Operator Class I (D),DWM Department of Watershed Management,52578.01,138,689,507
4664,55,Female,"Utility Call Center Representative, Sr (D)",DWM Department of Watershed Management,47116.4,652,508,468
4665,48,Male,"Police Officer, Sr (E) (F) (O) (B) (S)",APD Atlanta Police Department,49681.22,673,551,478
4666,52,Male,Police Major,APD Atlanta Police Department,102365.27,290,348,89
4667,31,Male,Fire Command Technician (E),AFR Atlanta Fire & Recuse,39222.84,742,511,59
4668,79,Male,City Council Member,CCN City Council,60300.01,29,974,595
4669,58,Male,Solid Waste Operator I (D),DPW Department of Public Works,35780.61,566,750,570
4670,27,Female,Research Technician,APD Atlanta Police Department,33641.16,905,527,656
4671,31,Male,Police Officer (E) (F) (O) (B) (S),APD Atlanta Police Department,44259.49,31,120,384
4672,53,Male,Fire Captain (E),AFR Atlanta Fire & Recuse,65243.89,575,475,720
4673,48,Male,Fire Captain (E),AFR Atlanta Fire & Recuse,55279.33,600,291,148
4674,50,Female,Corrections Officer (E),COR Department of Corrections,44276.54,91,410,332
4675,43,Male,Electrician Assistant (D),DPW Department of Public Works,29644.92,718,954,158
4676,40,Female,"Customer Service Representative, Sr (D)",APD Atlanta Police Department,32034.31,984,555,904
4677,36,Male,Recreation Operations Assistant,"PRC Parks, Recreation, & Cultural Affairs",28035.05,251,881,925
4678,49,Male,Fire Sergeant (E),AFR Atlanta Fire & Recuse,54462.14,335,937,642
4679,29,Male,Firefighter (E),AFR Atlanta Fire & Recuse,36854.61,476,626,633
4680,39,Male,"Pollution Control Monitor, Sr",DWM Department of Watershed Management,46807.9,191,865,807
4681,48,Male,Equipment Maintenance/Safety Inspector,DPW Department of Public Works,34700.02,334,863,483
4682,62,Male,Watershed Plant Operator Supervisor (D),DWM Department of Watershed Management,63135.01,789,639,560
4683,42,Male,Construction/Maintenance Worker (D),DWM Department of Watershed Management,32227.42,516,126,112
4684,50,Male,Police Officer (E) (F) (O) (B) (S),APD Atlanta Police Department,34726.37,339,911,707
4685,36,Male,Police Officer (E) (F) (O) (B) (S),APD Atlanta Police Department,34726.37,878,198,977
4686,47,Male,Corrections Officer (E),COR Department of Corrections,39743.91,243,766,617
4687,32,Male,IT Director,DIT Department of Information Technology,85506.01,502,718,551
4688,29,Male,Police Officer (E) (F) (O) (B) (S),APD Atlanta Police Department,42762.72,600,241,492
4689,43,Female,Business Manager I,EXE Executive Offices,60000.01,349,544,167
4690,52,Male,Equipment Operator II (D),DPW Department of Public Works,32034.31,799,74,576
4691,27,Male,Police Officer (E) (F) (O) (B) (S),APD Atlanta Police Department,39919.57,250,63,700
4692,45,Male,Firefighter (E),AFR Atlanta Fire & Recuse,47910.58,935,787,932
4693,36,Male,Fire Lieutenant (E),AFR Atlanta Fire & Recuse,50995.92,930,542,184
4694,31,Male,Firefighter (E),AFR Atlanta Fire & Recuse,37955.36,416,697,187
4695,41,Male,Corrections Officer (E),COR Department of Corrections,35461.71,420,466,407
4696,59,Male,Facility Projects Coordinator,EXE Executive Offices,47847.78,899,524,830
4697,33,Male,Police Officer (E) (F) (O) (B) (S),APD Atlanta Police Department,44259.49,707,460,435
4698,48,Female,Watershed Commercial Accounts Representative,DWM Department of Watershed Management,45699.21,603,590,305
4699,34,Female,Police Officer (E) (F) (O) (B) (S),APD Atlanta Police Department,42762.72,983,755,563
4700,43,Female,Solid Waste Equipment Operator,DPW Department of Public Works,27100.01,315,181,548
4701,48,Male,Fire Battalion Chief (E),AFR Atlanta Fire & Recuse,86626.12,687,983,739
4702,28,Male,Police Officer (E) (F) (O) (B) (S),APD Atlanta Police Department,41316.7,223,472,591
4703,51,Male,Fire Lieutenant (E),AFR Atlanta Fire & Recuse,58519.06,524,757,624
4704,45,Male,Firefighter (E),AFR Atlanta Fire & Recuse,41751.2,820,419,448
4705,43,Female,Police Officer (E) (F) (O) (B) (S),APD Atlanta Police Department,54406.14,681,978,540
4706,62,Male,Police Officer (E) (F) (O) (B) (S),APD Atlanta Police Department,56310.38,231,591,90
4707,48,Male,Police Captain (E),APD Atlanta Police Department,85427.16,877,228,569
4708,41,Male,Fire Lieutenant (E),AFR Atlanta Fire & Recuse,49211.14,151,872,469
4709,64,Male,Watershed Plant Operator Supervisor (D),DWM Department of Watershed Management,56524.83,984,173,993
4710,38,Male,"IT Manager, Sr",CCN City Council,62000.02,273,338,992
4711,24,Female,Police Officer (E) (F) (O) (B) (S),APD Atlanta Police Department,34726.37,893,181,455
4712,62,Female,Human Resources Assistant,DHR Department of Human Reources,37781.42,913,894,478
4713,35,Male,Police Officer (E) (F) (O) (B) (S),APD Atlanta Police Department,43617.97,902,769,804
4714,54,Female,"Airport Planning & Development, Assistant Director",DOA Department of Aviation,115110.63,71,437,208
4715,57,Male,"Non-Traditional Concessions, Director",DOA Department of Aviation,88338.49,547,83,298
4716,31,Male,Firefighter (E),AFR Atlanta Fire & Recuse,32132.8,380,86,270
4717,41,Male,Fire Sergeant (E),AFR Atlanta Fire & Recuse,54462.14,107,236,476
4718,54,Male,Fire Captain (E),AFR Atlanta Fire & Recuse,59361.76,382,406,566
4719,33,Male,Police Officer (E) (F) (O) (B) (S),APD Atlanta Police Department,42762.72,760,842,943
4720,50,Female,Licensed Practical Nurse (D),COR Department of Corrections,48954.03,523,828,206
4721,51,Male,Watershed Manager II,DWM Department of Watershed Management,78518.0,379,762,26
4722,55,Male,Parks Worker III (D),"PRC Parks, Recreation, & Cultural Affairs",32609.41,948,226,64
4723,52,Female,"Corrections Officer, Sr (E)",COR Department of Corrections,51118.81,726,61,128
4724,40,Female,"Office Support Assistant, Sr (D)",COR Department of Corrections,26703.01,329,314,361
4725,52,Female,Construction/Maintenance Worker (D),DWM Department of Watershed Management,33430.51,327,680,882
4726,41,Male,Construction/Maintenance Worker (D),DPW Department of Public Works,27684.58,600,251,292
4727,37,Female,"Financial Analyst, Sr",DWM Department of Watershed Management,56682.02,363,472,465
4728,45,Male,Solid Waste Operator I (D),DPW Department of Public Works,33924.25,410,628,431
4729,42,Female,Accounting Technical Specialist,DOF Department of Finance,37777.51,413,410,491
4730,58,Male,Environmental Service Worker I (D),DPW Department of Public Works,25588.4,637,978,578
4731,38,Male,Watershed Crew Supervisor (D),DWM Department of Watershed Management,49451.73,935,226,359
4732,53,Female,Police Reports Technician (D),APD Atlanta Police Department,38762.67,808,437,408
4733,56,Female,"Financial Manager, Sr",DOA Department of Aviation,78688.17,17,875,771
4734,49,Male,Police Investigator (E) (F) (O),APD Atlanta Police Department,58150.56,108,827,511
4735,57,Female,Executive Assistant,DHR Department of Human Reources,65000.0,15,968,668
4736,28,Male,Police Officer (E) (F) (O) (B) (S),APD Atlanta Police Department,39327.6,156,628,655
4737,44,Male,Electrician Specialist,DOA Department of Aviation,54210.3,431,710,471
4738,43,Male,Police Officer (E) (F) (O) (B) (S),APD Atlanta Police Department,42128.72,363,100,814
4739,52,Male,Forestry Crew Supervisor,"PRC Parks, Recreation, & Cultural Affairs",50209.43,55,484,921
4740,31,Female,Police Property Management Technician (D),APD Atlanta Police Department,29436.74,818,420,852
4741,58,Male,Case Manager,JDA Municipal Court Operations,50448.5,676,957,456
4742,48,Male,Vehicle for Hire Enforcement Officer (D),APD Atlanta Police Department,38300.08,548,60,442
4743,40,Male,"Facilities Maintenance Mechanic, Sr (D)",DOA Department of Aviation,45567.03,650,410,933
4744,47,Male,Airport Security Representative III (D),DOA Department of Aviation,62203.65,52,512,834
4745,43,Male,Airport Director,DOA Department of Aviation,105000.06,422,525,384
4746,36,Male,Police Officer (E) (F) (O) (B) (S),APD Atlanta Police Department,41316.7,412,826,379
4747,45,Male,Fire Sergeant (E),AFR Atlanta Fire & Recuse,39836.38,798,423,386
4748,23,Male,Police Officer (E) (F) (O) (B) (S),APD Atlanta Police Department,34726.37,792,684,249
4749,36,Female,Program Management Officer,EXE Executive Offices,99999.99,973,364,447
4750,48,Male,Fire Captain (E),AFR Atlanta Fire & Recuse,63037.71,446,554,991
4751,60,Female,"Customer Service Representative, Sr (D)",DWM Department of Watershed Management,33280.0,937,362,367
4752,37,Female,ATL311 Call Center Representative I,EXE Executive Offices,36108.8,377,217,852
4753,26,Male,Police Officer (E) (F) (O) (B) (S),APD Atlanta Police Department,42128.72,374,678,906
4754,38,Female,"Human Resources Representative, Sr",DHR Department of Human Reources,58241.87,68,196,234
4755,60,Female,Administrative Assistant,APD Atlanta Police Department,38545.24,548,692,23
4756,27,Female,Communications Dispatcher (D),APD Atlanta Police Department,35780.61,290,905,831
4757,61,Female,"Project Manager, Sr",DIT Department of Information Technology,85000.01,440,509,108
4758,23,Male,Police Officer (E) (F) (O) (B) (S),APD Atlanta Police Department,39327.6,373,454,597
4759,31,Female,Vehicle for Hire Enforcement Officer (D),APD Atlanta Police Department,38300.08,519,635,721
4760,47,Male,Police Sergeant (E) (F) (O) (B) (S),APD Atlanta Police Department,52801.32,740,641,521
4761,46,Male,Corrections Sergeant (E),COR Department of Corrections,42131.0,282,677,409
4762,52,Male,Watershed Manager I,DWM Department of Watershed Management,67440.0,166,172,244
4763,28,Male,Fire Sergeant (E),AFR Atlanta Fire & Recuse,38641.27,911,579,375
4764,29,Male,Facilities Maintenance Mechanic (D),EXE Executive Offices,32055.84,276,674,423
4765,40,Male,"Police Officer, Sr (E) (F) (O) (B) (S)",APD Atlanta Police Department,49681.22,104,154,49
4766,57,Female,Administrative Assistant,DPW Department of Public Works,35062.39,974,232,522
4767,45,Male,"Financial Manager, Sr",DOF Department of Finance,74580.02,599,391,13
4768,32,Female,Payroll Assistant,DPW Department of Public Works,26703.01,181,857,558
4769,61,Male,Police Officer (E) (F) (O) (B) (S),APD Atlanta Police Department,58281.18,394,313,150
4770,50,Male,Apprentice,DPW Department of Public Works,27100.01,714,864,835
4771,46,Male,Vehicle/Equipment Mechanic III,DPW Department of Public Works,51147.92,526,674,71
4772,33,Male,Environmental Service Worker I (D),DPW Department of Public Works,24600.01,156,512,324
4773,23,Female,Administrative Assistant,DHR Department of Human Reources,29900.0,739,467,384
4774,36,Male,Code Enforcement Officer,APD Atlanta Police Department,39640.52,913,0,603
4775,39,Male,Solid Waste Operator I (D),DPW Department of Public Works,30946.5,846,202,666
4776,30,Male,Police Officer (E) (F) (O) (B) (S),APD Atlanta Police Department,45808.67,401,209,570
4777,28,Male,Police Officer (E) (F) (O) (B) (S),APD Atlanta Police Department,39327.6,93,766,610
4778,43,Female,Vehicle for Hire Supervisor (D),APD Atlanta Police Department,42537.18,888,654,454
4779,72,Male,Management Analyst,EXE Executive Offices,51621.65,614,816,212
4780,47,Male,Firefighter (E),AFR Atlanta Fire & Recuse,47910.58,248,57,863
4781,31,Female,Police Officer (E) (F) (O) (B) (S),APD Atlanta Police Department,43190.37,656,589,70
4782,35,Female,Police Investigator (E) (F) (O),APD Atlanta Police Department,48001.2,986,857,434
4783,29,Male,Police Officer (E) (F) (O) (B) (S),APD Atlanta Police Department,42762.72,451,255,231
4784,37,Female,Police Sergeant (E) (F) (O) (B) (S),APD Atlanta Police Department,53881.36,455,274,592
4785,36,Female,"Real Estate Specialist, Sr",DOA Department of Aviation,53000.06,342,143,2
4786,63,Male,Construction/Maintenance Worker (D),DPW Department of Public Works,31711.39,212,365,359
4787,42,Female,Performance Auditor,DIT Department of Information Technology,60000.01,667,797,384
4788,46,Male,Plant Maintenance Mechanic (D),DWM Department of Watershed Management,44207.53,41,4,987
4789,59,Male,Watershed Plant Operator Class I (D),DWM Department of Watershed Management,55823.66,480,150,681
4790,35,Female,Corrections Investigator (E),COR Department of Corrections,39841.36,675,403,452
4791,37,Male,Recreation Operations Assistant,"PRC Parks, Recreation, & Cultural Affairs",28035.05,432,807,976
4792,40,Male,Policy & Communications Director,DOA Department of Aviation,104500.01,691,188,431
4793,59,Female,Accounting Technical Specialist,DOF Department of Finance,50569.7,639,213,535
4794,51,Male,Traffic Service Technician,DPW Department of Public Works,30031.78,926,989,822
4795,52,Male,"Facilities Maintenance Mechanic, Sr (D)",DOA Department of Aviation,37032.9,112,755,79
4796,41,Female,Vehicle for Hire Supervisor (D),APD Atlanta Police Department,34700.02,467,289,343
4797,45,Female,Accounting Technical Specialist,DOF Department of Finance,39105.4,823,273,976
4798,49,Female,"Plans Review Specialist, Sr",PCD Planning & Community Development,64016.01,885,522,870
4799,36,Male,Constituent Services Specialist,EXE Executive Offices,54534.17,407,138,294
4800,26,Female,City Council Assistant,CCN City Council,22880.0,251,172,200
4801,55,Female,Constituent Services Specialist,DPW Department of Public Works,32034.31,434,469,472
4802,58,Female,"Financial Manager, Sr",DOF Department of Finance,69781.9,983,659,328
4803,24,Female,Court Clerk (D),JDA Municipal Court Operations,28048.51,213,617,597
4804,24,Female,"Office Support Assistant, Sr (D)",EXE Executive Offices,43263.1,16,18,483
4805,42,Female,ATL311 Call Center Representative II,EXE Executive Offices,45760.0,927,657,359
4806,52,Male,"Public Relations Manager, Sr",DOA Department of Aviation,79200.01,614,13,812
4807,50,Male,Traffic Service Technician,DPW Department of Public Works,35668.45,729,246,623
4808,44,Male,Environmental Service Worker I (D),DPW Department of Public Works,26700.1,926,428,661
4809,44,Male,Corrections Officer (E),COR Department of Corrections,41259.3,138,991,865
4810,53,Female,Fire Section Chief (E),AFR Atlanta Fire & Recuse,88467.97,192,92,558
4811,54,Male,Police Officer (E) (F) (O) (B) (S),APD Atlanta Police Department,58281.18,658,134,740
4812,30,Female,Court Clerk (D),JDA Municipal Court Operations,28048.51,281,321,360
4813,53,Male,Project Manager,EXE Executive Offices,57200.0,658,846,552
4814,29,Male,Police Officer (E) (F) (O) (B) (S),APD Atlanta Police Department,42762.72,410,329,880
4815,60,Male,Information Systems Supervisor,DWM Department of Watershed Management,50716.52,567,197,274
4816,25,Female,Intern,DWM Department of Watershed Management,33280.0,741,544,773
4817,30,Male,Airport Operations Representative III (D),DOA Department of Aviation,55338.94,910,300,926
4818,52,Male,Fire Captain (E),AFR Atlanta Fire & Recuse,62724.02,492,163,1
4819,41,Male,Parks Worker III (D),"PRC Parks, Recreation, & Cultural Affairs",35699.52,323,878,990
4820,29,Male,Firefighter (E),AFR Atlanta Fire & Recuse,35255.25,566,812,649
4821,46,Male,Fire Sergeant (E),AFR Atlanta Fire & Recuse,45855.71,227,204,80
4822,47,Male,Fleet Manager,DOA Department of Aviation,62000.0,81,68,699
4823,36,Male,Solid Waste Operator I (D),DPW Department of Public Works,30946.5,168,394,157
4824,59,Male,Pretrial Release Officer (D),JDA Municipal Court Operations,30946.5,217,15,697
4825,35,Male,Fire Sergeant (E),AFR Atlanta Fire & Recuse,38641.27,679,584,199
4826,38,Male,Police Officer (E) (F) (O) (B) (S),APD Atlanta Police Department,44259.49,709,47,965
4827,34,Male,Police Officer (E) (F) (O) (B) (S),APD Atlanta Police Department,43190.37,740,337,422
4828,36,Male,Police Officer (E) (F) (O) (B) (S),APD Atlanta Police Department,44259.49,350,604,123
4829,44,Male,Watershed Plant Operator Class I (D),DWM Department of Watershed Management,51054.02,414,441,628
4830,22,Male,Firefighter (E),AFR Atlanta Fire & Recuse,35255.25,369,619,882
4831,48,Male,Fire Lieutenant (E),AFR Atlanta Fire & Recuse,53818.18,713,961,986
4832,41,Male,Fire Lieutenant (E),AFR Atlanta Fire & Recuse,43784.85,772,112,457
4833,46,Male,Police Sergeant (E) (F) (O) (B) (S),APD Atlanta Police Department,53881.36,409,435,338
4834,51,Male,Police Officer (E) (F) (O) (B) (S),APD Atlanta Police Department,50788.82,854,652,868
4835,47,Male,Solid Waste Operator II (D),DPW Department of Public Works,40472.42,196,781,728
4836,46,Female,Budget Administration Director,DOF Department of Finance,90600.02,420,151,59
4837,30,Male,Police Officer (E) (F) (O) (B) (S),APD Atlanta Police Department,42762.72,196,329,933
4838,30,Male,"Customer Service Representative, Sr (D)",DPW Department of Public Works,30957.26,548,482,197
4839,49,Male,Police Captain (E),APD Atlanta Police Department,83453.01,354,858,269
4840,42,Female,Police Officer (E) (F) (O) (B) (S),APD Atlanta Police Department,42762.72,683,727,560
4841,32,Male,Police Officer (E) (F) (O) (B) (S),APD Atlanta Police Department,39919.57,39,283,361
4842,34,Male,Help Desk Specialist,DIT Department of Information Technology,47902.4,424,596,446
4843,59,Female,Process Control Supervisor (D),DWM Department of Watershed Management,56284.96,753,88,920
4844,50,Male,Police Sergeant (E) (F) (O) (B) (S),APD Atlanta Police Department,70248.88,514,409,243
4845,50,Female,"Data/Reporting Analyst, Sr",DWM Department of Watershed Management,51018.24,671,885,517
4846,34,Male,Police Officer (E) (F) (O) (B) (S),APD Atlanta Police Department,39327.6,965,63,834
4847,44,Male,Fire Sergeant (E),AFR Atlanta Fire & Recuse,40436.03,722,642,370
4848,35,Male,Community Facility Manager,"PRC Parks, Recreation, & Cultural Affairs",44337.49,819,914,851
4849,51,Female,Police Investigator (E) (F) (O),APD Atlanta Police Department,62582.62,354,603,833
4850,35,Male,Police Officer (E) (F) (O) (B) (S),APD Atlanta Police Department,44259.49,81,45,953
4851,34,Female,Utility Billing Specialist II,DWM Department of Watershed Management,38916.01,576,761,332
4852,43,Male,Fire Sergeant (E),AFR Atlanta Fire & Recuse,43266.44,769,817,91
4853,44,Male,Fire Sergeant (E),AFR Atlanta Fire & Recuse,38834.52,308,526,391
4854,48,Male,Environmental Service Worker I (D),DPW Department of Public Works,24600.01,659,534,870
4855,53,Male,Fire Sergeant (E),AFR Atlanta Fire & Recuse,56368.19,492,700,22
4856,59,Male,Office Support Specialist (D),COR Department of Corrections,42976.78,630,109,34
4857,30,Male,Firefighter (E),AFR Atlanta Fire & Recuse,35785.83,387,7,496
4858,36,Male,Police Property Management Technician (D),APD Atlanta Police Department,29436.74,510,338,341
4859,49,Male,"Administrative Assistant, Sr",DWM Department of Watershed Management,35886.1,116,831,640
4860,54,Female,Budget & Policy Manager,DOF Department of Finance,72900.01,916,219,784
4861,28,Female,Corrections Officer (E),COR Department of Corrections,36655.01,563,591,190
4862,57,Male,Fleet Manager,DPW Department of Public Works,63879.44,788,440,595
4863,52,Female,Office Support Specialist (D),COR Department of Corrections,38762.63,41,902,56
4864,36,Female,Police Sergeant (E) (F) (O) (B) (S),APD Atlanta Police Department,53881.36,71,251,43
4865,32,Male,Police Officer (E) (F) (O) (B) (S),APD Atlanta Police Department,34726.37,681,504,523
4866,38,Male,Police Investigator (E) (F) (O),APD Atlanta Police Department,46377.97,457,804,148
4867,58,Male,Journeyperson,DWM Department of Watershed Management,44754.95,532,615,411
4868,57,Female,"Administrative Assistant, Sr",EXE Executive Offices,36709.76,737,892,993
4869,48,Male,"Investigator, Sr",DWM Department of Watershed Management,51488.69,808,337,627
4870,45,Male,Electrical Engineer,"PRC Parks, Recreation, & Cultural Affairs",52835.41,104,258,645
4871,50,Male,Fire Sergeant (E),AFR Atlanta Fire & Recuse,52620.31,439,742,147
4872,59,Male,Construction/Maintenance Worker (D),DWM Department of Watershed Management,39546.29,12,792,142
4873,41,Male,Police Officer (E) (F) (O) (B) (S),APD Atlanta Police Department,42762.72,335,488,148
4874,35,Female,Communications Dispatcher (D),APD Atlanta Police Department,34325.75,969,43,837
4875,54,Female,Watershed Plant Operator Class I (D),DWM Department of Watershed Management,51521.81,208,719,507
4876,56,Female,Aquatics Facility Supervisor,"PRC Parks, Recreation, & Cultural Affairs",52390.33,991,787,998
4877,23,Female,Aquatics Facility Assistant,"PRC Parks, Recreation, & Cultural Affairs",25461.01,616,291,373
4878,35,Female,Water Service Representative,DWM Department of Watershed Management,34672.5,20,274,627
4879,39,Female,Corrections Sergeant (E),COR Department of Corrections,42131.0,586,533,618
4880,47,Male,Solid Waste Route Supervisor (SWEET),DPW Department of Public Works,39640.52,214,167,810
4881,34,Male,Fire Captain (E),AFR Atlanta Fire & Recuse,56434.94,990,590,295
4882,48,Female,Executive Safety Director,EXE Executive Offices,90500.01,808,618,419
4883,55,Male,Fire Sergeant (E),AFR Atlanta Fire & Recuse,52620.31,923,54,142
4884,47,Male,Vehicle/Equipment Mechanic II,DPW Department of Public Works,39508.75,941,584,264
4885,38,Female,Court Support Specialist II (D),JDA Municipal Court Operations,32603.77,747,541,639
4886,36,Male,Fire Sergeant (E),AFR Atlanta Fire & Recuse,45855.71,976,255,693
4887,54,Female,Fire Inspector,AFR Atlanta Fire & Recuse,47799.05,223,158,745
4888,29,Male,Firefighter (E),AFR Atlanta Fire & Recuse,35785.83,543,162,57
4889,54,Male,Corrections Officer (E),COR Department of Corrections,35462.13,216,888,218
4890,48,Male,Fire Battalion Chief (E),AFR Atlanta Fire & Recuse,87059.28,303,158,417
4891,43,Male,Police Investigator (E) (F) (O),APD Atlanta Police Department,46377.97,830,244,885
4892,33,Male,Firefighter (E),AFR Atlanta Fire & Recuse,36854.61,417,669,262
4893,31,Male,"Recreation Operations Assistant, Sr","PRC Parks, Recreation, & Cultural Affairs",30946.5,290,175,474
4894,47,Male,Fire Captain (E),AFR Atlanta Fire & Recuse,59362.04,559,208,680
4895,38,Male,Police Officer (E) (F) (O) (B) (S),APD Atlanta Police Department,42762.72,278,112,934
4896,55,Male,Solid Waste Equipment Operator,DPW Department of Public Works,38762.67,363,968,420
4897,45,Male,Environmental Service Worker I (D),DPW Department of Public Works,25588.4,607,328,43
4898,27,Male,Firefighter (E),AFR Atlanta Fire & Recuse,37392.58,812,299,966
4899,45,Male,Pollution Control Manager,DWM Department of Watershed Management,64115.0,552,741,74
4900,33,Male,Firefighter (E),AFR Atlanta Fire & Recuse,39741.3,781,157,532
4901,58,Male,"Training Specialist, Sr",DHR Department of Human Reources,49875.9,132,203,65
4902,53,Female,"Communications Dispatcher, Sr (D)",APD Atlanta Police Department,48859.52,808,685,776
4903,53,Male,Administrative Assistant,COR Department of Corrections,42735.88,317,963,812
4904,52,Male,Traffic Systems Engineering Technician,DPW Department of Public Works,35398.49,864,23,756
4905,44,Male,Solid Waste Operator II (D),DPW Department of Public Works,39103.89,37,144,617
4906,60,Male,Traffic Service Technician,DPW Department of Public Works,28035.05,138,253,519
4907,49,Male,Police Officer (E) (F) (O) (B) (S),APD Atlanta Police Department,54406.14,598,550,247
4908,51,Female,Permit Technician,PCD Planning & Community Development,41205.01,28,649,368
4909,34,Male,"City Attorney, Assistant Sr",LAW Law Department,80000.0,203,170,276
4910,24,Male,Fire Equipment Service Technician (D),AFR Atlanta Fire & Recuse,27100.03,683,100,252
4911,45,Female,"Customer Service Representative, Sr (D)",PCD Planning & Community Development,32055.84,814,821,104
4912,59,Male,Construction/Maintenance Worker (D),DPW Department of Public Works,33969.89,121,831,60
4913,33,Male,"Construction/Maintenance Worker, Seasonal","PRC Parks, Recreation, & Cultural Affairs",21320.0,491,596,459
4914,45,Male,Pollution Control Manager,DWM Department of Watershed Management,66547.37,83,815,731
4915,46,Female,"Communications Dispatcher, Sr (D)",APD Atlanta Police Department,41654.1,928,29,153
4916,24,Female,"Laboratory Technician, Sr (D)",DWM Department of Watershed Management,30800.02,573,874,444
4917,43,Female,"Police Crime Analyst, Sr",APD Atlanta Police Department,45287.9,986,49,503
4918,34,Male,Firefighter (E),AFR Atlanta Fire & Recuse,37392.58,959,762,883
4919,62,Male,Facility Management Director,DOA Department of Aviation,100000.16,200,289,744
4920,44,Male,Fire Sergeant (E),AFR Atlanta Fire & Recuse,38641.27,701,701,174
4921,49,Male,Fire Sergeant (E),AFR Atlanta Fire & Recuse,52620.31,211,875,660
4922,38,Male,Police Sergeant (E) (F) (O) (B) (S),APD Atlanta Police Department,53082.45,481,129,64
4923,43,Female,Quality Services Specialist,APD Atlanta Police Department,44269.6,455,210,719
4924,28,Male,Police Officer (E) (F) (O) (B) (S),APD Atlanta Police Department,39919.57,223,982,68
4925,31,Male,Police Sergeant (E) (F) (O) (B) (S),APD Atlanta Police Department,53082.45,956,980,929
4926,23,Male,Firefighter (E),AFR Atlanta Fire & Recuse,32132.8,533,574,990
4927,52,Male,"Police Officer, Sr (E) (F) (O) (B) (S)",APD Atlanta Police Department,69386.51,716,113,816
4928,63,Male,Architectural Engineer,PCD Planning & Community Development,65087.42,425,532,801
4929,21,Male,Police Officer (E) (F) (O) (B) (S),APD Atlanta Police Department,34726.37,449,897,556
4930,40,Female,"Management Analyst, Sr",DWM Department of Watershed Management,66634.24,499,100,224
4931,43,Male,Firefighter (E),AFR Atlanta Fire & Recuse,41751.2,815,441,451
4932,56,Male,"Public Works, Commissioner",DPW Department of Public Works,175000.18,754,594,358
4933,41,Male,"Construction Inspector, Sr",DPW Department of Public Works,42021.02,854,639,272
4934,22,Male,Firefighter (E),AFR Atlanta Fire & Recuse,32132.8,731,590,368
4935,32,Male,Police Officer (E) (F) (O) (B) (S),APD Atlanta Police Department,39919.57,304,521,864
4936,36,Male,Police Sergeant (E) (F) (O) (B) (S),APD Atlanta Police Department,50298.81,639,616,866
4937,42,Male,Police Investigator (E) (F) (O),APD Atlanta Police Department,53219.71,924,902,564
4938,28,Male,Police Officer (E) (F) (O) (B) (S),APD Atlanta Police Department,39919.57,12,811,717
4939,37,Male,Police Officer (E) (F) (O) (B) (S),APD Atlanta Police Department,44259.49,43,600,918
4940,37,Male,Police Officer (E) (F) (O) (B) (S),APD Atlanta Police Department,41316.7,510,181,604
4941,34,Female,Administrative Assistant,EXE Executive Offices,31200.0,404,758,532
4942,27,Male,Police Officer (E) (F) (O) (B) (S),APD Atlanta Police Department,34726.37,853,564,491
4943,27,Male,Traffic Engineer,DPW Department of Public Works,48000.16,519,763,634
4944,36,Female,"Solicitor, Sr Assistant",SOL Solicitor Office,80000.0,877,721,586
4945,44,Male,"Police Officer, Sr (E) (F) (O) (B) (S)",APD Atlanta Police Department,62582.62,601,662,991
4946,48,Male,Employee Relations Manager II,DHR Department of Human Reources,67800.01,98,148,902
4947,29,Male,"Financial Manager, Sr",DOF Department of Finance,50900.01,599,251,591
4948,27,Male,"Storekeeper, Sr (D)",DWM Department of Watershed Management,35600.01,699,68,969
4949,35,Male,Police Officer (E) (F) (O) (B) (S),APD Atlanta Police Department,42762.72,701,818,953
4950,52,Male,"Airport Engineer, Sr",DOA Department of Aviation,110000.01,96,115,848
4951,46,Male,Fire Sergeant (E),AFR Atlanta Fire & Recuse,54462.14,890,742,838
4952,53,Male,Airport Assistant General Manager,DOA Department of Aviation,128560.0,116,519,538
4953,50,Male,Firefighter (E),AFR Atlanta Fire & Recuse,37779.11,223,301,903
4954,25,Male,Police Officer (E) (F) (O) (B) (S),APD Atlanta Police Department,40704.08,858,23,910
4955,29,Male,Firefighter (E),AFR Atlanta Fire & Recuse,32132.8,357,969,52
4956,52,Female,Police Sergeant (E) (F) (O) (B) (S),APD Atlanta Police Department,75252.42,656,947,36
4957,53,Female,"GIS Technician, Sr",DWM Department of Watershed Management,39276.97,299,79,722
4958,46,Male,Fire Captain (E),AFR Atlanta Fire & Recuse,52553.64,948,994,957
4959,33,Male,Firefighter (E),AFR Atlanta Fire & Recuse,35785.83,699,308,252
4960,45,Female,Fire Captain (E),AFR Atlanta Fire & Recuse,62724.02,200,749,102
4961,61,Male,Cartographer,DPW Department of Public Works,43540.81,849,326,13
4962,48,Female,Communications Manager,EXE Executive Offices,100000.08,788,604,635
4963,35,Male,"Water Service Representative, Sr",DWM Department of Watershed Management,40775.73,555,642,288
4964,55,Male,Environmental Service Worker I (D),DPW Department of Public Works,25588.4,186,987,213
4965,60,Male,Chemist,DWM Department of Watershed Management,45699.21,81,837,266
4966,42,Female,"Airport Planner, Sr",DOA Department of Aviation,66300.0,108,360,227
4967,48,Male,Police Investigator (E) (F) (O),APD Atlanta Police Department,60466.22,138,982,893
4968,41,Male,Airport Operations Representative III (D),DOA Department of Aviation,66028.41,46,333,594
4969,48,Male,Solid Waste Operator I (D),DPW Department of Public Works,34765.57,539,905,375
4970,49,Female,Paralegal,LAW Law Department,49680.17,130,134,266
4971,45,Male,Police Officer (E) (F) (O) (B) (S),APD Atlanta Police Department,42762.72,862,563,116
4972,52,Male,"Wastewater Collection Operator, Sr (D)",DWM Department of Watershed Management,42959.12,524,252,298
4973,42,Male,Parks Supervisor (D),"PRC Parks, Recreation, & Cultural Affairs",38575.98,57,797,150
4974,48,Male,Corrections Officer (E),COR Department of Corrections,38230.19,105,133,740
4975,26,Female,Court Support Specialist I (D),JDA Municipal Court Operations,30848.5,509,609,98
4976,25,Male,Police Officer (E) (F) (O) (B) (S),APD Atlanta Police Department,42128.72,449,563,972
4977,29,Male,Police Officer (E) (F) (O) (B) (S),APD Atlanta Police Department,42762.72,502,997,504
4978,34,Male,Assistant Attorney,SOL Solicitor Office,58801.6,567,385,0
4979,22,Female,City Council Assistant,CCN City Council,28080.0,884,169,914
4980,42,Male,Performance & Operations Consultant,DOF Department of Finance,78400.0,219,578,966
4981,48,Male,Recreation Operations Assistant,"PRC Parks, Recreation, & Cultural Affairs",28035.05,100,168,128
4982,32,Male,Airport Security Representative II (D),DOA Department of Aviation,47536.53,302,410,402
4983,47,Male,Fire Lieutenant (E),AFR Atlanta Fire & Recuse,44222.78,417,471,689
4984,24,Female,Police Officer (E) (F) (O) (B) (S),APD Atlanta Police Department,42128.72,84,374,339
4985,56,Male,"Plant Maintenance Mechanic, Sr (D)",DWM Department of Watershed Management,46565.06,982,541,644
4986,33,Male,Firefighter (E),AFR Atlanta Fire & Recuse,37392.58,560,413,51
4987,52,Male,Project Manager,DWM Department of Watershed Management,62000.02,953,556,644
4988,69,Male,Watershed Plant Operator Class I (D),DWM Department of Watershed Management,51521.81,933,565,111
4989,35,Male,Fire Sergeant (E),AFR Atlanta Fire & Recuse,39222.84,721,391,604
4990,36,Male,Police Sergeant (E) (F) (O) (B) (S),APD Atlanta Police Department,51287.39,558,550,572
4991,57,Male,Watershed Manager I,DWM Department of Watershed Management,75908.76,965,894,577
4992,39,Male,Police Officer (E) (F) (O) (B) (S),APD Atlanta Police Department,43603.23,240,815,157
4993,33,Male,Vehicle/Equipment Mechanic III,DPW Department of Public Works,51147.93,873,821,473
4994,59,Female,Project Manager,PCD Planning & Community Development,77936.02,161,520,409
4995,26,Male,Police Officer (E) (F) (O) (B) (S),APD Atlanta Police Department,40704.08,673,530,159
4996,52,Male,Parks Worker II (D),"PRC Parks, Recreation, & Cultural Affairs",30534.45,660,530,770
4997,37,Male,Police Investigator (E) (F) (O),APD Atlanta Police Department,47289.49,632,189,802
4998,38,Female,Police Property Management Technician (D),APD Atlanta Police Department,29436.96,564,456,824
4999,49,Male,Fire Lieutenant (E),AFR Atlanta Fire & Recuse,49211.14,154,277,277
5000,41,Male,Solid Waste Equipment Operator,DPW Department of Public Works,29034.38,315,63,960
5001,28,Male,Fire Sergeant (E),AFR Atlanta Fire & Recuse,44304.9,520,589,747
5002,45,Female,"Administrative Assistant, Sr",CCN City Council,41400.0,876,395,524
5003,37,Female,Court Clerk (D),JDA Municipal Court Operations,28048.51,122,178,857
5004,30,Female,Construction/Maintenance Worker (D),DWM Department of Watershed Management,31153.51,939,600,635
5005,29,Male,Crime Scene Technician II (D),APD Atlanta Police Department,31400.01,760,819,747
5006,35,Male,Vehicle for Hire Enforcement Officer (D),APD Atlanta Police Department,38300.08,28,796,492
5007,57,Female,"Accounting Technician, Sr","PRC Parks, Recreation, & Cultural Affairs",37033.11,418,476,622
5008,48,Male,Water Distribution Maintenance Supervisor,DWM Department of Watershed Management,57750.14,842,627,239
5009,36,Female,Police Investigator (E) (F) (O),APD Atlanta Police Department,51420.1,86,2,732
5010,47,Male,Police Officer (E) (F) (O) (B) (S),APD Atlanta Police Department,60321.04,148,941,867
5011,55,Male,Environmental Service Worker I (D),DPW Department of Public Works,27634.63,495,419,962
5012,67,Male,Construction/Maintenance Worker (D),DPW Department of Public Works,27684.58,174,762,49
5013,59,Male,Parks Worker III (D),"PRC Parks, Recreation, & Cultural Affairs",35699.52,33,340,476
5014,34,Male,Tree Trimmer,"PRC Parks, Recreation, & Cultural Affairs",38771.66,236,291,763
5015,52,Male,Fleet Manager,DPW Department of Public Works,57200.0,388,140,31
5016,36,Male,Police Officer (E) (F) (O) (B) (S),APD Atlanta Police Department,34726.37,980,437,971
5017,36,Male,Urban Planner III,PCD Planning & Community Development,65079.02,191,804,625
5018,32,Male,Fire Sergeant (E),AFR Atlanta Fire & Recuse,38641.27,565,516,728
5019,44,Female,Streetcar Operator,DPW Department of Public Works,39998.4,804,1000,80
5020,35,Male,Vehicle/Equipment Mechanic III,DPW Department of Public Works,49400.0,671,249,212
5021,44,Male,Corrections Officer (E),COR Department of Corrections,34257.02,601,477,643
5022,41,Male,Recreation Operations Assistant,"PRC Parks, Recreation, & Cultural Affairs",27641.74,946,792,889
5023,51,Male,Police Officer (E) (F) (O) (B) (S),APD Atlanta Police Department,52566.18,928,584,803
5024,46,Male,Police Officer (E) (F) (O) (B) (S),APD Atlanta Police Department,49071.36,725,281,764
5025,46,Female,Administrative Assistant,APD Atlanta Police Department,38545.24,650,165,76
5026,35,Female,Video Integration Monitor PT,APD Atlanta Police Department,40600.04,396,633,81
5027,32,Male,Firefighter (E),AFR Atlanta Fire & Recuse,35255.25,378,461,629
5028,37,Male,Police Officer (E) (F) (O) (B) (S),APD Atlanta Police Department,42128.72,676,882,262
5029,42,Female,Police Sergeant (E) (F) (O) (B) (S),APD Atlanta Police Department,53881.36,119,469,460
5030,48,Female,Training Specialist,DHR Department of Human Reources,46424.06,696,454,341
5031,52,Male,Environmental Service Worker I (D),DPW Department of Public Works,25461.01,513,978,983
5032,58,Male,Management Consulting Director,DWM Department of Watershed Management,135000.01,694,63,36
5033,28,Female,Film & Entertainment Coordinator,EXE Executive Offices,47965.03,821,831,376
5034,26,Male,Police Officer (E) (F) (O) (B) (S),APD Atlanta Police Department,35420.9,354,211,560
5035,40,Male,Airport Operations Representative III (D),DOA Department of Aviation,61000.01,931,735,26
5036,25,Female,Vehicle for Hire Enforcement Officer (D),APD Atlanta Police Department,38300.08,615,702,330
5037,42,Male,Fire Lieutenant (E),AFR Atlanta Fire & Recuse,57651.39,371,50,62
5038,47,Male,City Council President,CCN City Council,62000.02,333,737,229
5039,22,Male,Environmental Service Worker I (D),DPW Department of Public Works,24600.01,438,853,366
5040,53,Male,Behavioral Health Specialist,DHR Department of Human Reources,68057.62,351,676,834
5041,41,Male,"Construction/Maintenance Worker, Sr",DWM Department of Watershed Management,46807.9,959,726,203
5042,29,Male,"Solicitor, Sr Assistant",SOL Solicitor Office,69490.99,146,306,566
5043,42,Male,Firefighter (E),AFR Atlanta Fire & Recuse,46290.33,547,343,385
5044,54,Male,Vehicle/Equipment Mechanic II,DPW Department of Public Works,46498.11,730,866,252
5045,34,Male,"Water Service Representative, Sr",DWM Department of Watershed Management,43637.79,107,357,553
5046,26,Male,Police Officer (E) (F) (O) (B) (S),APD Atlanta Police Department,40704.08,544,302,624
5047,33,Male,Recreation Operations Assistant,"PRC Parks, Recreation, & Cultural Affairs",25800.01,848,672,520
5048,54,Male,Data/Reporting Analyst,DWM Department of Watershed Management,45699.21,422,287,903
5049,28,Female,"Communications Dispatcher, Sr (D)",APD Atlanta Police Department,39358.67,915,583,756
5050,42,Male,Fire Sergeant (E),AFR Atlanta Fire & Recuse,39222.84,692,631,234
5051,39,Male,Police Sergeant (E) (F) (O) (B) (S),APD Atlanta Police Department,53881.36,143,179,363
5052,58,Male,Electrician Specialist,DWM Department of Watershed Management,51311.69,133,557,296
5053,33,Female,Police Officer (E) (F) (O) (B) (S),APD Atlanta Police Department,46029.65,935,966,659
5054,37,Female,Solid Waste Equipment Operator,DPW Department of Public Works,28048.51,84,517,141
5055,45,Female,Recreation Operations Assistant,"PRC Parks, Recreation, & Cultural Affairs",28035.05,921,726,354
5056,42,Male,Fire Captain (E),AFR Atlanta Fire & Recuse,52553.64,119,301,117
5057,27,Male,Construction/Maintenance Worker (D),DWM Department of Watershed Management,30100.01,31,335,236
5058,30,Male,Police Officer (E) (F) (O) (B) (S),APD Atlanta Police Department,39327.6,497,730,23
5059,57,Male,"Traffic Engineer, Sr",DPW Department of Public Works,60000.01,230,735,286
5060,52,Female,Accounting Technical Specialist,DOF Department of Finance,39105.4,65,268,609
5061,49,Male,Firefighter (E),AFR Atlanta Fire & Recuse,51323.06,561,899,366
5062,40,Male,Police Officer (E) (F) (O) (B) (S),APD Atlanta Police Department,42762.72,44,234,551
5063,43,Female,Permit Technician,PCD Planning & Community Development,41000.0,739,581,845
5064,39,Female,Police Sergeant (E) (F) (O) (B) (S),APD Atlanta Police Department,53881.36,344,848,972
5065,61,Female,"Administrative Assistant, Sr","PRC Parks, Recreation, & Cultural Affairs",49600.01,425,418,815
5066,61,Female,Accounting Technical Specialist,DOF Department of Finance,39105.4,337,569,213
5067,26,Male,Corrections Officer (E),COR Department of Corrections,34257.02,408,784,195
5068,51,Male,Police Major,APD Atlanta Police Department,107901.87,809,47,206
5069,38,Female,"Facilities Maintenance Mechanic, Sr (D)",DOA Department of Aviation,35780.61,345,58,902
5070,56,Female,Urban Planner III,PCD Planning & Community Development,65079.02,231,564,65
5071,53,Male,Equipment Operator II (D),DPW Department of Public Works,40608.55,897,215,515
5072,60,Male,Environmental Service Worker I (D),DPW Department of Public Works,26699.89,6,323,208
5073,62,Male,Parks Worker II (D),"PRC Parks, Recreation, & Cultural Affairs",30534.45,476,1,464
5074,35,Female,Registered Nurse,COR Department of Corrections,59999.99,267,218,732
5075,49,Male,Solid Waste Route Supervisor (D),DPW Department of Public Works,44153.71,205,769,205
5076,58,Male,Training Manager,DHR Department of Human Reources,81753.8,24,128,613
5077,52,Male,Fire Captain (E),AFR Atlanta Fire & Recuse,61514.97,290,284,416
5078,67,Male,"Civil Engineer, Sr",DWM Department of Watershed Management,69032.91,889,910,449
5079,63,Female,Contracting Officer,DOP Department of Procurement,44985.2,795,274,450
5080,23,Female,Court Support Specialist II (D),JDA Municipal Court Operations,32446.52,323,555,844
5081,40,Male,"Police Officer, Sr (E) (F) (O) (B) (S)",APD Atlanta Police Department,44809.65,907,832,727
5082,58,Female,"Programmer Analyst, Sr",DIT Department of Information Technology,62120.03,393,595,965
5083,36,Male,Police Officer (E) (F) (O) (B) (S),APD Atlanta Police Department,39919.57,246,928,283
5084,51,Male,Corrections Officer (E),COR Department of Corrections,36925.82,249,953,96
5085,42,Female,"Court Clerk, Lead (D)",JDA Municipal Court Operations,38025.92,808,922,985
5086,61,Male,Watershed Plant Operator Class I (D),DWM Department of Watershed Management,55823.66,973,724,302
5087,36,Male,Police Officer (E) (F) (O) (B) (S),APD Atlanta Police Department,41316.7,479,523,545
5088,52,Male,Police Investigator (E) (F) (O),APD Atlanta Police Department,62582.62,130,36,210
5089,30,Male,Firefighter (E),AFR Atlanta Fire & Recuse,35785.83,167,961,216
5090,58,Female,Journeyperson,DWM Department of Watershed Management,45109.64,603,895,671
5091,27,Female,ATL 311 Call Center Supervisor,EXE Executive Offices,53000.0,582,651,641
5092,53,Male,Watershed Director II,DWM Department of Watershed Management,98670.0,369,302,40
5093,40,Male,Storekeeper (D),DOA Department of Aviation,28034.19,298,75,707
5094,49,Female,"Accounting Technician, Sr",DOF Department of Finance,32454.11,312,163,242
5095,24,Male,Construction/Maintenance Worker (D),DWM Department of Watershed Management,31153.49,177,399,800
5096,26,Female,Police Officer (E) (F) (O) (B) (S),APD Atlanta Police Department,34726.37,770,90,103
5097,30,Female,Crime Scene Supervisor (D),APD Atlanta Police Department,42021.04,985,556,588
5098,23,Male,Aquatics Facility Assistant,"PRC Parks, Recreation, & Cultural Affairs",26167.23,681,357,425
5099,37,Male,Police Officer (E) (F) (O) (B) (S),APD Atlanta Police Department,42762.72,247,299,967
5100,39,Male,Police Sergeant (E) (F) (O) (B) (S),APD Atlanta Police Department,53082.45,88,890,277
5101,51,Male,Cultural Affairs Project Coordinator,EXE Executive Offices,36500.01,876,801,726
5102,46,Female,Police Officer (E) (F) (O) (B) (S),APD Atlanta Police Department,58281.18,983,138,534
5103,52,Male,Police Sergeant (E) (F) (O) (B) (S),APD Atlanta Police Department,70248.88,567,537,161
5104,32,Male,Firefighter (E),AFR Atlanta Fire & Recuse,35255.25,623,443,88
5105,45,Female,"Administrative Assistant, Sr",COR Department of Corrections,36634.86,919,150,81
5106,32,Male,Corrections Officer (E),COR Department of Corrections,36694.53,492,531,855
5107,27,Male,Police Officer (E) (F) (O) (B) (S),APD Atlanta Police Department,39919.57,653,315,57
5108,40,Female,Psychologist,DHR Department of Human Reources,86152.02,316,122,21
5109,52,Male,"Traffic Engineer, Sr",DPW Department of Public Works,60000.01,922,384,644
5110,36,Male,Police Officer (E) (F) (O) (B) (S),APD Atlanta Police Department,44259.49,706,515,122
5111,24,Male,Police Officer (E) (F) (O) (B) (S),APD Atlanta Police Department,40318.72,509,569,434
5112,48,Male,Emergency Response Analyst,DWM Department of Watershed Management,57566.3,221,338,769
5113,22,Male,Intern,DWM Department of Watershed Management,33280.0,61,23,329
5114,55,Female,City Council Member,CCN City Council,60300.01,645,268,815
5115,53,Male,Project Manager,DWM Department of Watershed Management,69000.01,956,18,952
5116,47,Male,"Construction Inspector, Sr",DWM Department of Watershed Management,55881.18,514,156,365
5117,42,Female,Project Coordinator,DIT Department of Information Technology,60000.01,745,419,755
5118,37,Female,"Human Resources Representative, Sr",DHR Department of Human Reources,56863.87,280,511,993
5119,22,Female,Court Clerk (D),JDA Municipal Court Operations,28048.51,855,396,393
5120,31,Female,Drafting Technician (D),DWM Department of Watershed Management,32454.11,588,71,986
5121,53,Female,Court Support Specialist III (D),JDA Municipal Court Operations,53828.53,612,723,951
5122,32,Male,Police Investigator (E) (F) (O),APD Atlanta Police Department,47289.49,93,872,85
5123,24,Female,Crime Scene Technician II (D),APD Atlanta Police Department,32499.01,976,601,484
5124,33,Female,"Administrative Assistant, Sr",DPW Department of Public Works,34155.01,366,244,636
5125,30,Male,Police Officer (E) (F) (O) (B) (S),APD Atlanta Police Department,39919.57,514,640,755
5126,28,Male,Environmental Service Worker I (D),DPW Department of Public Works,24606.4,499,475,112
5127,35,Female,"Communications Dispatcher, Sr (D)",APD Atlanta Police Department,37777.51,786,755,544
5128,24,Male,Police Officer (E) (F) (O) (B) (S),APD Atlanta Police Department,39327.6,443,675,598
5129,54,Male,Parks District Maintenance Operations Manager,"PRC Parks, Recreation, & Cultural Affairs",56832.55,66,71,291
5130,48,Male,Police Officer (E) (F) (O) (B) (S),APD Atlanta Police Department,58281.18,696,551,936
5131,39,Female,Police Officer (E) (F) (O) (B) (S),APD Atlanta Police Department,42762.72,703,172,889
5132,51,Female,Police Sergeant (E) (F) (O) (B) (S),APD Atlanta Police Department,59739.26,894,732,520
5133,59,Male,"Construction/Maintenance Worker, Sr",DWM Department of Watershed Management,38762.67,648,942,81
5134,51,Female,"Financial Analyst, Sr",DOF Department of Finance,67800.01,118,46,857
5135,44,Male,Recreation Assistant PT,"PRC Parks, Recreation, & Cultural Affairs",29120.0,484,666,49
5136,32,Male,Firefighter (E),AFR Atlanta Fire & Recuse,35785.83,953,519,111
5137,50,Male,Police Major,APD Atlanta Police Department,107877.02,488,745,431
5138,71,Male,"Pollution Control Monitor, Sr",DWM Department of Watershed Management,50220.73,681,158,208
5139,50,Male,Police Officer (E) (F) (O) (B) (S),APD Atlanta Police Department,52566.18,377,103,479
5140,45,Male,Fire Sergeant (E),AFR Atlanta Fire & Recuse,50841.03,663,86,551
5141,37,Male,Police Captain (E),APD Atlanta Police Department,83453.01,395,43,23
5142,39,Male,Police Officer (E) (F) (O) (B) (S),APD Atlanta Police Department,42143.09,978,415,777
5143,40,Male,Environmental Compliance Officer,DWM Department of Watershed Management,44207.53,799,737,512
5144,46,Male,Environmental Service Worker I (D),DPW Department of Public Works,24600.01,30,178,890
5145,30,Female,Environmental Service Worker I (D),DPW Department of Public Works,24606.4,231,396,502
5146,34,Male,Firefighter (E),AFR Atlanta Fire & Recuse,35785.83,208,755,412
5147,22,Female,Court Clerk (D),JDA Municipal Court Operations,28048.51,903,970,772
5148,40,Female,Police Officer (E) (F) (O) (B) (S),APD Atlanta Police Department,45808.67,711,245,712
5149,34,Male,Fire Sergeant (E),AFR Atlanta Fire & Recuse,38641.27,319,36,661
5150,60,Male,Ground Transportation Operations Assistant,DOA Department of Aviation,32454.11,608,926,349
5151,26,Male,Watershed Plant Operator Class I (D),DWM Department of Watershed Management,41027.91,524,458,329
5152,40,Male,Network Technician,DWM Department of Watershed Management,51239.76,501,659,61
5153,29,Male,Police Officer (E) (F) (O) (B) (S),APD Atlanta Police Department,34726.37,323,618,437
5154,50,Female,"Administrative Assistant, Sr",APD Atlanta Police Department,43987.51,817,734,309
5155,57,Male,Construction/Maintenance Worker (D),DWM Department of Watershed Management,37241.93,438,254,510
5156,46,Male,Corrections Officer (E),COR Department of Corrections,38400.34,854,85,73
5157,42,Male,Police Officer (E) (F) (O) (B) (S),APD Atlanta Police Department,42128.72,421,322,233
5158,39,Female,Hazmat Coordinator,DWM Department of Watershed Management,50968.62,436,371,535
5159,54,Male,Facilities Maintenance Crew Supervisor,DOA Department of Aviation,49576.51,3,870,815
5160,44,Female,Watershed Crew Supervisor (D),DWM Department of Watershed Management,46750.56,111,908,189
5161,52,Male,Corrections Lieutenant (E),COR Department of Corrections,55435.35,710,235,878
5162,53,Male,Watershed Crew Supervisor (D),DWM Department of Watershed Management,42315.98,595,826,242
5163,48,Male,Police Officer (E) (F) (O) (B) (S),APD Atlanta Police Department,56310.38,87,87,755
5164,48,Female,GIS Analyst,DWM Department of Watershed Management,51154.48,185,454,359
5165,55,Female,ATL311 Call Center Representative I,EXE Executive Offices,34323.0,152,945,514
5166,50,Female,"Administrative Assistant, Sr",DPW Department of Public Works,35780.61,439,205,491
5167,55,Male,Police Officer (E) (F) (O) (B) (S),APD Atlanta Police Department,44259.49,452,904,990
5168,36,Female,Contract Administrator,DIT Department of Information Technology,58800.04,669,259,268
5169,33,Female,"Contracting Officer, Sr",DOP Department of Procurement,57500.02,270,866,354
5170,28,Male,Police Officer (E) (F) (O) (B) (S),APD Atlanta Police Department,42762.72,461,227,850
5171,44,Female,Corrections Officer (E),COR Department of Corrections,36929.98,273,867,27
5172,57,Female,"Office Support Assistant, Sr (D)",DPW Department of Public Works,32584.74,364,818,938
5173,62,Male,Vehicle/Equipment Mechanic III,DPW Department of Public Works,51319.09,844,113,902
5174,55,Male,"IT Manager, Sr",DIT Department of Information Technology,68000.0,667,650,310
5175,49,Male,"Wastewater Collection Operator, Sr (D)",DWM Department of Watershed Management,44241.59,830,957,408
5176,47,Male,Council Communications Manager,CCN City Council,61045.69,553,948,366
5177,68,Male,Solid Waste Equipment Operator,DPW Department of Public Works,36185.34,503,466,157
5178,41,Female,Psychological Services Specialist,COR Department of Corrections,65998.4,785,409,288
5179,54,Female,"Data/Reporting Analyst, Sr",DOA Department of Aviation,57480.18,163,352,211
5180,53,Female,Licensed Practical Nurse (D),COR Department of Corrections,40560.0,725,467,22
5181,35,Male,"Police Officer, Sr (E) (F) (O) (B) (S)",APD Atlanta Police Department,51420.1,652,690,168
5182,52,Female,"Accounting Technician, Sr",AFR Atlanta Fire & Recuse,37400.0,857,41,672
5183,41,Male,Vehicle/Equipment Mechanic II,DPW Department of Public Works,46498.11,310,511,689
5184,45,Female,Management Analyst,"PRC Parks, Recreation, & Cultural Affairs",44985.2,485,624,91
5185,45,Male,Custodian (D),"PRC Parks, Recreation, & Cultural Affairs",24600.01,710,120,181
5186,54,Male,Police Officer (E) (F) (O) (B) (S),APD Atlanta Police Department,58281.18,630,437,515
5187,50,Male,"Zoning Inspector, Sr",PCD Planning & Community Development,39583.96,968,921,222
5188,46,Female,Video Integration Center Monitor,DWM Department of Watershed Management,45664.2,996,760,529
5189,50,Male,Vehicle/Equipment Mechanic III,DPW Department of Public Works,51319.09,592,390,415
5190,49,Male,Fire Captain (E),AFR Atlanta Fire & Recuse,61514.97,674,497,314
5191,26,Male,Police Officer (E) (F) (O) (B) (S),APD Atlanta Police Department,42128.72,219,903,578
5192,49,Female,Accounting Technical Specialist,DWM Department of Watershed Management,51825.68,84,530,244
5193,57,Male,Environmental Service Worker II (D),DPW Department of Public Works,36916.86,464,953,847
5194,30,Male,Police Officer (E) (F) (O) (B) (S),APD Atlanta Police Department,42762.72,236,58,614
5195,42,Male,Fire Sergeant (E),AFR Atlanta Fire & Recuse,50841.03,379,509,587
5196,27,Male,Police Officer (E) (F) (O) (B) (S),APD Atlanta Police Department,34726.37,107,377,402
5197,54,Female,"City Council Assistant, Sr",CCN City Council,45000.01,550,831,505
5198,38,Male,Police Officer (E) (F) (O) (B) (S),APD Atlanta Police Department,46724.85,620,585,252
5199,51,Male,Traffic Engineer Chief,DPW Department of Public Works,60802.62,22,14,802
5200,45,Male,Police Sergeant (E) (F) (O) (B) (S),APD Atlanta Police Department,53881.36,894,489,322
5201,47,Male,Fire Sergeant (E),AFR Atlanta Fire & Recuse,42975.69,323,119,875
5202,57,Male,Watershed Manager I,DWM Department of Watershed Management,84999.99,349,308,462
5203,40,Male,Solid Waste Operator II (D),DPW Department of Public Works,40966.06,996,756,740
5204,51,Female,Equipment Maintenance/Safety Inspector,DWM Department of Watershed Management,44207.53,201,635,67
5205,59,Male,"Facilities Maintenance Mechanic, Sr (D)",DOA Department of Aviation,37068.85,321,774,423
5206,59,Male,Environmental Service Worker I (D),DPW Department of Public Works,32821.16,183,182,836
5207,43,Female,"Laboratory Technician, Sr (D)",DWM Department of Watershed Management,41059.06,952,979,431
5208,36,Male,Watershed Plant Operator Class I (D),DWM Department of Watershed Management,56164.16,145,693,353
5209,41,Male,Police Officer (E) (F) (O) (B) (S),APD Atlanta Police Department,42762.72,413,691,793
5210,42,Female,ATL311 Call Center Representative I,EXE Executive Offices,36358.64,601,611,222
5211,66,Female,Watershed Plant Operator Supervisor (D),DWM Department of Watershed Management,56079.09,835,783,756
5212,42,Female,"Database Administrator, Sr",DIT Department of Information Technology,98880.02,488,372,841
5213,44,Male,Vehicle/Equipment Maintenance Supervisor,DPW Department of Public Works,54379.15,616,740,23
5214,43,Female,Senior Policy Advisor,EXE Executive Offices,137100.02,644,601,160
5215,47,Female,"Water Distribution Operator, Sr",DWM Department of Watershed Management,41503.83,36,169,349
5216,36,Male,Fire Sergeant (E),AFR Atlanta Fire & Recuse,45855.71,322,314,326
5217,47,Male,Fire Lieutenant (E),AFR Atlanta Fire & Recuse,56540.17,872,805,506
5218,66,Male,Water Reclamation Center Manager,DWM Department of Watershed Management,82707.27,743,78,9
5219,69,Male,"Field Engineer, Sr",DPW Department of Public Works,65160.64,164,53,823
5220,31,Female,Safety & Training Officer,DWM Department of Watershed Management,50800.01,373,511,716
5221,39,Female,"Financial Analyst, Sr",APD Atlanta Police Department,60000.01,236,342,562
5222,29,Male,Facilities Maintenance Mechanic (D),DOA Department of Aviation,29993.6,511,175,856
5223,27,Male,Police Officer (E) (F) (O) (B) (S),APD Atlanta Police Department,39919.57,217,572,710
5224,39,Male,Fire Sergeant (E),AFR Atlanta Fire & Recuse,48393.32,734,83,120
5225,51,Male,Police Officer (E) (F) (O) (B) (S),APD Atlanta Police Department,58281.18,910,339,541
5226,41,Male,"IT Manager, Sr",DIT Department of Information Technology,87736.02,455,232,14
5227,48,Male,Police Investigator (E) (F) (O),APD Atlanta Police Department,62582.62,291,594,138
5228,30,Male,Airport Operations Representative II (D),DOA Department of Aviation,50250.1,56,411,745
5229,27,Female,Health Technician (D),COR Department of Corrections,32141.52,163,55,820
5230,48,Female,Police Lieutenant (E) (F) (O) (B) (S),APD Atlanta Police Department,75950.06,620,456,682
5231,60,Male,Electrician Specialist,DWM Department of Watershed Management,54276.18,467,669,962
5232,32,Female,Police Officer (E) (F) (O) (B) (S),APD Atlanta Police Department,42762.72,471,695,350
5233,62,Male,Watershed Plant Operator Class I (D),DWM Department of Watershed Management,51054.02,221,473,33
5234,31,Male,Firefighter (E),AFR Atlanta Fire & Recuse,35255.25,54,768,489
5235,34,Male,Community Facility Manager,"PRC Parks, Recreation, & Cultural Affairs",41617.06,636,262,161
5236,38,Male,Solid Waste Operator I (D),DPW Department of Public Works,33924.25,625,271,291
5237,31,Male,Fire Sergeant (E),AFR Atlanta Fire & Recuse,38641.27,618,758,874
5238,36,Male,Police Sergeant (E) (F) (O) (B) (S),APD Atlanta Police Department,53082.45,750,786,982
5239,44,Female,City Council Assistant,CCN City Council,45000.01,850,228,669
5240,41,Male,Police Officer (E) (F) (O) (B) (S),APD Atlanta Police Department,52566.18,925,113,216
5241,57,Male,Environmental Compliance Officer Supervisor,DWM Department of Watershed Management,49747.53,230,556,252
5242,44,Female,"Office Support Assistant, Sr (D)",APD Atlanta Police Department,27684.58,583,785,521
5243,40,Male,Police Officer (E) (F) (O) (B) (S),APD Atlanta Police Department,42762.72,664,792,49
5244,45,Female,Airport Operations Representative II (D),DOA Department of Aviation,47300.03,434,235,30
5245,33,Male,Police Sergeant (E) (F) (O) (B) (S),APD Atlanta Police Department,53881.36,743,602,238
5246,48,Male,Server Engineer,DOA Department of Aviation,88000.02,898,722,782
5247,41,Male,"IT Manager, Sr",APD Atlanta Police Department,79760.0,331,520,199
5248,25,Female,Police Officer (E) (F) (O) (B) (S),APD Atlanta Police Department,42762.72,640,610,399
5249,32,Male,Police Officer (E) (F) (O) (B) (S),APD Atlanta Police Department,41316.7,224,669,196
5250,55,Male,Buildings Director,PCD Planning & Community Development,103400.0,270,945,520
5251,40,Male,Police Officer (E) (F) (O) (B) (S),APD Atlanta Police Department,34726.37,901,934,951
5252,45,Male,Solid Waste Operator III (D),DPW Department of Public Works,35618.51,96,341,903
5253,34,Female,"Programmer Analyst, Lead",DWM Department of Watershed Management,71000.01,741,827,90
5254,42,Male,"Field Engineer, Sr",DPW Department of Public Works,62000.02,940,623,262
5255,39,Female,"Customer Service Representative, Sr (D)",DWM Department of Watershed Management,41290.7,120,496,833
5256,43,Female,Executive Assistant,AFR Atlanta Fire & Recuse,59583.47,296,645,309
5257,32,Male,Police Officer (E) (F) (O) (B) (S),APD Atlanta Police Department,43618.02,748,1000,606
5258,61,Female,Special Projects Coordinator,AFR Atlanta Fire & Recuse,50357.87,277,493,352
5259,37,Female,"Construction/Maintenance Worker, Seasonal","PRC Parks, Recreation, & Cultural Affairs",21320.0,420,804,965
5260,38,Female,ERP Analyst,DOP Department of Procurement,41617.06,910,979,185
5261,51,Male,Vehicle/Equipment Mechanic II,DPW Department of Public Works,46498.11,35,128,158
5262,36,Female,Firefighter (E),AFR Atlanta Fire & Recuse,32132.8,829,793,827
5263,49,Male,Signage Manager,DOA Department of Aviation,82000.01,536,703,927
5264,53,Male,Electrician Specialist,DOA Department of Aviation,54210.73,929,623,514
5265,41,Female,"Communications Dispatcher, Sr (D)",DOA Department of Aviation,39105.38,581,827,842
5266,75,Female,"Administrative Assistant, Sr",DOA Department of Aviation,39670.72,572,736,495
5267,52,Male,Management Analyst,DPW Department of Public Works,54826.53,934,106,970
5268,55,Male,"Water Service Representative, Sr",DWM Department of Watershed Management,40775.74,140,127,123
5269,60,Male,Field Engineer,DWM Department of Watershed Management,58448.74,461,63,793
5270,65,Female,Administrative Assistant,PCD Planning & Community Development,32055.84,864,519,390
5271,25,Male,Police Officer (E) (F) (O) (B) (S),APD Atlanta Police Department,34726.37,259,517,132
5272,45,Female,"Contracting Officer, Sr",DWM Department of Watershed Management,55000.0,338,286,130
5273,67,Male,"Pollution Control Monitor, Sr",DWM Department of Watershed Management,56230.06,316,465,101
5274,34,Male,Fire Sergeant (E),AFR Atlanta Fire & Recuse,41684.44,727,8,440
5275,47,Female,"Accountant, Sr",DWM Department of Watershed Management,47394.55,967,69,612
5276,36,Female,Telecommunications Director,DIT Department of Information Technology,77000.04,315,416,776
5277,26,Female,Intern,DWM Department of Watershed Management,33280.0,900,442,489
5278,55,Male,Public Works Transportation Manager,DPW Department of Public Works,72900.01,185,868,207
5279,35,Male,Ground Transportation Operations Assistant,DOA Department of Aviation,35001.94,62,22,403
5280,28,Female,Police Officer (E) (F) (O) (B) (S),APD Atlanta Police Department,42128.72,955,482,396
5281,57,Female,Executive Assistant,AUD Audit Administration,50919.65,876,556,786
5282,43,Male,Police Sergeant (E) (F) (O) (B) (S),APD Atlanta Police Department,61217.94,800,723,754
5283,38,Male,Solid Waste Operator III (D),DPW Department of Public Works,35398.49,367,163,969
5284,62,Female,"Financial Analyst, Sr",DOA Department of Aviation,68966.29,242,694,668
5285,36,Female,Police Officer (E) (F) (O) (B) (S),APD Atlanta Police Department,41316.7,719,758,398
5286,24,Male,Firefighter (E),AFR Atlanta Fire & Recuse,32132.8,41,18,823
5287,25,Female,Police Officer (E) (F) (O) (B) (S),APD Atlanta Police Department,42762.72,56,872,894
5288,37,Female,Legislative Research & Policy Analyst II,PCD Atlanta Workforce Development Agency,55000.0,587,432,939
5289,27,Female,Project Manager,PCD Atlanta Workforce Development Agency,50900.1,630,318,853
5290,52,Female,"Training Specialist, Sr",DIT Department of Information Technology,54222.17,482,88,298
5291,43,Male,Storekeeper (D),DPW Department of Public Works,38800.01,834,888,926
5292,23,Male,Environmental Service Worker I (D),DPW Department of Public Works,24600.01,277,381,432
5293,32,Female,"Office Support Assistant, Sr (D)",APD Atlanta Police Department,35780.61,488,339,591
5294,50,Male,Fire Sergeant (E),AFR Atlanta Fire & Recuse,56368.19,929,881,335
5295,49,Male,Traffic Signal Technician (D),DPW Department of Public Works,35780.61,589,459,900
5296,45,Female,HRIS Analyst,DHR Department of Human Reources,58252.48,184,513,224
5297,23,Male,Firefighter (E),AFR Atlanta Fire & Recuse,36308.21,372,961,524
5298,62,Male,"Airport Engineer, Assistant",DOA Department of Aviation,64828.37,129,411,839
5299,43,Male,Facilities Maintenance Crew Supervisor,DOA Department of Aviation,44725.78,370,944,225
5300,50,Male,Fire Sergeant (E),AFR Atlanta Fire & Recuse,56368.19,304,388,107
5301,30,Male,Police Officer (E) (F) (O) (B) (S),APD Atlanta Police Department,41316.7,126,540,762
5302,34,Male,Airport Operations Representative II (D),DOA Department of Aviation,51259.94,646,157,146
5303,44,Female,IT Project Manager,DWM Department of Watershed Management,59197.63,373,750,737
5304,25,Female,Communications Dispatcher (D),APD Atlanta Police Department,35355.65,66,966,353
5305,44,Male,Fire Captain (E),AFR Atlanta Fire & Recuse,55279.3,196,197,785
5306,34,Male,Firefighter (E),AFR Atlanta Fire & Recuse,35255.25,437,872,845
5307,52,Male,"Investigator, Sr",SOL Solicitor Office,52600.72,899,252,380
5308,47,Male,Fire Sergeant (E),AFR Atlanta Fire & Recuse,42338.58,790,760,506
5309,44,Male,Airport Security Representative II (D),DOA Department of Aviation,52627.74,542,347,840
5310,54,Male,"Customer Service Representative, Sr (D)",DWM Department of Watershed Management,32034.31,561,873,693
5311,68,Male,"Airport Planning & Development, Assistant Director",DOA Department of Aviation,121297.05,359,386,702
5312,50,Female,Police Officer (E) (F) (O) (B) (S),APD Atlanta Police Department,42762.72,490,907,138
5313,33,Male,Police Officer (E) (F) (O) (B) (S),APD Atlanta Police Department,42762.72,578,0,32
5314,55,Female,"Code Enforcement Officer, Sr",DOF Department of Finance,52380.81,330,394,246
5315,29,Female,"Customer Service Representative, Sr (D)",EXE Executive Offices,32034.31,996,236,551
5316,59,Male,"Facilities Maintenance Mechanic, Sr (D)",DOA Department of Aviation,45225.0,685,871,922
5317,52,Male,Vehicle/Equipment Mechanic II,DPW Department of Public Works,46498.11,396,548,798
5318,46,Male,Electrician Supervisor (D),DOA Department of Aviation,61243.15,537,475,323
5319,20,Male,Seasonal Equipment Operator,"PRC Parks, Recreation, & Cultural Affairs",21320.0,4,367,122
5320,49,Female,Procurement Specialist,DOA Department of Aviation,39105.4,644,847,241
5321,35,Female,Financial Manager,DOF Department of Finance,68000.0,222,494,713
5322,52,Male,Police Investigator (E) (F) (O),APD Atlanta Police Department,59005.65,672,710,774
5323,55,Female,"Construction/Maintenance Worker, Sr",DWM Department of Watershed Management,41523.64,205,42,23
5324,61,Female,Construction Project Manager,DWM Department of Watershed Management,59696.42,66,141,407
5325,53,Male,"Corrections Officer, Sr (E)",COR Department of Corrections,54203.76,814,5,614
5326,54,Male,Noise Monitoring Specialist,DOA Department of Aviation,44985.2,907,249,915
5327,43,Male,Communications Training Coordinator (D),APD Atlanta Police Department,51611.1,659,759,464
5328,49,Male,Licensed Practical Nurse (D),COR Department of Corrections,45699.21,2,708,973
5329,38,Male,"Process Control Technician, Sr (D)",DWM Department of Watershed Management,56175.81,609,288,390
5330,27,Male,Police Officer (E) (F) (O) (B) (S),APD Atlanta Police Department,41316.7,483,948,961
5331,32,Male,Vehicle/Equipment Mechanic II,DPW Department of Public Works,39505.96,146,194,714
5332,29,Female,Engineering Technician,DWM Department of Watershed Management,33000.01,634,999,824
5333,32,Male,Vehicle/Equipment Maintenance Supervisor,DPW Department of Public Works,54379.67,629,514,198
5334,50,Male,Airport Planning & Development Director,DOA Department of Aviation,135500.02,374,245,575
5335,30,Female,"Data/Reporting Analyst, Sr",DWM Department of Watershed Management,41034.09,293,631,630
5336,49,Male,Police Investigator (E) (F) (O),APD Atlanta Police Department,55082.56,769,75,834
5337,36,Male,"Administrative Assistant, Sr",EXE Executive Offices,40000.0,328,723,837
5338,29,Male,"Tree Trimmer, Sr","PRC Parks, Recreation, & Cultural Affairs",41096.95,779,816,533
5339,22,Female,Police Officer (E) (F) (O) (B) (S),APD Atlanta Police Department,34726.37,608,42,802
5340,43,Female,Project Goverance Manager,DIT Department of Information Technology,80000.0,611,523,607
5341,48,Female,Utility Call Center Representative (D),DWM Department of Watershed Management,36358.42,596,630,950
5342,37,Female,Communications Dispatcher (D),APD Atlanta Police Department,34155.01,254,791,185
5343,53,Female,"City Auditor, Deputy",AUD Audit Administration,133831.36,57,559,112
5344,37,Male,Police Investigator (E) (F) (O),APD Atlanta Police Department,46377.99,845,161,427
5345,26,Male,Police Officer (E) (F) (O) (B) (S),APD Atlanta Police Department,34726.37,633,397,434
5346,60,Male,"Investigator, Sr",DWM Department of Watershed Management,51750.02,539,939,982
5347,47,Male,"Compliance Officer, LAW",LAW Law Department,116880.0,291,3,705
5348,30,Male,Fire Sergeant (E),AFR Atlanta Fire & Recuse,42338.58,76,473,7
5349,31,Male,Police Officer (E) (F) (O) (B) (S),APD Atlanta Police Department,39327.6,981,540,288
5350,28,Female,Police Officer (E) (F) (O) (B) (S),APD Atlanta Police Department,41316.7,758,615,186
5351,26,Male,Police Officer (E) (F) (O) (B) (S),APD Atlanta Police Department,39327.6,438,200,110
5352,56,Male,Health Technician (D),COR Department of Corrections,27100.01,145,220,34
5353,50,Male,Vehicle/Equipment Mechanic III,DPW Department of Public Works,51319.09,983,450,631
5354,36,Male,Watershed Plant Operator Class I (D),DWM Department of Watershed Management,53290.02,285,812,720
5355,42,Male,Police Sergeant (E) (F) (O) (B) (S),APD Atlanta Police Department,53881.36,581,49,550
5356,64,Female,City Council Member,CCN City Council,54454.96,24,57,176
5357,36,Female,Police Officer (E) (F) (O) (B) (S),APD Atlanta Police Department,45808.67,37,11,369
5358,50,Male,Vehicle/Equipment Maintenance Supervisor,DPW Department of Public Works,54383.1,189,640,532
5359,41,Male,Photographer/Videographer,DOA Department of Aviation,61000.01,358,914,527
5360,44,Male,Fire Lieutenant (E),AFR Atlanta Fire & Recuse,47488.64,421,448,169
5361,33,Female,Police Officer (E) (F) (O) (B) (S),APD Atlanta Police Department,39327.6,491,211,325
5362,40,Female,Fire Lieutenant (E),AFR Atlanta Fire & Recuse,43566.99,599,724,986
5363,26,Male,Police Officer (E) (F) (O) (B) (S),APD Atlanta Police Department,39327.6,604,603,514
5364,52,Female,Help Desk Supervisor,DWM Department of Watershed Management,51239.76,410,907,143
5365,28,Male,Police Officer (E) (F) (O) (B) (S),APD Atlanta Police Department,39327.6,68,323,730
5366,42,Male,Network Engineer,DOA Department of Aviation,82000.05,463,541,319
5367,53,Male,Police Officer (E) (F) (O) (B) (S),APD Atlanta Police Department,47411.73,143,212,429
5368,53,Male,Video Integration Monitor PT,APD Atlanta Police Department,40600.04,563,614,159
5369,26,Male,Police Officer (E) (F) (O) (B) (S),APD Atlanta Police Department,34726.37,473,239,501
5370,38,Male,Firefighter (E),AFR Atlanta Fire & Recuse,37955.36,345,20,154
5371,51,Male,Police Officer (E) (F) (O) (B) (S),APD Atlanta Police Department,34726.37,988,717,310
5372,28,Male,"Financial Analyst, Sr",DOF Department of Finance,59962.03,93,361,826
5373,55,Male,Ground Transportation Coordinator,APD Atlanta Police Department,48500.0,475,264,512
5374,56,Male,HVAC Technician (D),"PRC Parks, Recreation, & Cultural Affairs",35914.52,724,766,618
5375,56,Female,Desk Top Support Technician,DIT Department of Information Technology,55405.17,840,233,736
5376,34,Male,Airport Real Estate Manager,DOA Department of Aviation,75000.02,470,721,610
5377,31,Male,Police Officer (E) (F) (O) (B) (S),APD Atlanta Police Department,39327.6,114,901,185
5378,43,Male,Police Captain (E),APD Atlanta Police Department,83453.01,491,87,339
5379,36,Male,Police Officer (E) (F) (O) (B) (S),APD Atlanta Police Department,45808.46,715,974,896
5380,49,Male,Server Administrator,DWM Department of Watershed Management,70000.01,110,413,256
5381,36,Male,Firefighter (E),AFR Atlanta Fire & Recuse,37392.58,781,513,127
5382,45,Male,Database Administrator,DIT Department of Information Technology,67020.8,810,288,41
5383,46,Male,Fire Captain (E),AFR Atlanta Fire & Recuse,52816.54,680,281,368
5384,38,Male,Fire Lieutenant (E),AFR Atlanta Fire & Recuse,45147.15,765,404,656
5385,61,Male,"Traffic Engineer, Sr",DPW Department of Public Works,60000.01,253,3,523
5386,40,Male,Construction/Maintenance Worker (D),DPW Department of Public Works,27641.74,965,802,829
5387,33,Male,Vehicle/Equipment Mechanic II,DPW Department of Public Works,39505.94,2,275,567
5388,30,Female,Corrections Officer (E),COR Department of Corrections,34257.02,403,510,680
5389,38,Male,Intern,DWM Department of Watershed Management,33280.0,811,409,424
5390,38,Female,"Public Relations Manager, Sr",DWM Department of Watershed Management,60000.01,704,877,613
5391,42,Male,"Construction Inspector, Sr",DWM Department of Watershed Management,48888.15,44,30,871
5392,42,Male,Construction/Maintenance Worker (D),DWM Department of Watershed Management,34076.89,689,643,189
5393,56,Male,"Database Administrator, Sr",DIT Department of Information Technology,100000.99,497,352,295
5394,28,Male,Firefighter (E),AFR Atlanta Fire & Recuse,32132.8,597,646,841
5395,59,Female,Data/Reporting Analyst,DWM Department of Watershed Management,46798.0,495,956,429
5396,31,Male,Recreation Operations Assistant,"PRC Parks, Recreation, & Cultural Affairs",27641.74,173,544,674
5397,48,Male,Police Investigator (E) (F) (O),APD Atlanta Police Department,60466.22,666,954,552
5398,52,Male,Equipment Maintenance/Safety Inspector,DWM Department of Watershed Management,35982.55,570,34,452
5399,31,Female,Police Officer (E) (F) (O) (B) (S),APD Atlanta Police Department,42762.72,401,569,332
5400,31,Female,Community Affairs Director,PCD Atlanta Workforce Development Agency,95000.01,503,353,978
5401,55,Male,Watershed Manager I,DWM Department of Watershed Management,67440.0,742,603,811
5402,53,Female,Legal Program Assistant,SOL Solicitor Office,44349.84,513,594,109
5403,31,Male,Environmental Service Worker I (D),DPW Department of Public Works,24606.4,898,328,344
5404,45,Male,Police Investigator (E) (F) (O),APD Atlanta Police Department,59005.65,698,936,973
5405,38,Male,"Civil Engineer, Sr",DWM Department of Watershed Management,58993.58,428,93,111
5406,67,Male,"Accountant, Sr",DOA Department of Aviation,53583.5,608,598,80
5407,63,Male,Police Traffic Control Inspector (D),APD Atlanta Police Department,40119.37,846,560,442
5408,44,Male,Police Officer (E) (F) (O) (B) (S),APD Atlanta Police Department,44259.49,640,514,151
5409,34,Male,Police Officer (E) (F) (O) (B) (S),APD Atlanta Police Department,39327.6,857,13,670
5410,41,Female,Permit Technician,PCD Planning & Community Development,41205.01,740,583,785
5411,66,Male,"Civil Engineer, Sr",DWM Department of Watershed Management,62757.2,310,323,857
5412,22,Female,Engineering Aide,DWM Department of Watershed Management,30800.02,852,805,889
5413,31,Male,"Performance Auditor, Sr",PCD Atlanta Workforce Development Agency,80000.0,655,926,697
5414,51,Female,"Financial Manager, Sr",DWM Department of Watershed Management,62720.0,330,607,904
5415,36,Male,Solid Waste Route Supervisor (SWEET),DPW Department of Public Works,39640.52,336,114,198
5416,32,Male,Fleet Parts Supervisor,DPW Department of Public Works,48823.01,894,639,995
5417,48,Male,Corrections Officer (E),COR Department of Corrections,37389.19,545,387,497
5418,40,Male,Firefighter (E),AFR Atlanta Fire & Recuse,41146.25,24,284,341
5419,55,Male,Police Sergeant (E) (F) (O) (B) (S),APD Atlanta Police Department,52059.28,323,564,20
5420,41,Female,In-Rem Support Specialist,APD Atlanta Police Department,32499.01,155,596,450
5421,47,Female,Utility Billing Specialist II,DWM Department of Watershed Management,45699.21,775,692,522
5422,37,Male,Water Quality Control Specialist,DWM Department of Watershed Management,44853.22,780,749,74
5423,47,Male,Fire Captain (E),AFR Atlanta Fire & Recuse,59361.95,544,953,287
5424,41,Male,Fire Lieutenant (E),AFR Atlanta Fire & Recuse,51998.25,683,244,257
5425,61,Male,Fire Inspector,AFR Atlanta Fire & Recuse,39785.68,986,781,730
5426,58,Male,Airport Security Representative II (D),DOA Department of Aviation,52627.74,599,781,4
5427,40,Male,Police Officer (E) (F) (O) (B) (S),APD Atlanta Police Department,51272.0,149,321,918
5428,33,Female,Corrections Officer (E),COR Department of Corrections,36655.01,694,548,81
5429,34,Male,Police Investigator (E) (F) (O),APD Atlanta Police Department,46377.97,992,145,579
5430,54,Male,Urban Planner III,PCD Planning & Community Development,65079.28,960,803,657
5431,47,Female,Police Investigator (E) (F) (O),APD Atlanta Police Department,59005.65,545,70,405
5432,60,Female,Project Manager,PCD Planning & Community Development,79907.26,675,340,661
5433,60,Male,"Combination Inspector, Prin",PCD Planning & Community Development,74051.2,432,201,285
5434,40,Male,Parks Worker I (D),"PRC Parks, Recreation, & Cultural Affairs",26700.1,611,362,741
5435,36,Male,Parks Worker I (D),"PRC Parks, Recreation, & Cultural Affairs",26699.89,25,472,853
5436,51,Female,Community Affairs Coordinator,DOA Department of Aviation,55136.0,968,504,516
5437,34,Female,Firefighter (E),AFR Atlanta Fire & Recuse,35255.25,925,663,457
5438,26,Male,Police Officer (E) (F) (O) (B) (S),APD Atlanta Police Department,42128.72,390,110,177
5439,25,Male,Police Officer (E) (F) (O) (B) (S),APD Atlanta Police Department,39327.6,895,529,655
5440,42,Male,"Civil Engineer, Sr",DWM Department of Watershed Management,73400.02,112,626,696
5441,42,Male,Police Investigator (E) (F) (O),APD Atlanta Police Department,44145.23,181,150,685
5442,44,Male,Construction/Maintenance Worker (D),DWM Department of Watershed Management,31153.51,808,126,415
5443,62,Male,Police Traffic Control Inspector (D),APD Atlanta Police Department,40119.37,170,686,48
5444,26,Male,Police Officer (E) (F) (O) (B) (S),APD Atlanta Police Department,42128.72,735,227,650
5445,50,Male,Firefighter (E),AFR Atlanta Fire & Recuse,37955.36,133,21,401
5446,57,Male,Police Sergeant (E) (F) (O) (B) (S),APD Atlanta Police Department,61217.94,722,386,450
5447,31,Female,Judge Special Assistant,JDA Municipal Court Operations,51731.47,796,16,316
5448,23,Female,Police Officer (E) (F) (O) (B) (S),APD Atlanta Police Department,34726.37,730,0,88
5449,38,Male,Police Officer (E) (F) (O) (B) (S),APD Atlanta Police Department,43618.02,837,417,87
5450,62,Male,Financial Analyst,DOA Department of Aviation,56146.48,84,671,147
5451,69,Male,"Plans Review Specialist, Sr",PCD Planning & Community Development,64505.31,744,196,448
5452,27,Female,Police Officer (E) (F) (O) (B) (S),APD Atlanta Police Department,34726.37,880,636,148
5453,51,Male,Solid Waste Operator II (D),DPW Department of Public Works,40472.42,807,242,507
5454,57,Female,Latent Print Examiner,APD Atlanta Police Department,42677.28,147,476,524
5455,53,Male,Police Sergeant (E) (F) (O) (B) (S),APD Atlanta Police Department,49553.03,846,25,121
5456,41,Male,Fire Sergeant (E),AFR Atlanta Fire & Recuse,50841.31,236,74,928
5457,45,Male,Police Investigator (E) (F) (O),APD Atlanta Police Department,60466.22,25,972,486
5458,44,Female,"Accounting Technician, Sr",DOA Department of Aviation,31101.29,582,220,116
5459,41,Male,Police Officer (E) (F) (O) (B) (S),APD Atlanta Police Department,49014.78,528,320,304
5460,53,Male,"Combination Inspector, Sr",PCD Planning & Community Development,56132.34,206,302,162
5461,49,Male,Fire Sergeant (E),AFR Atlanta Fire & Recuse,38641.27,618,400,157
5462,33,Male,Police Officer (E) (F) (O) (B) (S),APD Atlanta Police Department,39327.6,447,964,941
5463,49,Male,Fire Captain (E),AFR Atlanta Fire & Recuse,60905.95,297,878,858
5464,51,Male,Corrections Officer (E),COR Department of Corrections,35483.34,740,355,104
5465,57,Male,"City Council Assistant, Sr",CCN City Council,21008.0,22,510,609
5466,41,Male,Water Service Representative,DWM Department of Watershed Management,38017.16,753,299,997
5467,38,Female,Watershed Manager I,DWM Department of Watershed Management,67440.0,319,72,149
5468,28,Female,Data/Reporting Analyst,EXE Executive Offices,39838.83,20,596,115
5469,29,Male,Environmental Service Worker I (D),DPW Department of Public Works,24600.01,371,991,666
5470,45,Male,Construction/Maintenance Worker (D),DPW Department of Public Works,27684.58,259,655,211
5471,34,Male,Airport Operations Representative II (D),DOA Department of Aviation,51239.76,114,291,916
5472,28,Male,Parks Worker I (D),"PRC Parks, Recreation, & Cultural Affairs",26700.1,482,782,313
5473,34,Male,Firefighter (E),AFR Atlanta Fire & Recuse,37579.44,41,183,848
5474,48,Female,Electrician Assistant (D),DPW Department of Public Works,30534.45,396,779,861
5475,32,Male,Firefighter (E),AFR Atlanta Fire & Recuse,37392.58,596,320,995
5476,61,Male,Parks Worker I (D),"PRC Parks, Recreation, & Cultural Affairs",25461.01,535,120,635
5477,44,Female,"Airport Planner, Sr",DOA Department of Aviation,65802.24,403,2,261
5478,40,Male,"Programmer Analyst, Sr",DOA Department of Aviation,63100.0,136,780,612
5479,58,Female,Data/Reporting Analyst,DWM Department of Watershed Management,44153.71,842,520,606
5480,30,Male,Corrections Officer (E),COR Department of Corrections,30076.8,783,112,384
5481,29,Male,Airport Operations Representative II (D),DOA Department of Aviation,47300.01,194,142,555
5482,33,Male,Corrections Officer (E),COR Department of Corrections,30081.0,915,28,628
5483,47,Male,"Buildings, Assistant Director",PCD Planning & Community Development,80000.0,426,591,867
5484,50,Male,Project Manager,DWM Department of Watershed Management,67800.1,603,885,390
5485,39,Male,Legislative Research & Policy Analyst III,CCN City Council,85000.01,40,641,343
5486,59,Male,Police Lieutenant (E) (F) (O) (B) (S),APD Atlanta Police Department,76220.04,785,493,913
5487,49,Male,Police Lieutenant (E) (F) (O) (B) (S),APD Atlanta Police Department,81359.2,848,657,7
5488,36,Male,Police Officer (E) (F) (O) (B) (S),APD Atlanta Police Department,34726.37,3,1000,688
5489,56,Male,Pollution Control Maintenance Manager,DWM Department of Watershed Management,57566.29,248,17,771
5490,54,Male,Corrections Deputy Chief,COR Department of Corrections,85684.02,260,616,714
5491,60,Female,Water Applications Supervisor,DWM Department of Watershed Management,43983.43,47,747,472
5492,42,Male,Security Engineer,DIT Department of Information Technology,65000.0,893,34,83
5493,60,Male,Contracting Officer,DOP Department of Procurement,53428.34,553,407,260
5494,59,Female,Fleet Parts Supervisor,DPW Department of Public Works,51537.14,778,748,885
5495,45,Male,Airport Manager,DOA Department of Aviation,75000.02,112,33,883
5496,42,Male,Police Investigator (E) (F) (O),APD Atlanta Police Department,55082.56,133,567,427
5497,29,Male,Solid Waste Operator I (D),DPW Department of Public Works,29900.0,256,618,92
5498,42,Female,Corrections Officer (E),COR Department of Corrections,34258.02,381,286,632
5499,41,Female,"City Council Assistant, Sr",CCN City Council,55000.0,91,931,502
5500,27,Male,Police Officer (E) (F) (O) (B) (S),APD Atlanta Police Department,42762.72,889,758,972
5501,29,Male,Police Officer (E) (F) (O) (B) (S),APD Atlanta Police Department,34726.37,103,517,116
5502,60,Male,Watershed Operations Coordinator,DWM Department of Watershed Management,59257.54,722,958,600
5503,51,Male,Construction/Maintenance Worker (D),DWM Department of Watershed Management,34462.24,799,313,947
5504,31,Female,Corrections Officer (E),COR Department of Corrections,34257.02,564,485,633
5505,52,Female,"Office Support Assistant, Sr (D)",DPW Department of Public Works,34462.46,152,238,584
5506,50,Female,"Office Support Assistant, Sr (D)",APD Atlanta Police Department,27641.74,952,482,116
5507,53,Male,Firefighter (E),AFR Atlanta Fire & Recuse,39741.3,231,865,51
5508,40,Female,Special Events Coordinator,"PRC Parks, Recreation, & Cultural Affairs",42021.02,35,728,944
5509,50,Male,Fire Sergeant (E),AFR Atlanta Fire & Recuse,58341.21,464,633,984
5510,39,Male,Civil Engineering Manager,DPW Department of Public Works,63500.01,994,723,634
5511,30,Male,Firefighter (E),AFR Atlanta Fire & Recuse,35785.83,63,449,998
5512,50,Male,Project Manager,DWM Department of Watershed Management,78413.96,642,933,714
5513,26,Male,Corrections Officer (E),COR Department of Corrections,34258.02,341,313,678
5514,38,Male,Fire Captain (E),AFR Atlanta Fire & Recuse,53344.58,839,45,474
5515,31,Female,Police Officer (E) (F) (O) (B) (S),APD Atlanta Police Department,42762.72,136,325,626
5516,36,Male,Police Sergeant (E) (F) (O) (B) (S),APD Atlanta Police Department,53881.36,305,394,50
5517,51,Male,Field Engineer,DWM Department of Watershed Management,51476.69,107,315,862
5518,48,Female,Corrections Officer (E),COR Department of Corrections,44276.54,300,814,139
5519,48,Female,Code Enforcement Officer,APD Atlanta Police Department,41055.4,367,741,901
5520,30,Male,Wastewater Plant Operator Trainee,DWM Department of Watershed Management,28604.9,898,820,547
5521,45,Female,Corrections Officer (E),COR Department of Corrections,34429.41,644,996,958
5522,31,Female,"Career Advisor, Sr",PCD Atlanta Workforce Development Agency,48136.61,950,391,439
5523,50,Female,Corrections Officer (E),COR Department of Corrections,42807.23,553,146,766
5524,27,Female,Police Officer (E) (F) (O) (B) (S),APD Atlanta Police Department,39327.6,177,894,506
5525,53,Female,Legislative Assistant,DOF Department of Finance,53264.15,185,785,888
5526,48,Female,"Budget Manager, Sr",JDA Municipal Court Operations,70958.99,130,221,381
5527,43,Female,Communications Dispatcher (D),APD Atlanta Police Department,40472.42,177,835,706
5528,45,Male,Traffic Service Technician,DPW Department of Public Works,28035.05,774,935,674
5529,28,Male,Police Officer (E) (F) (O) (B) (S),APD Atlanta Police Department,39327.6,538,523,724
5530,44,Male,Recreation Operations Assistant,"PRC Parks, Recreation, & Cultural Affairs",27641.74,735,898,460
5531,34,Male,Police Officer (E) (F) (O) (B) (S),APD Atlanta Police Department,39919.57,265,380,303
5532,50,Male,Police Officer (E) (F) (O) (B) (S),APD Atlanta Police Department,44259.49,375,528,679
5533,46,Male,Police Officer (E) (F) (O) (B) (S),APD Atlanta Police Department,54406.14,668,949,520
5534,50,Female,Construction/Maintenance Worker II (D),DWM Department of Watershed Management,41197.25,92,950,249
5535,38,Male,"Pollution Control Monitor, Sr",DWM Department of Watershed Management,46890.8,366,725,287
5536,42,Male,"Storekeeper, Sr (D)",APD Atlanta Police Department,30534.45,467,963,910
5537,33,Male,Police Officer (E) (F) (O) (B) (S),APD Atlanta Police Department,42762.72,914,771,452
5538,51,Male,Watershed Director I,DWM Department of Watershed Management,99362.05,358,788,716
5539,70,Male,Construction Project Manager,DWM Department of Watershed Management,72336.01,21,477,347
5540,52,Female,Administrative Assistant,APD Atlanta Police Department,38545.24,910,496,898
5541,50,Female,Recreation Assistant PT,"PRC Parks, Recreation, & Cultural Affairs",24600.01,829,851,965
5542,28,Female,Court Support Specialist I (D),JDA Municipal Court Operations,30848.5,483,131,274
5543,52,Female,Court Clerk (D),JDA Municipal Court Operations,28865.17,210,824,281
5544,27,Female,Firefighter (E),AFR Atlanta Fire & Recuse,32132.8,944,370,316
5545,55,Male,Fire Captain (E),AFR Atlanta Fire & Recuse,67527.51,940,800,396
5546,47,Male,Code Enforcement Officer,SOL Solicitor Office,59512.52,506,632,283
5547,26,Male,"Water Distribution Operator, Sr",DWM Department of Watershed Management,28514.91,347,399,166
5548,52,Female,"Data/Reporting Analyst, Sr",DWM Department of Watershed Management,53465.78,450,441,95
5549,61,Male,Installation Chief,DPW Department of Public Works,60525.5,883,471,922
5550,53,Male,"Legislative Recorder, Assistant",CCN City Council,45069.73,176,529,459
5551,37,Female,"Office Support Assistant, Sr (D)",DPW Department of Public Works,27684.58,199,924,708
5552,42,Female,"Code Enforcement Officer, Sr",APD Atlanta Police Department,45160.79,152,221,142
5553,55,Female,Facilities Maintenance Crew Supervisor,"PRC Parks, Recreation, & Cultural Affairs",51420.25,942,187,490
5554,57,Male,Environmental Service Worker I (D),DPW Department of Public Works,24600.01,329,167,157
5555,41,Female,Field Engineer,DPW Department of Public Works,44067.82,874,412,24
5556,55,Female,Corrections Accreditation Officer,COR Department of Corrections,50961.3,64,257,694
5557,29,Female,Recreation Specialist,"PRC Parks, Recreation, & Cultural Affairs",39330.02,322,626,808
5558,44,Female,"Traffic Service Technician, Sr",DPW Department of Public Works,32499.01,415,740,613
5559,48,Female,Communications Dispatcher (D),APD Atlanta Police Department,38329.1,548,549,31
5560,53,Male,Construction/Maintenance Worker (D),DWM Department of Watershed Management,35780.61,512,2,341
5561,47,Male,"Graphic Arts Specialist, Sr","PRC Parks, Recreation, & Cultural Affairs",57000.01,65,172,831
5562,36,Female,"Police Officer, Sr (E) (F) (O) (B) (S)",APD Atlanta Police Department,39105.39,914,393,646
5563,56,Male,Pollution Control Monitor Supervisor,DWM Department of Watershed Management,61911.68,810,247,593
5564,30,Male,Police Officer (E) (F) (O) (B) (S),APD Atlanta Police Department,42128.72,255,747,153
5565,67,Male,"Facilities Maintenance Supervisor, Sr",DWM Department of Watershed Management,69580.03,235,909,332
5566,60,Female,"City Council Assistant, Sr",CCN City Council,83333.04,406,467,496
5567,23,Male,Firefighter (E),AFR Atlanta Fire & Recuse,32132.8,259,814,653
5568,55,Male,"Facilities Maintenance Mechanic, Sr (D)",DOA Department of Aviation,43637.69,180,557,797
5569,66,Male,Traffic Signal Technician (D),DPW Department of Public Works,35355.65,476,987,164
5570,28,Female,ATL311 Call Center Representative I,EXE Executive Offices,34323.0,250,662,679
5571,63,Male,Solid Waste Operator II (D),DPW Department of Public Works,40472.42,478,316,982
5572,38,Female,Business Manager I,COR Department of Corrections,53560.83,113,407,732
5573,49,Male,Fire Captain (E),AFR Atlanta Fire & Recuse,60905.95,331,677,619
5574,45,Male,Electrician Specialist,DOA Department of Aviation,54210.3,99,607,439
5575,57,Female,"Office Support Assistant, Sr (D)",DPW Department of Public Works,38545.24,690,200,6
5576,27,Male,Police Officer (E) (F) (O) (B) (S),APD Atlanta Police Department,39919.57,607,878,113
5577,41,Female,Pretrial Traffic Intervention Support Specialist,JDA Municipal Court Operations,35862.85,824,293,580
5578,62,Male,Facilities Maintenance Mechanic (D),DWM Department of Watershed Management,36406.22,532,710,647
5579,36,Male,Police Sergeant (E) (F) (O) (B) (S),APD Atlanta Police Department,53082.45,529,613,127
5580,38,Female,"Project Manager, Sr",PCD Planning & Community Development,67500.01,276,699,55
5581,45,Male,"Watershed Inspector, Sr",DWM Department of Watershed Management,48909.1,683,992,778
5582,39,Male,Equipment Operator II (D),DPW Department of Public Works,32034.31,800,216,804
5583,44,Female,"City Attorney, Deputy",LAW Law Department,128560.02,260,852,381
5584,40,Female,"Administrative Assistant, Sr",DWM Department of Watershed Management,37756.58,599,818,336
5585,28,Male,Police Officer (E) (F) (O) (B) (S),APD Atlanta Police Department,42762.72,499,65,614
5586,24,Female,Intern,DWM Department of Watershed Management,33280.0,197,627,673
5587,37,Female,"Public Defender Assistant, Sr",PDA Public Defender Administration,78400.0,264,930,496
5588,43,Male,Police Lieutenant (E) (F) (O) (B) (S),APD Atlanta Police Department,81359.2,620,602,531
5589,38,Male,Police Officer (E) (F) (O) (B) (S),APD Atlanta Police Department,49071.36,837,71,127
5590,37,Male,"Data/Reporting Analyst, Sr",DWM Department of Watershed Management,50652.08,98,256,192
5591,45,Male,Facilities Maintenance Mechanic (D),DOA Department of Aviation,32055.84,233,90,23
5592,24,Female,Corrections Officer (E),COR Department of Corrections,30081.0,337,218,463
5593,43,Male,Environmental Service Worker I (D),DPW Department of Public Works,24600.01,768,534,539
5594,48,Male,Facilities Maintenance Mechanic (D),"PRC Parks, Recreation, & Cultural Affairs",32055.84,342,417,899
5595,52,Male,"Water Service Representative, Sr",DWM Department of Watershed Management,44511.38,573,169,29
5596,35,Male,Police Officer (E) (F) (O) (B) (S),APD Atlanta Police Department,41316.7,817,509,126
5597,36,Male,Police Investigator (E) (F) (O),APD Atlanta Police Department,48001.2,322,883,202
5598,66,Female,"Legal Secretary, Sr",PDA Public Defender Administration,36582.0,536,633,462
5599,47,Male,Solid Waste Operator I (D),DPW Department of Public Works,37243.66,973,321,245
5600,67,Female,Custodian (D),EXE Executive Offices,28601.89,976,266,901
5601,59,Male,Welder (D),DPW Department of Public Works,40523.68,54,467,407
5602,34,Male,Police Investigator (E) (F) (O),APD Atlanta Police Department,47946.33,80,867,513
5603,55,Female,"Accountant, Sr",DOF Department of Finance,55331.12,774,777,182
5604,55,Female,Administrative Assistant,DWM Department of Watershed Management,38788.07,903,632,632
5605,46,Male,Police Lieutenant (E) (F) (O) (B) (S),APD Atlanta Police Department,81359.2,270,944,178
5606,31,Male,Police Officer (E) (F) (O) (B) (S),APD Atlanta Police Department,41316.7,843,566,904
5607,32,Female,"Administrative Assistant, Sr",DWM Department of Watershed Management,42745.5,658,200,209
5608,34,Male,"Investigator, Sr",SOL Solicitor Office,48000.01,114,268,439
5609,41,Male,Network Engineer,DIT Department of Information Technology,71500.0,448,415,683
5610,27,Male,Police Officer (E) (F) (O) (B) (S),APD Atlanta Police Department,39919.57,659,273,483
5611,52,Male,Watershed Plant Operator Class I (D),DWM Department of Watershed Management,55823.66,218,590,381
5612,49,Female,Police Lieutenant (E) (F) (O) (B) (S),APD Atlanta Police Department,79015.04,597,246,991
5613,46,Female,"Contracts Compliance Specialist, Sr",EXE Executive Offices,60660.02,484,158,284
5614,48,Male,Police Officer (E) (F) (O) (B) (S),APD Atlanta Police Department,58281.18,770,252,40
5615,52,Male,Watershed Plant Operator Class I (D),DWM Department of Watershed Management,54995.01,77,670,202
5616,33,Female,Restorative Justice Specialist,JDA Municipal Court Operations,37966.35,755,471,30
5617,54,Male,Police Sergeant (E) (F) (O) (B) (S),APD Atlanta Police Department,67873.31,903,278,744
5618,47,Female,Legislative Recorder,CCN City Council,60933.5,29,531,439
5619,27,Female,Intern,DWM Department of Watershed Management,33280.0,343,939,414
5620,36,Female,Assistant Attorney,PDA Public Defender Administration,63200.01,558,353,171
5621,24,Male,Intern,DWM Department of Watershed Management,33280.0,675,363,888
5622,56,Male,Solid Waste Equipment Operator,DPW Department of Public Works,28048.51,101,938,848
5623,49,Male,Fire Battalion Chief (E),AFR Atlanta Fire & Recuse,87059.28,800,55,885
5624,41,Female,Licensed Practical Nurse (D),COR Department of Corrections,43239.2,5,408,627
5625,23,Male,Police Officer (E) (F) (O) (B) (S),APD Atlanta Police Department,34726.37,993,80,75
5626,38,Female,Police Property Management Technician (D),APD Atlanta Police Department,29436.74,537,718,427
5627,52,Female,"Administrative Assistant, Sr",AFR Atlanta Fire & Recuse,42496.06,178,374,162
5628,52,Male,Police Sergeant (E) (F) (O) (B) (S),APD Atlanta Police Department,65578.03,139,529,17
5629,46,Male,"Facilities Maintenance Mechanic, Sr (D)",DOA Department of Aviation,45567.03,957,410,226
5630,44,Male,Fire Captain (E),AFR Atlanta Fire & Recuse,59361.95,608,65,594
5631,45,Male,Construction Project Manager,EXE Executive Offices,72900.01,832,402,431
5632,43,Male,Vehicle/Equipment Mechanic II,DPW Department of Public Works,38170.02,339,644,797
5633,48,Female,"Public Works Transportation Manager, Sr",DPW Department of Public Works,92400.01,997,309,400
5634,60,Male,Watershed Plant Operator Class I (D),DWM Department of Watershed Management,44231.64,521,527,215
5635,45,Female,Records Analyst,DOF Department of Finance,34700.02,296,818,316
5636,44,Male,Police Sergeant (E) (F) (O) (B) (S),APD Atlanta Police Department,57719.17,448,55,996
5637,36,Female,Special Events Coordinator,EXE Executive Offices,54855.0,364,228,57
5638,30,Male,Fire Sergeant (E),AFR Atlanta Fire & Recuse,47460.52,678,152,850
5639,31,Male,Police Officer (E) (F) (O) (B) (S),APD Atlanta Police Department,39919.57,999,752,926
5640,42,Male,Police Sergeant (E) (F) (O) (B) (S),APD Atlanta Police Department,61217.94,543,804,870
5641,33,Male,Fire Sergeant (E),AFR Atlanta Fire & Recuse,39222.84,864,32,157
5642,44,Male,Wastewater Collection Superintendent,DWM Department of Watershed Management,70173.0,677,54,977
5643,46,Male,Police Major,APD Atlanta Police Department,107365.0,5,728,456
5644,52,Female,Case Manager,JDA Municipal Court Operations,50448.5,966,895,381
5645,39,Male,Fire Sergeant (E),AFR Atlanta Fire & Recuse,41686.43,674,709,643
5646,30,Male,Police Officer (E) (F) (O) (B) (S),APD Atlanta Police Department,42762.72,784,673,821
5647,56,Female,Procurement Specialist,DOP Department of Procurement,47481.73,587,184,494
5648,27,Female,Police Officer (E) (F) (O) (B) (S),APD Atlanta Police Department,42128.72,986,639,993
5649,25,Male,Police Officer (E) (F) (O) (B) (S),APD Atlanta Police Department,41518.17,307,230,97
5650,29,Male,Desk Top Support Technician,DIT Department of Information Technology,53110.66,786,985,799
5651,47,Female,Fire Lieutenant (E),AFR Atlanta Fire & Recuse,47488.64,809,474,173
5652,29,Male,Police Officer (E) (F) (O) (B) (S),APD Atlanta Police Department,41316.7,341,692,552
5653,34,Female,Police Officer (E) (F) (O) (B) (S),APD Atlanta Police Department,41316.7,869,471,355
5654,52,Female,Accounting Technical Specialist,DOF Department of Finance,41395.55,501,254,863
5655,39,Male,Fire Sergeant (E),AFR Atlanta Fire & Recuse,45855.71,206,576,586
5656,36,Male,Police Officer (E) (F) (O) (B) (S),APD Atlanta Police Department,44259.49,820,238,355
5657,26,Male,Police Officer (E) (F) (O) (B) (S),APD Atlanta Police Department,40114.15,90,651,321
5658,30,Male,Police Officer (E) (F) (O) (B) (S),APD Atlanta Police Department,43618.02,171,508,262
5659,59,Male,Corrections Officer (E),COR Department of Corrections,45162.08,688,530,435
5660,49,Male,Fire Sergeant (E),AFR Atlanta Fire & Recuse,54462.14,824,347,584
5661,43,Male,Firefighter (E),AFR Atlanta Fire & Recuse,37955.36,467,724,702
5662,46,Female,Human Resources Director I,DHR Department of Human Reources,90600.02,51,105,132
5663,27,Female,Police Officer (E) (F) (O) (B) (S),APD Atlanta Police Department,42762.72,323,121,453
5664,55,Female,"Data/Reporting Analyst, Sr",DOA Department of Aviation,56783.79,899,703,540
5665,36,Male,Electrician Assistant (D),DPW Department of Public Works,28500.01,390,799,818
5666,54,Female,Administrative Assistant,AFR Atlanta Fire & Recuse,32447.26,573,635,267
5667,27,Male,Data/Reporting Analyst,DOA Department of Aviation,44505.01,550,649,520
5668,52,Female,"ERP Analyst, Sr",DIT Department of Information Technology,67440.0,684,999,79
5669,42,Male,Police Investigator (E) (F) (O),APD Atlanta Police Department,44809.65,88,808,200
5670,63,Male,"Water Service Representative, Sr",DWM Department of Watershed Management,39847.52,325,993,658
5671,43,Male,Police Officer (E) (F) (O) (B) (S),APD Atlanta Police Department,45808.67,775,982,901
5672,51,Male,"Wastewater Collection Operator, Sr (D)",DWM Department of Watershed Management,43282.47,407,669,242
5673,25,Male,Recreation Operations Assistant,"PRC Parks, Recreation, & Cultural Affairs",25830.02,815,361,293
5674,52,Female,Administrative Assistant,EXE Executive Offices,32840.53,975,877,81
5675,55,Male,"Plant Maintenance Mechanic, Sr (D)",DWM Department of Watershed Management,46057.5,856,321,728
5676,50,Male,Vehicle/Equipment Mechanic III,DPW Department of Public Works,51148.39,869,815,654
5677,60,Male,Vehicle/Equipment Mechanic III,DPW Department of Public Works,51319.09,535,135,321
5678,56,Male,Vehicle/Equipment Mechanic III,DPW Department of Public Works,54276.18,505,826,268
5679,47,Male,Fire Lieutenant (E),AFR Atlanta Fire & Recuse,50995.98,447,993,100
5680,39,Female,Construction/Maintenance Worker I (D),DWM Department of Watershed Management,32243.91,271,31,922
5681,23,Female,ATL311 Call Center Representative I,EXE Executive Offices,33110.06,437,530,713
5682,61,Female,ATL311 Call Center Representative I,EXE Executive Offices,35355.65,589,602,974
5683,24,Male,Firefighter (E),AFR Atlanta Fire & Recuse,32132.8,875,520,200
5684,30,Male,Environmental Service Worker I (D),DPW Department of Public Works,24600.01,148,724,16
5685,54,Male,"Chief Information Officer, Deputy",DIT Department of Information Technology,130000.0,572,39,902
5686,54,Male,Police Sergeant (E) (F) (O) (B) (S),APD Atlanta Police Department,67873.31,804,556,24
5687,26,Female,Police Officer (E) (F) (O) (B) (S),APD Atlanta Police Department,34726.37,581,251,137
5688,50,Male,Police Sergeant (E) (F) (O) (B) (S),APD Atlanta Police Department,63360.54,121,25,966
5689,24,Male,Firefighter (E),AFR Atlanta Fire & Recuse,32132.8,482,206,27
5690,55,Male,Process Control Engineer,DWM Department of Watershed Management,75616.11,261,981,925
5691,32,Female,Police Officer (E) (F) (O) (B) (S),APD Atlanta Police Department,43190.37,931,228,138
5692,31,Female,Environmental Service Worker I (D),DPW Department of Public Works,24600.01,931,229,159
5693,52,Male,"Construction/Maintenance Worker, Sr",DWM Department of Watershed Management,38486.47,780,534,112
5694,37,Male,Police Officer (E) (F) (O) (B) (S),APD Atlanta Police Department,42762.72,808,197,725
5695,24,Male,Police Officer (E) (F) (O) (B) (S),APD Atlanta Police Department,39327.6,442,854,962
5696,45,Female,Police Officer (E) (F) (O) (B) (S),APD Atlanta Police Department,44259.49,470,959,152
5697,42,Female,Police Officer (E) (F) (O) (B) (S),APD Atlanta Police Department,45808.67,293,250,345
5698,29,Male,Police Officer (E) (F) (O) (B) (S),APD Atlanta Police Department,42128.72,801,328,894
5699,48,Male,Police Officer (E) (F) (O) (B) (S),APD Atlanta Police Department,58281.18,939,596,391
5700,32,Male,Payroll Specialist,DOF Department of Finance,42390.4,696,901,553
5701,32,Male,Police Sergeant (E) (F) (O) (B) (S),APD Atlanta Police Department,53082.45,858,16,682
5702,50,Female,"Administrative Assistant, Sr",DHR Department of Human Reources,49082.98,7,448,484
5703,54,Female,"Office Support Assistant, Sr (D)",PDA Public Defender Administration,26000.0,689,613,479
5704,50,Male,Fire Captain (E),AFR Atlanta Fire & Recuse,55279.3,595,68,623
5705,31,Female,"Field Engineer, Sr",DWM Department of Watershed Management,61410.61,307,713,348
5706,39,Male,Solid Waste Equipment Operator,DPW Department of Public Works,28048.51,289,301,108
5707,28,Male,Equipment Operator I (D),DPW Department of Public Works,28048.51,760,509,8
5708,32,Male,Street Maintenance Supervisor,DPW Department of Public Works,34700.02,300,497,5
5709,51,Male,Police Officer (E) (F) (O) (B) (S),APD Atlanta Police Department,56310.38,841,220,541
5710,67,Male,Career Advisor,PCD Atlanta Workforce Development Agency,39998.4,386,344,588
5711,39,Male,Police Investigator (E) (F) (O),APD Atlanta Police Department,47289.49,566,439,500
5712,31,Male,Firefighter (E),AFR Atlanta Fire & Recuse,35785.83,700,491,831
5713,61,Male,Watershed Manager II,DWM Department of Watershed Management,90900.04,488,91,755
5714,37,Male,Community Facility Manager,"PRC Parks, Recreation, & Cultural Affairs",44337.49,628,787,971
5715,28,Male,Police Officer (E) (F) (O) (B) (S),APD Atlanta Police Department,42128.72,534,702,724
5716,25,Female,Police Officer (E) (F) (O) (B) (S),APD Atlanta Police Department,34726.37,697,164,240
5717,46,Female,Data/Reporting Analyst,"PRC Parks, Recreation, & Cultural Affairs",41033.87,263,946,302
5718,37,Male,Firefighter (E),AFR Atlanta Fire & Recuse,37955.36,726,500,274
5719,55,Female,Police Reports Technician (D),APD Atlanta Police Department,37452.05,340,379,999
5720,50,Female,"Customer Service Representative, Sr (D)",APD Atlanta Police Department,37994.62,625,83,824
5721,28,Male,Firefighter (E),AFR Atlanta Fire & Recuse,32132.8,598,422,864
5722,36,Male,Police Officer (E) (F) (O) (B) (S),APD Atlanta Police Department,42762.72,994,905,302
5723,27,Female,Corrections Officer (E),COR Department of Corrections,34257.02,610,561,465
5724,62,Male,"Construction Inspector, Sr",DWM Department of Watershed Management,51750.02,874,263,176
5725,33,Female,"Parks, Recreations & CA, Commissioner","PRC Parks, Recreation, & Cultural Affairs",150000.01,136,388,212
5726,31,Male,Fire Command Technician (E),AFR Atlanta Fire & Recuse,39222.84,68,830,612
5727,50,Male,Police Sergeant (E) (F) (O) (B) (S),APD Atlanta Police Department,65578.03,117,698,293
5728,41,Male,Police Investigator (E) (F) (O),APD Atlanta Police Department,44145.23,548,345,17
5729,60,Male,Data Operations Technician (D),DIT Department of Information Technology,37440.0,122,38,668
5730,60,Female,Police Property Management Technician (D),APD Atlanta Police Department,29436.74,111,447,493
5731,40,Female,"Financial Analyst, Sr",AFR Atlanta Fire & Recuse,56364.01,229,674,138
5732,37,Male,Police Investigator (E) (F) (O),APD Atlanta Police Department,47289.49,555,131,283
5733,51,Male,GIS Coordinator,DWM Department of Watershed Management,68899.71,380,413,37
5734,41,Male,ATL311 Call Center Representative I,EXE Executive Offices,36358.42,293,3,428
5735,47,Male,Water Meter Mechanic,DWM Department of Watershed Management,44984.07,793,776,582
5736,29,Male,Firefighter (E),AFR Atlanta Fire & Recuse,37392.58,969,775,132
5737,32,Male,Firefighter (E),AFR Atlanta Fire & Recuse,32132.8,83,243,722
5738,42,Male,Police Officer (E) (F) (O) (B) (S),APD Atlanta Police Department,41316.7,607,402,395
5739,37,Female,Program Management Officer,EXE Executive Offices,80000.0,76,822,592
5740,46,Male,Police Officer (E) (F) (O) (B) (S),APD Atlanta Police Department,44259.49,333,26,337
5741,40,Male,Firefighter (E),AFR Atlanta Fire & Recuse,40339.3,476,619,276
5742,52,Female,"Benefits Representative, Sr",DHR Department of Human Reources,43987.5,274,653,110
5743,47,Female,"City Council Assistant, Sr",CCN City Council,26000.0,658,211,315
5744,35,Female,"Laboratory Technician, Sr (D)",DWM Department of Watershed Management,36000.02,171,646,883
5745,45,Male,Police Officer (E) (F) (O) (B) (S),APD Atlanta Police Department,44259.49,822,18,566
5746,50,Male,HVAC Technician (D),DOA Department of Aviation,43679.67,142,831,168
5747,55,Female,Licensed Practical Nurse (D),COR Department of Corrections,40560.0,593,419,82
5748,58,Male,Financial Systems Director,DOF Department of Finance,123189.87,656,433,759
5749,33,Female,Psychological Services Specialist,COR Department of Corrections,65998.4,145,942,384
5750,27,Female,Police Officer (E) (F) (O) (B) (S),APD Atlanta Police Department,39919.57,781,918,219
5751,51,Female,"Telecom Engineer, Sr",DIT Department of Information Technology,70000.01,546,465,688
5752,44,Female,"Management Analyst, Sr",DWM Department of Watershed Management,61933.25,880,985,665
5753,44,Male,Police Officer (E) (F) (O) (B) (S),APD Atlanta Police Department,41316.7,560,835,728
5754,35,Male,Fire Sergeant (E),AFR Atlanta Fire & Recuse,42338.58,555,454,239
5755,33,Male,Firefighter (E),AFR Atlanta Fire & Recuse,35255.25,993,266,718
5756,54,Male,"Human Resources Director, Public Safety",DHR Department of Human Reources,135000.01,590,152,956
5757,37,Female,"Recreation Operations Assistant, Sr","PRC Parks, Recreation, & Cultural Affairs",32454.11,624,52,898
5758,32,Male,"Tree Trimmer, Sr","PRC Parks, Recreation, & Cultural Affairs",47038.62,405,75,760
5759,31,Male,"Tree Trimmer, Sr","PRC Parks, Recreation, & Cultural Affairs",47038.62,238,448,635
5760,27,Female,"Administrative Assistant, Sr",EXE Executive Offices,46575.01,518,880,671
5761,28,Male,Corrections Officer (E),COR Department of Corrections,34258.02,363,902,611
5762,51,Male,Corrections Officer (E),COR Department of Corrections,35462.13,972,804,47
5763,31,Male,Firefighter (E),AFR Atlanta Fire & Recuse,35785.83,474,567,362
5764,38,Male,Fire Sergeant (E),AFR Atlanta Fire & Recuse,39222.84,495,762,973
5765,39,Female,"Human Resources Representative, Sr",DHR Department of Human Reources,52042.62,644,490,520
5766,31,Male,Environmental Service Worker I (D),DPW Department of Public Works,24600.01,690,547,387
5767,42,Female,Communications Dispatcher (D),APD Atlanta Police Department,35780.61,21,374,32
5768,57,Male,"IT Project Manager, Sr",DOA Department of Aviation,85217.66,890,881,60
5769,30,Male,Police Officer (E) (F) (O) (B) (S),APD Atlanta Police Department,39919.57,988,729,126
5770,50,Male,Police Officer (E) (F) (O) (B) (S),APD Atlanta Police Department,41316.7,917,541,919
5771,38,Female,"Office Support Assistant, Sr (D)",APD Atlanta Police Department,27684.58,127,692,37
5772,35,Male,Parks Worker II (D),"PRC Parks, Recreation, & Cultural Affairs",30534.45,66,311,382
5773,33,Male,Construction/Maintenance Worker (D),DWM Department of Watershed Management,30100.01,31,370,11
5774,21,Male,Construction/Maintenance Worker II (D),EXE Executive Offices,29889.6,378,405,285
5775,33,Male,Construction/Maintenance Worker (D),DWM Department of Watershed Management,31153.49,11,496,806
5776,56,Female,Administrative Assistant,APD Atlanta Police Department,44231.64,279,757,14
5777,42,Male,Police Investigator (E) (F) (O),APD Atlanta Police Department,48001.2,430,306,481
5778,27,Female,Police Officer (E) (F) (O) (B) (S),APD Atlanta Police Department,42762.72,793,350,895
5779,34,Male,Firefighter (E),AFR Atlanta Fire & Recuse,46290.33,778,820,970
5780,55,Male,"Electrician, Sr (D)",DWM Department of Watershed Management,56067.52,117,170,922
5781,39,Male,Firefighter (E),AFR Atlanta Fire & Recuse,35785.83,269,975,128
5782,42,Male,Police Sergeant (E) (F) (O) (B) (S),APD Atlanta Police Department,53881.36,63,628,579
5783,29,Male,Fire Command Technician (E),AFR Atlanta Fire & Recuse,38641.27,782,990,907
5784,58,Female,GIS Analyst,DOA Department of Aviation,68273.36,222,464,158
5785,32,Male,Police Officer (E) (F) (O) (B) (S),APD Atlanta Police Department,42762.72,320,53,131
5786,22,Male,Intern,DWM Department of Watershed Management,33280.0,412,846,113
5787,46,Male,Police Officer (E) (F) (O) (B) (S),APD Atlanta Police Department,41316.7,623,677,238
5788,38,Male,Equipment Operator I (D),DPW Department of Public Works,28048.51,343,649,427
5789,35,Male,"Construction/Maintenance Worker, Sr",DWM Department of Watershed Management,38486.49,120,456,801
5790,51,Male,Process Control Technician (D),DWM Department of Watershed Management,42647.18,843,273,937
5791,54,Female,"IT Project Manager, Sr",DWM Department of Watershed Management,80000.0,409,248,87
5792,26,Male,Storekeeper (D),DOA Department of Aviation,27427.53,535,968,184
5793,46,Male,Watershed Crew Supervisor (D),DWM Department of Watershed Management,51488.69,153,434,864
5794,30,Male,"Construction/Maintenance Worker, Sr",DWM Department of Watershed Management,38486.47,238,366,281
5795,70,Male,Recreation Operations Assistant,"PRC Parks, Recreation, & Cultural Affairs",25800.01,338,771,176
5796,60,Female,"Office Support Assistant, Sr (D)",DPW Department of Public Works,36347.79,552,204,214
5797,59,Male,"Traffic Service Technician, Sr",DPW Department of Public Works,32348.14,471,123,527
5798,43,Male,Police Investigator (E) (F) (O),APD Atlanta Police Department,57010.51,430,685,691
5799,34,Female,"Administrative Assistant, Sr",DOA Department of Aviation,36742.5,304,849,194
5800,58,Female,Procurement Specialist,DWM Department of Watershed Management,48859.52,600,677,164
5801,39,Male,"Zoning Inspector, Sr",PCD Planning & Community Development,46308.97,857,663,873
5802,50,Male,Police Officer (E) (F) (O) (B) (S),APD Atlanta Police Department,58281.18,6,822,887
5803,43,Female,Police Investigator (E) (F) (O),APD Atlanta Police Department,55082.56,24,649,134
5804,44,Male,Desk Top Support Technician,DIT Department of Information Technology,49128.39,112,732,427
5805,39,Male,Vehicle/Equipment Maintenance Supervisor,DPW Department of Public Works,52000.0,276,768,406
5806,65,Male,Traffic Signal Technician (D),DPW Department of Public Works,35780.61,332,80,796
5807,49,Male,Fire Captain (E),AFR Atlanta Fire & Recuse,63037.71,703,427,22
5808,43,Male,Contracts Compliance Specialist,EXE Executive Offices,50000.02,259,401,542
5809,59,Male,Watershed Plant Operator Supervisor (D),DWM Department of Watershed Management,58657.66,400,858,445
5810,46,Male,Police Sergeant (E) (F) (O) (B) (S),APD Atlanta Police Department,53881.36,591,500,498
5811,35,Male,Environmental Service Worker I (D),DPW Department of Public Works,25461.01,15,216,216
5812,33,Male,Police Officer (E) (F) (O) (B) (S),APD Atlanta Police Department,45808.67,60,288,602
5813,45,Female,"Accountant, Sr",DOF Department of Finance,56793.94,390,153,262
5814,35,Male,Judge,JDA Municipal Court Operations,153000.64,474,857,287
5815,54,Male,"Customer Service Representative, Sr (D)",APD Atlanta Police Department,41523.64,751,550,130
5816,47,Male,"Financial Analyst, Sr",DOA Department of Aviation,60864.46,10,23,255
5817,35,Female,Fire Sergeant (E),AFR Atlanta Fire & Recuse,39222.84,490,150,751
5818,50,Male,Police Sergeant (E) (F) (O) (B) (S),APD Atlanta Police Department,67873.31,312,124,825
5819,30,Female,"Systems Administrator, Sr",DOF Department of Finance,102960.0,496,227,56
5820,28,Male,"City Attorney, Assistant Sr",LAW Law Department,63200.01,5,20,614
5821,26,Female,Assistant Attorney,SOL Solicitor Office,63200.01,315,564,921
5822,22,Male,Police Officer (E) (F) (O) (B) (S),APD Atlanta Police Department,34726.37,313,262,2
5823,34,Female,Corrections Officer (E),COR Department of Corrections,35462.13,279,95,559
5824,61,Male,Environmental Service Worker I (D),DPW Department of Public Works,27634.63,221,475,268
5825,27,Female,"Office Support Assistant, Sr (D)","PRC Parks, Recreation, & Cultural Affairs",25800.11,670,469,37
5826,45,Female,"Legal Program Assistant, Sr",SOL Solicitor Office,50003.2,329,166,806
5827,51,Female,"Communications Dispatcher, Sr (D)",APD Atlanta Police Department,48859.52,952,944,938
5828,52,Male,Fire Command Technician (E),AFR Atlanta Fire & Recuse,56368.21,477,9,54
5829,54,Male,Fire Sergeant (E),AFR Atlanta Fire & Recuse,56368.19,306,462,832
5830,25,Male,Firefighter (E),AFR Atlanta Fire & Recuse,32132.8,863,217,814
5831,34,Female,Firefighter (E),AFR Atlanta Fire & Recuse,44724.86,894,570,161
5832,54,Female,Police Sergeant (E) (F) (O) (B) (S),APD Atlanta Police Department,57719.02,110,649,205
5833,27,Male,Police Officer (E) (F) (O) (B) (S),APD Atlanta Police Department,34726.37,946,707,928
5834,52,Male,Warehouse Manager,DWM Department of Watershed Management,43810.34,128,403,401
5835,36,Female,Benefits Analyst,DHR Department of Human Reources,60560.61,700,688,85
5836,41,Male,Fire Captain (E),AFR Atlanta Fire & Recuse,52553.64,734,199,766
5837,60,Female,Compliance Manager,SOL Solicitor Office,80000.0,760,863,450
5838,47,Male,"IT Project Manager, Sr",DIT Department of Information Technology,92000.0,628,197,211
5839,53,Male,Fleet Analyst,DPW Department of Public Works,57899.69,673,431,410
5840,24,Male,Firefighter (E),AFR Atlanta Fire & Recuse,35785.83,468,344,637
5841,50,Male,"Construction Inspector, Sr",DWM Department of Watershed Management,55743.89,790,192,364
5842,63,Female,Financial Planning Forecaster,DOA Department of Aviation,50900.01,1,940,645
5843,28,Female,Assistant Attorney,SOL Solicitor Office,69488.64,571,878,499
5844,43,Male,Wastewater Collection Supervisor (D),DWM Department of Watershed Management,54418.24,270,94,359
5845,45,Male,Construction/Maintenance Worker (D),DWM Department of Watershed Management,32243.88,382,27,462
5846,36,Male,Police Officer (E) (F) (O) (B) (S),APD Atlanta Police Department,42762.72,277,133,108
5847,31,Male,Fire Inspector,AFR Atlanta Fire & Recuse,37777.51,407,321,49
5848,31,Female,Corrections Officer (E),COR Department of Corrections,34257.02,262,484,568
5849,47,Female,Police Lieutenant (E) (F) (O) (B) (S),APD Atlanta Police Department,70900.13,42,925,125
5850,52,Male,Solid Waste Operator II (D),DPW Department of Public Works,36948.94,817,326,492
5851,48,Male,Police Lieutenant (E) (F) (O) (B) (S),APD Atlanta Police Department,81359.2,153,916,299
5852,43,Male,"Facilities Maintenance Mechanic, Sr (D)",DOA Department of Aviation,35780.61,679,427,961
5853,58,Female,Digital Imaging Supervisor,APD Atlanta Police Department,44000.01,28,938,746
5854,42,Male,TV Production Coordinator,EXE Executive Offices,55893.12,982,414,386
5855,50,Male,Police Sergeant (E) (F) (O) (B) (S),APD Atlanta Police Department,59739.26,191,555,349
5856,45,Female,"Office Support Assistant, Sr (D)",APD Atlanta Police Department,30467.07,971,662,948
5857,43,Male,Police Officer (E) (F) (O) (B) (S),APD Atlanta Police Department,45808.67,698,782,682
5858,57,Male,Bridge Maintenance Supervisor,DPW Department of Public Works,42660.75,899,812,250
5859,54,Male,"Combination Inspector, Sr",PCD Planning & Community Development,47610.21,632,619,229
5860,30,Male,Airport Operations Representative II (D),DOA Department of Aviation,47300.01,625,311,129
5861,45,Male,Police Investigator (E) (F) (O),APD Atlanta Police Department,62582.62,377,217,328
5862,41,Male,Police Officer (E) (F) (O) (B) (S),APD Atlanta Police Department,44259.49,285,506,618
5863,37,Male,Engineering Technician,DWM Department of Watershed Management,33000.01,902,70,755
5864,45,Female,Police Investigator (E) (F) (O),APD Atlanta Police Department,60466.22,586,666,790
5865,61,Female,"Financial Analyst, Sr",DOF Department of Finance,57003.02,928,751,278
5866,53,Female,Help Desk Specialist,DWM Department of Watershed Management,41055.4,312,747,659
5867,38,Male,HVAC Technician (D),DOA Department of Aviation,38891.19,879,289,164
5868,24,Female,Communications Dispatcher (D),APD Atlanta Police Department,34155.01,122,984,164
5869,30,Female,Watershed Trainee (D),DWM Department of Watershed Management,34325.75,142,220,188
5870,24,Male,Police Officer (E) (F) (O) (B) (S),APD Atlanta Police Department,34726.37,220,3,15
5871,29,Male,Police Officer (E) (F) (O) (B) (S),APD Atlanta Police Department,39919.57,173,325,500
5872,27,Male,Firefighter (E),AFR Atlanta Fire & Recuse,35785.83,403,137,861
5873,55,Male,"Combination Inspector, Prin",PCD Planning & Community Development,59613.38,37,88,561
5874,37,Male,Police Officer (E) (F) (O) (B) (S),APD Atlanta Police Department,45808.67,794,865,761
5875,41,Female,Art Programs Manager,EXE Executive Offices,54700.01,528,671,267
5876,34,Male,Police Officer (E) (F) (O) (B) (S),APD Atlanta Police Department,43190.37,973,809,347
5877,38,Male,Corrections Officer (E),COR Department of Corrections,35457.05,439,794,639
5878,38,Male,"Facilities Maintenance Mechanic, Sr (D)",DOA Department of Aviation,35780.61,872,115,570
5879,27,Female,Construction/Maintenance Worker I (D),DWM Department of Watershed Management,25168.0,499,401,955
5880,45,Male,Airport Security Systems Assistant,DOA Department of Aviation,40000.48,68,356,138
5881,50,Male,"Police Officer, Sr (E) (F) (O) (B) (S)",APD Atlanta Police Department,64772.86,975,707,51
5882,29,Male,Firefighter (E),AFR Atlanta Fire & Recuse,39129.14,302,681,261
5883,55,Female,"Administrative Assistant, Sr",DOA Department of Aviation,42745.5,99,197,462
5884,39,Female,Risk Manager,DOF Department of Finance,84300.01,193,323,797
5885,32,Male,Police Sergeant (E) (F) (O) (B) (S),APD Atlanta Police Department,53082.45,44,155,513
5886,51,Female,Corrections Officer (E),COR Department of Corrections,37987.66,760,76,371
5887,36,Male,Fire Captain (E),AFR Atlanta Fire & Recuse,60602.9,929,587,658
5888,57,Male,Parks Worker I (D),"PRC Parks, Recreation, & Cultural Affairs",26700.1,72,984,50
5889,58,Female,Construction/Maintenance Worker (D),DWM Department of Watershed Management,36916.86,642,243,787
5890,51,Male,"Water Service Representative, Sr",DWM Department of Watershed Management,39670.29,87,329,700
5891,34,Male,Fire Lieutenant (E),AFR Atlanta Fire & Recuse,45826.49,242,873,590
5892,47,Male,Police Lieutenant (E) (F) (O) (B) (S),APD Atlanta Police Department,81359.2,193,91,757
5893,55,Female,Data/Reporting Analyst,DOA Department of Aviation,42660.75,430,439,494
5894,43,Male,Fire Sergeant (E),AFR Atlanta Fire & Recuse,47460.52,494,537,268
5895,58,Male,Construction/Maintenance Worker (D),DWM Department of Watershed Management,35668.45,526,468,399
5896,36,Female,Customer Service Manager,APD Atlanta Police Department,55827.62,376,375,24
5897,29,Female,"Customer Service Representative, Sr (D)",DPW Department of Public Works,29900.0,979,868,78
5898,45,Male,Fire Captain (E),AFR Atlanta Fire & Recuse,53344.58,848,709,521
5899,27,Male,Police Officer (E) (F) (O) (B) (S),APD Atlanta Police Department,39919.57,190,806,618
5900,28,Male,Firefighter (E),AFR Atlanta Fire & Recuse,36308.21,142,386,274
5901,39,Female,Police Officer (E) (F) (O) (B) (S),APD Atlanta Police Department,34726.37,80,31,734
5902,49,Male,Firefighter (E),AFR Atlanta Fire & Recuse,60051.81,940,215,230
5903,59,Male,Police Captain (E),APD Atlanta Police Department,83453.01,946,605,677
5904,52,Male,Police Major,APD Atlanta Police Department,107365.0,300,174,658
5905,51,Female,Police Sergeant (E) (F) (O) (B) (S),APD Atlanta Police Department,60934.02,202,718,78
5906,25,Male,Airport Security Representative I (D),DOA Department of Aviation,41000.0,430,761,495
5907,35,Male,Police Officer (E) (F) (O) (B) (S),APD Atlanta Police Department,42762.72,752,366,683
5908,29,Male,Firefighter (E),AFR Atlanta Fire & Recuse,37955.36,516,582,130
5909,46,Female,"Chief Information Officer, Deputy",DIT Department of Information Technology,143000.0,362,253,363
5910,23,Female,Intern,DWM Department of Watershed Management,33280.0,325,50,183
5911,27,Male,Intern,DWM Department of Watershed Management,33280.0,30,550,266
5912,54,Male,Watershed Crew Supervisor (D),DWM Department of Watershed Management,51915.61,530,615,165
5913,31,Male,Firefighter (E),AFR Atlanta Fire & Recuse,35785.83,623,504,290
5914,59,Female,Office Manager,PCD Planning & Community Development,51928.12,622,543,584
5915,56,Male,Facilities Maintenance Crew Supervisor,DOA Department of Aviation,52491.51,826,847,124
5916,28,Male,Parks Worker II (D),"PRC Parks, Recreation, & Cultural Affairs",29497.51,139,795,199
5917,60,Male,"Civil Engineer, Sr",DWM Department of Watershed Management,69714.56,801,278,743
5918,38,Female,Corrections Officer (E),COR Department of Corrections,35462.13,751,522,563
5919,59,Male,"Custodian, Sr (D)",DWM Department of Watershed Management,30333.41,135,20,634
5920,45,Male,Pollution Control Monitor,DWM Department of Watershed Management,46141.61,295,414,503
5921,46,Male,Police Sergeant (E) (F) (O) (B) (S),APD Atlanta Police Department,57719.17,867,939,995
5922,51,Male,Environmental Compliance Manager,DWM Department of Watershed Management,88000.02,365,215,813
5923,45,Female,Controller,DOF Department of Finance,140000.02,624,516,822
5924,38,Male,"Management Analyst, Sr",DWM Department of Watershed Management,60000.1,10,836,952
5925,49,Female,"Public Relations Manager, Sr",DWM Department of Watershed Management,75000.02,934,613,331
5926,31,Female,Police Officer (E) (F) (O) (B) (S),APD Atlanta Police Department,44259.49,173,21,158
5927,59,Male,Parks Supervisor (D),"PRC Parks, Recreation, & Cultural Affairs",34700.02,58,946,20
5928,24,Female,Summer Food Service Coordinator,EXE Executive Offices,40600.14,970,165,238
5929,39,Male,Police Officer (E) (F) (O) (B) (S),APD Atlanta Police Department,53617.62,296,113,626
5930,31,Male,Police Officer (E) (F) (O) (B) (S),APD Atlanta Police Department,41316.7,48,219,554
5931,40,Male,Airport Operations Representative II (D),DOA Department of Aviation,51239.76,256,684,991
5932,31,Male,Police Officer (E) (F) (O) (B) (S),APD Atlanta Police Department,39919.57,462,893,420
5933,29,Male,Firefighter (E),AFR Atlanta Fire & Recuse,37955.36,246,781,683
5934,34,Male,"Plans Review Specialist, Sr",PCD Planning & Community Development,62490.11,518,364,853
5935,34,Male,Police Officer (E) (F) (O) (B) (S),APD Atlanta Police Department,42128.72,407,491,538
5936,53,Male,"Police Officer, Sr (E) (F) (O) (B) (S)",APD Atlanta Police Department,66706.49,731,301,442
5937,42,Male,Police Officer (E) (F) (O) (B) (S),APD Atlanta Police Department,45808.67,990,415,712
5938,30,Female,"Law Clerk, Sr",JDA Municipal Court Operations,65290.72,257,69,488
5939,43,Male,Police Officer (E) (F) (O) (B) (S),APD Atlanta Police Department,42762.72,869,765,654
5940,26,Male,Police Officer (E) (F) (O) (B) (S),APD Atlanta Police Department,42762.72,305,820,545
5941,54,Female,"Pollution Control Monitor, Sr",DWM Department of Watershed Management,48628.53,892,325,764
5942,52,Female,Corrections Officer (E),COR Department of Corrections,44276.54,809,946,590
5943,57,Male,Corrections Lieutenant (E),COR Department of Corrections,63909.04,291,200,135
5944,45,Male,Fire Sergeant (E),AFR Atlanta Fire & Recuse,54462.14,765,167,989
5945,36,Male,Fire Sergeant (E),AFR Atlanta Fire & Recuse,40498.59,793,192,610
5946,38,Male,Vehicle/Equipment Mechanic II,DPW Department of Public Works,39505.96,701,919,925
5947,23,Female,Summer Program Counselor,"PRC Parks, Recreation, & Cultural Affairs",20800.0,670,493,437
5948,44,Female,Intern,DWM Department of Watershed Management,33280.0,82,712,696
5949,29,Male,Environmental Service Worker I (D),DPW Department of Public Works,25588.4,540,886,744
5950,53,Male,Environmental Service Worker I (D),DPW Department of Public Works,25588.4,634,212,504
5951,46,Male,Watershed Crew Supervisor (D),DWM Department of Watershed Management,46807.9,810,637,654
5952,59,Female,CAD Operator,DOA Department of Aviation,58198.36,906,850,980
5953,34,Male,Firefighter (E),AFR Atlanta Fire & Recuse,36854.61,748,881,833
5954,41,Female,"City Attorney, Assistant",LAW Law Department,80000.0,912,133,738
5955,50,Male,Police Captain (E),APD Atlanta Police Department,83453.01,270,150,916
5956,45,Male,Retirement Benefits Advisor,DHR Department of Human Reources,52782.5,841,115,715
5957,42,Male,Fire Command Technician (E),AFR Atlanta Fire & Recuse,45373.19,877,400,703
5958,56,Male,Corrections Captain (E),COR Department of Corrections,53674.42,778,8,87
5959,29,Male,Firefighter (E),AFR Atlanta Fire & Recuse,39129.14,197,74,605
5960,38,Female,"Systems Administrator, Sr",DOF Department of Finance,82000.01,136,474,167
5961,38,Male,Police Officer (E) (F) (O) (B) (S),APD Atlanta Police Department,42762.72,887,874,533
5962,54,Male,"Desk Top Support Technician, Sr",DWM Department of Watershed Management,63540.96,721,949,188
5963,27,Female,Communications Dispatcher (D),APD Atlanta Police Department,35355.65,596,86,958
5964,43,Male,Customer Service Supervisor (D),DWM Department of Watershed Management,44238.96,817,669,912
5965,38,Male,Fleet Manager,DPW Department of Public Works,65000.0,352,383,875
5966,31,Male,Police Officer (E) (F) (O) (B) (S),APD Atlanta Police Department,39327.6,805,914,457
5967,34,Male,Construction Project Manager,DWM Department of Watershed Management,72900.01,215,924,41
5968,32,Male,Police Officer (E) (F) (O) (B) (S),APD Atlanta Police Department,42128.72,204,573,215
5969,62,Male,"Fire Safety Education Specialist, Sr",AFR Atlanta Fire & Recuse,34155.01,132,302,749
5970,64,Male,"Civil Engineer, Sr",DWM Department of Watershed Management,72154.55,111,855,913
5971,26,Male,Firefighter (E),AFR Atlanta Fire & Recuse,35255.25,477,813,783
5972,52,Male,Safety & Training Officer,DWM Department of Watershed Management,53054.1,100,496,199
5973,64,Male,Water Distribution Inspection Supervisor,DWM Department of Watershed Management,50471.97,455,234,696
5974,57,Male,Corrections Officer (E),COR Department of Corrections,36703.26,278,257,616
5975,40,Female,"City Attorney, Assistant Sr",LAW Law Department,96560.01,96,314,828
5976,51,Male,Fire Lieutenant (E),AFR Atlanta Fire & Recuse,64238.78,340,656,721
5977,32,Male,Firefighter (E),AFR Atlanta Fire & Recuse,37955.36,897,815,825
5978,45,Male,Police Officer (E) (F) (O) (B) (S),APD Atlanta Police Department,41316.7,323,186,309
5979,55,Male,Watershed Plant Operator Supervisor (D),DWM Department of Watershed Management,56079.09,19,23,207
5980,55,Female,"Administrative Assistant, Sr",DOA Department of Aviation,37032.9,993,371,738
5981,42,Male,Vehicle/Equipment Mechanic II,DPW Department of Public Works,34700.02,685,506,291
5982,39,Male,Recreation Program Supervisor,"PRC Parks, Recreation, & Cultural Affairs",52000.0,576,303,895
5983,50,Male,Police Sergeant (E) (F) (O) (B) (S),APD Atlanta Police Department,63360.54,367,989,128
5984,29,Female,Vehicle for Hire Enforcement Officer (D),APD Atlanta Police Department,38300.08,230,689,103
5985,47,Female,"Communications Dispatcher, Sr (D)",DOA Department of Aviation,47799.26,743,11,906
5986,51,Male,Parks Supervisor (D),"PRC Parks, Recreation, & Cultural Affairs",39796.66,604,983,683
5987,37,Male,Construction Project Manager,DPW Department of Public Works,65000.0,513,439,771
5988,43,Female,Communications Dispatcher (D),APD Atlanta Police Department,34155.01,685,692,88
5989,53,Female,Corrections Officer (E),COR Department of Corrections,44276.54,704,431,489
5990,42,Female,Streetcar Operator,DPW Department of Public Works,39998.4,469,677,891
5991,39,Male,Communications Manager,EXE Executive Offices,100000.01,963,878,830
5992,54,Female,Office Manager,DPW Department of Public Works,47140.72,957,753,632
5993,59,Male,Investigator Chief,SOL Solicitor Office,91000.0,955,57,69
5994,46,Male,Mayor,EXE Executive Offices,147500.08,40,862,713
5995,59,Male,Cemetery Supervisor,"PRC Parks, Recreation, & Cultural Affairs",50269.13,92,237,396
5996,56,Male,Equipment Operator III (D),DPW Department of Public Works,41398.34,765,699,876
5997,47,Male,"Facilities Maintenance Mechanic, Sr (D)",DOA Department of Aviation,35237.74,895,187,875
5998,37,Male,Firefighter (E),AFR Atlanta Fire & Recuse,32132.8,865,941,325
5999,50,Male,Fire Captain (E),AFR Atlanta Fire & Recuse,69890.91,91,190,711
6000,42,Male,Fire Lieutenant (E),AFR Atlanta Fire & Recuse,49587.33,186,578,358
6001,40,Female,Police Investigator (E) (F) (O),APD Atlanta Police Department,51420.1,449,17,175
6002,45,Male,Police Officer (E) (F) (O) (B) (S),APD Atlanta Police Department,44259.49,757,596,842
6003,31,Male,Environmental Service Worker I (D),DPW Department of Public Works,25461.01,86,800,59
6004,25,Female,"Administrative Assistant, Sr",DPW Department of Public Works,33000.01,60,382,158
6005,35,Female,Office Manager,DWM Department of Watershed Management,42243.53,342,793,293
6006,60,Male,Safety & Training Officer,DWM Department of Watershed Management,48888.15,33,194,39
6007,51,Male,Recreation Operations Assistant,"PRC Parks, Recreation, & Cultural Affairs",25800.01,400,847,7
6008,24,Female,Communications Dispatcher (D),APD Atlanta Police Department,34155.01,915,984,406
6009,25,Female,Crime Scene Technician I (D),APD Atlanta Police Department,31400.01,608,877,804
6010,45,Female,Legal Specialist,SOL Solicitor Office,50800.01,344,554,866
6011,24,Male,Vehicle/Equipment Mechanic II,DPW Department of Public Works,39505.96,988,486,858
6012,52,Male,Firefighter (E),AFR Atlanta Fire & Recuse,40339.3,439,945,136
6013,42,Female,Firefighter (E),AFR Atlanta Fire & Recuse,37955.36,462,119,329
6014,25,Female,Police Officer (E) (F) (O) (B) (S),APD Atlanta Police Department,42128.72,282,51,974
6015,26,Male,Police Officer (E) (F) (O) (B) (S),APD Atlanta Police Department,39919.57,274,509,547
6016,64,Male,Case Manager,JDA Municipal Court Operations,50448.5,858,798,585
6017,39,Male,"Police Officer, Sr (E) (F) (O) (B) (S)",APD Atlanta Police Department,51420.1,542,353,68
6018,30,Male,Vehicle/Equipment Mechanic II,DPW Department of Public Works,34694.4,0,863,393
6019,42,Male,Solid Waste Operator I (D),DPW Department of Public Works,29900.0,714,799,482
6020,44,Female,ATL311 Call Center Representative I,EXE Executive Offices,35521.2,387,775,472
6021,22,Male,Corrections Officer (E),COR Department of Corrections,30081.0,64,939,649
6022,33,Male,Firefighter (E),AFR Atlanta Fire & Recuse,36854.61,39,9,983
6023,52,Male,Communications Electronics Supervisor,APD Atlanta Police Department,55937.44,343,814,251
6024,24,Male,Police Officer (E) (F) (O) (B) (S),APD Atlanta Police Department,39327.6,192,177,448
6025,29,Male,Police Officer (E) (F) (O) (B) (S),APD Atlanta Police Department,42128.72,672,272,302
6026,38,Male,Watershed Plant Operator Supervisor (D),DWM Department of Watershed Management,55800.01,603,593,242
6027,49,Male,ERP Developer,DIT Department of Information Technology,75048.69,294,309,669
6028,47,Male,"Citizen Review Board, Executive Director",CRB Administration,116000.02,339,557,298
6029,58,Male,Watershed Manager II,DWM Department of Watershed Management,84840.02,535,866,434
6030,51,Female,Police Sergeant (E) (F) (O) (B) (S),APD Atlanta Police Department,53347.86,208,626,275
6031,47,Male,Fire Battalion Chief (E),AFR Atlanta Fire & Recuse,87059.28,428,434,992
6032,54,Male,"Tree Trimmer, Sr","PRC Parks, Recreation, & Cultural Affairs",47038.47,2,203,991
6033,57,Male,Solid Waste Route Supervisor (D),DPW Department of Public Works,48381.77,956,122,737
6034,30,Male,Firefighter (E),AFR Atlanta Fire & Recuse,37038.44,264,391,751
6035,49,Female,"Legal Secretary, Sr",LAW Law Department,44712.02,204,393,28
6036,41,Male,Police Sergeant (E) (F) (O) (B) (S),APD Atlanta Police Department,53082.45,716,2,606
6037,50,Male,Police Officer (E) (F) (O) (B) (S),APD Atlanta Police Department,39919.57,93,508,767
6038,33,Male,Solid Waste Operator II (D),DPW Department of Public Works,36503.95,183,916,486
6039,33,Female,Corrections Officer (E),COR Department of Corrections,35456.01,643,923,964
6040,43,Male,Police Officer (E) (F) (O) (B) (S),APD Atlanta Police Department,44259.49,228,364,866
6041,33,Male,Firefighter (E),AFR Atlanta Fire & Recuse,35255.25,833,12,686
6042,35,Male,Vehicle for Hire Supervisor (D),APD Atlanta Police Department,41000.13,476,160,90
6043,24,Male,Police Officer (E) (F) (O) (B) (S),APD Atlanta Police Department,42128.72,276,132,803
6044,56,Male,Construction Project Manager,DWM Department of Watershed Management,72900.01,76,232,11
6045,37,Male,Firefighter (E),AFR Atlanta Fire & Recuse,37955.36,606,617,373
6046,43,Male,Police Investigator (E) (F) (O),APD Atlanta Police Department,55082.56,576,449,178
6047,35,Male,Police Officer (E) (F) (O) (B) (S),APD Atlanta Police Department,41316.7,880,165,859
6048,23,Female,Intern,DPW Department of Public Works,33238.4,922,736,852
6049,65,Female,"Accounting Technician, Sr",DWM Department of Watershed Management,37032.9,722,887,514
6050,50,Male,"Water Distribution Operator, Sr",DWM Department of Watershed Management,42496.06,793,479,330
6051,26,Female,Airport Operations Representative II (D),DOA Department of Aviation,47536.53,847,399,402
6052,48,Female,"Solicitor, Sr Assistant",SOL Solicitor Office,92730.02,842,464,822
6053,65,Male,Legal Program Assistant,PDA Public Defender Administration,40258.01,927,123,89
6054,43,Male,"Traffic Systems Operator, Sr",DPW Department of Public Works,35914.52,40,712,859
6055,45,Female,"Budget Manager, Sr",APD Atlanta Police Department,74580.0,21,725,153
6056,57,Female,"Aquatics Facility Assistant, Sr","PRC Parks, Recreation, & Cultural Affairs",34765.57,613,29,457
6057,49,Male,Fire Section Chief (E),AFR Atlanta Fire & Recuse,81364.0,99,899,964
6058,35,Male,Firefighter (E),AFR Atlanta Fire & Recuse,40339.3,677,585,902
6059,27,Male,Police Officer (E) (F) (O) (B) (S),APD Atlanta Police Department,42128.72,832,273,968
6060,35,Female,Crime Prevention Inspector,APD Atlanta Police Department,39105.4,892,344,254
6061,37,Female,Administrative Assistant,APD Atlanta Police Department,32454.11,688,581,578
6062,52,Male,Firefighter (E),AFR Atlanta Fire & Recuse,44724.92,968,637,609
6063,43,Female,Accountant,DOF Department of Finance,46836.12,92,910,880
6064,33,Male,Corrections Officer (E),COR Department of Corrections,35462.13,321,619,171
6065,52,Female,Administrative Assistant,DWM Department of Watershed Management,36406.22,303,256,78
6066,54,Male,Water Service Representative,DWM Department of Watershed Management,33525.0,558,225,770
6067,40,Male,Police Officer (E) (F) (O) (B) (S),APD Atlanta Police Department,46724.85,943,50,715
6068,50,Male,"Data/Reporting Analyst, Sr",DWM Department of Watershed Management,49245.04,768,369,563
6069,49,Male,Fire Captain (E),AFR Atlanta Fire & Recuse,65243.89,436,102,277
6070,46,Female,Communications Dispatcher (D),APD Atlanta Police Department,38329.1,530,144,329
6071,39,Male,Fire Sergeant (E),AFR Atlanta Fire & Recuse,56368.19,924,311,879
6072,58,Male,"Construction/Maintenance Worker, Sr",DWM Department of Watershed Management,37139.44,777,350,475
6073,42,Male,Management Analyst,DWM Department of Watershed Management,55421.81,348,395,285
6074,39,Male,Fire Sergeant (E),AFR Atlanta Fire & Recuse,57476.1,573,227,450
6075,51,Female,Human Resources Administrator,DHR Department of Human Reources,50000.02,374,75,47
6076,42,Male,Police Officer (E) (F) (O) (B) (S),APD Atlanta Police Department,39919.57,403,963,325
6077,29,Male,Research Technician,APD Atlanta Police Department,33641.16,67,765,199
6078,30,Male,Contract Administrator,DOP Department of Procurement,65000.0,172,608,108
6079,58,Male,Water Reclamation Center Manager,DWM Department of Watershed Management,82707.27,136,150,631
6080,34,Male,Accounting Manager,APD Atlanta Police Department,47536.53,522,398,91
6081,45,Male,Project Manager,EXE Executive Offices,67800.01,158,866,862
6082,61,Male,"HVAC Technician, Sr (D)",DOA Department of Aviation,45952.38,455,806,256
6083,52,Male,Airport Assistant General Manager,DOA Department of Aviation,149999.99,406,489,112
6084,51,Male,Fire Battalion Chief (E),AFR Atlanta Fire & Recuse,86626.12,901,278,151
6085,43,Male,Police Investigator (E) (F) (O),APD Atlanta Police Department,49681.22,72,416,433
6086,44,Male,Police Lieutenant (E) (F) (O) (B) (S),APD Atlanta Police Department,70900.13,680,248,627
6087,35,Male,Police Officer (E) (F) (O) (B) (S),APD Atlanta Police Department,39327.6,780,965,33
6088,47,Male,Police Investigator (E) (F) (O),APD Atlanta Police Department,62582.62,473,16,964
6089,45,Male,Police Officer (E) (F) (O) (B) (S),APD Atlanta Police Department,61814.27,660,97,157
6090,29,Male,Parks Worker I (D),"PRC Parks, Recreation, & Cultural Affairs",25461.01,244,273,616
6091,49,Female,Police Officer (E) (F) (O) (B) (S),APD Atlanta Police Department,42762.72,137,38,814
6092,30,Male,Fire Sergeant (E),AFR Atlanta Fire & Recuse,40435.76,503,213,248
6093,34,Male,Police Sergeant (E) (F) (O) (B) (S),APD Atlanta Police Department,53881.36,93,755,475
6094,43,Male,Desk Top Support Technician,DIT Department of Information Technology,49972.21,46,938,622
6095,31,Male,Firefighter (E),AFR Atlanta Fire & Recuse,35255.25,308,413,652
6096,65,Male,Civil Engineer,DPW Department of Public Works,52000.0,747,646,35
6097,45,Male,Firefighter (E),AFR Atlanta Fire & Recuse,42571.85,81,31,450
6098,36,Male,Police Lieutenant (E) (F) (O) (B) (S),APD Atlanta Police Department,75950.01,579,176,670
6099,32,Female,Police Investigator (E) (F) (O),APD Atlanta Police Department,48001.2,432,951,871
6100,26,Male,Firefighter (E),AFR Atlanta Fire & Recuse,32132.8,392,134,256
6101,53,Male,Electrician (D),DPW Department of Public Works,34155.01,373,430,289
6102,30,Male,Water Meter Reader,DWM Department of Watershed Management,30291.85,356,477,297
6103,55,Female,"Recreation Operations Assistant, Sr","PRC Parks, Recreation, & Cultural Affairs",39894.4,124,757,54
6104,39,Female,Police Validation Supervisor,APD Atlanta Police Department,43540.81,902,394,230
6105,26,Male,Firefighter (E),AFR Atlanta Fire & Recuse,39741.3,27,413,582
6106,26,Female,Police Traffic Control Inspector (D),APD Atlanta Police Department,29034.38,222,254,448
6107,55,Female,Data/Reporting Analyst,DPW Department of Public Works,56664.6,853,671,533
6108,53,Male,Budget Analyst,APD Atlanta Police Department,49578.98,34,420,531
6109,54,Male,Fire Battalion Chief (E),AFR Atlanta Fire & Recuse,84211.51,573,946,293
6110,23,Male,Firefighter (E),AFR Atlanta Fire & Recuse,32132.8,785,491,388
6111,35,Female,Police Officer (E) (F) (O) (B) (S),APD Atlanta Police Department,42762.72,227,727,323
6112,53,Male,Human Resources Program Management Officer,DHR Department of Human Reources,104500.05,668,266,523
6113,31,Male,Corrections Officer (E),COR Department of Corrections,34257.02,175,609,835
6114,41,Male,Police Officer (E) (F) (O) (B) (S),APD Atlanta Police Department,40114.15,21,323,642
6115,48,Male,Facility Project Planner,DOA Department of Aviation,48281.79,193,187,769
6116,48,Male,Server Engineer,DIT Department of Information Technology,84700.01,679,818,320
6117,62,Male,Data/Reporting Analyst,DWM Department of Watershed Management,52578.01,885,978,265
6118,34,Male,Police Officer (E) (F) (O) (B) (S),APD Atlanta Police Department,42762.72,487,448,151
6119,35,Female,Parks Worker I (D),"PRC Parks, Recreation, & Cultural Affairs",25461.01,153,849,502
6120,24,Female,Parks Worker I (D),"PRC Parks, Recreation, & Cultural Affairs",25461.01,208,669,33
6121,44,Male,Police Investigator (E) (F) (O),APD Atlanta Police Department,51420.1,91,445,924
6122,63,Male,Maintenance Mechanic Supervisor,DWM Department of Watershed Management,49646.15,25,916,67
6123,24,Male,Firefighter (E),AFR Atlanta Fire & Recuse,35255.25,337,950,811
6124,46,Male,Firefighter (E),AFR Atlanta Fire & Recuse,35785.83,952,541,612
6125,37,Male,Police Officer (E) (F) (O) (B) (S),APD Atlanta Police Department,44259.49,820,983,646
6126,27,Male,Police Officer (E) (F) (O) (B) (S),APD Atlanta Police Department,39919.57,338,991,725
6127,50,Female,Driver/Courier,DPW Department of Public Works,28038.15,572,320,43
6128,43,Male,Fire Captain (E),AFR Atlanta Fire & Recuse,55279.3,438,16,333
6129,38,Male,Fire Sergeant (E),AFR Atlanta Fire & Recuse,42338.58,21,431,445
6130,39,Female,Warrants Technician I (D),JDA Municipal Court Operations,32499.01,138,763,827
6131,23,Male,Police Officer (E) (F) (O) (B) (S),APD Atlanta Police Department,39327.6,268,829,62
6132,25,Male,Police Officer (E) (F) (O) (B) (S),APD Atlanta Police Department,42128.72,179,442,423
6133,39,Male,Code Enforcement Officer,APD Atlanta Police Department,39640.52,363,878,845
6134,52,Male,Police Lieutenant (E) (F) (O) (B) (S),APD Atlanta Police Department,81359.2,161,974,666
6135,28,Male,Police Officer (E) (F) (O) (B) (S),APD Atlanta Police Department,39919.57,894,550,443
6136,56,Female,Solid Waste Operator III (D),DPW Department of Public Works,50471.97,996,658,69
6137,28,Female,Police Officer (E) (F) (O) (B) (S),APD Atlanta Police Department,42762.72,612,962,674
6138,53,Female,"Solicitor, Sr Assistant",SOL Solicitor Office,92730.02,481,180,79
6139,46,Male,Construction/Maintenance Worker (D),DPW Department of Public Works,27684.58,954,297,328
6140,47,Female,"Custodian, Sr (D)",DPW Department of Public Works,26836.59,854,61,176
6141,67,Male,Bridge Maintenance Coordinator,DPW Department of Public Works,56284.53,896,317,638
6142,47,Male,Fire Battalion Chief (E),AFR Atlanta Fire & Recuse,81364.01,765,313,537
6143,51,Male,Water Quality Control Specialist,DWM Department of Watershed Management,45522.89,229,881,870
6144,49,Female,Legal Specialist,LAW Law Department,52578.05,941,651,90
6145,48,Male,Fire Sergeant (E),AFR Atlanta Fire & Recuse,56368.19,817,328,316
6146,51,Male,Fire Sergeant (E),AFR Atlanta Fire & Recuse,60383.13,243,342,920
6147,62,Male,Solid Waste Operator II (D),DPW Department of Public Works,40472.42,994,423,160
6148,37,Male,Facilities Maintenance Crew Supervisor,DOA Department of Aviation,47931.36,300,298,79
6149,52,Female,Corrections Officer (E),COR Department of Corrections,41339.17,662,677,302
6150,59,Female,Human Resources Assistant,DHR Department of Human Reources,50521.05,385,297,784
6151,48,Male,Fire Captain (E),AFR Atlanta Fire & Recuse,67516.13,105,358,306
6152,21,Female,Office Support Assistant (D),DIT Department of Information Technology,24600.01,259,124,563
6153,42,Female,"Customer Service Representative, Sr (D)",DWM Department of Watershed Management,36358.42,518,103,671
6154,44,Male,Community Facility Manager,"PRC Parks, Recreation, & Cultural Affairs",44337.49,116,748,622
6155,55,Male,Water Service Representative,DWM Department of Watershed Management,46823.62,445,316,71
6156,36,Female,Crime Scene Technician II (D),APD Atlanta Police Department,32499.29,221,217,513
6157,31,Male,Video Integration Center Monitor,DWM Department of Watershed Management,50230.06,553,945,956
6158,50,Female,Investigation Manager,CRB Administration,67956.14,219,379,369
6159,38,Male,Police Investigator (E) (F) (O),APD Atlanta Police Department,48001.2,386,620,977
6160,48,Male,Firefighter (E),AFR Atlanta Fire & Recuse,51323.06,418,933,220
6161,60,Female,HRIS Specialist,DHR Department of Human Reources,41000.0,963,932,769
6162,28,Male,Firefighter (E),AFR Atlanta Fire & Recuse,35785.83,513,233,586
6163,50,Male,Police Officer (E) (F) (O) (B) (S),APD Atlanta Police Department,49071.36,645,747,638
6164,50,Female,Solid Waste Equipment Operator,DPW Department of Public Works,30467.07,398,121,757
6165,58,Female,Environmental Service Worker I (D),DPW Department of Public Works,25588.4,729,385,281
6166,37,Female,"City Attorney, Assistant Sr",LAW Law Department,96560.01,579,230,533
6167,52,Female,Business Process Analyst,DWM Department of Watershed Management,55069.04,728,879,97
6168,53,Female,"Administrative Assistant, Sr",DOA Department of Aviation,43983.43,695,836,652
6169,31,Male,Police Investigator (E) (F) (O),APD Atlanta Police Department,45690.32,100,844,155
6170,33,Female,Utility Call Center Representative (D),DWM Department of Watershed Management,34672.5,339,500,847
6171,26,Male,Environmental Service Worker I (D),DPW Department of Public Works,26700.1,259,800,46
6172,50,Male,"Plant Maintenance Mechanic, Sr (D)",DWM Department of Watershed Management,46807.9,988,729,65
6173,42,Female,"Accountant, Sr",DOF Department of Finance,53265.06,696,155,420
6174,38,Male,"Career Advisor, Sr",PCD Atlanta Workforce Development Agency,48136.61,774,895,720
6175,42,Male,Solid Waste Operator I (D),DPW Department of Public Works,30957.26,377,437,497
6176,55,Male,Fire Battalion Chief (E),AFR Atlanta Fire & Recuse,83792.57,269,801,813
6177,53,Female,"Administrative Assistant, Sr",DOA Department of Aviation,36948.94,72,844,887
6178,56,Male,Intern,DWM Department of Watershed Management,33280.0,987,149,989
6179,61,Male,Watershed Plant Operator Supervisor (D),DWM Department of Watershed Management,60497.61,868,258,191
6180,31,Male,Firefighter (E),AFR Atlanta Fire & Recuse,35255.25,293,852,713
6181,42,Male,Fire Lieutenant (E),AFR Atlanta Fire & Recuse,45826.56,839,783,329
6182,51,Male,Fire Sergeant (E),AFR Atlanta Fire & Recuse,52620.31,34,947,670
6183,49,Male,Fire Lieutenant (E),AFR Atlanta Fire & Recuse,64238.78,148,768,520
6184,29,Male,Police Officer (E) (F) (O) (B) (S),APD Atlanta Police Department,39919.57,64,955,768
6185,30,Female,"Office Support Assistant, Sr (D)",APD Atlanta Police Department,35355.65,885,384,513
6186,44,Female,"Financial Analyst, Sr",DOF Department of Finance,63000.0,558,31,26
6187,55,Female,"Storekeeper, Sr (D)",DWM Department of Watershed Management,35886.1,962,679,150
6188,32,Female,Pension Analyst,DHR Department of Human Reources,53801.76,485,673,123
6189,46,Female,Permit Technician,PCD Planning & Community Development,41205.01,775,46,494
6190,45,Female,"Administrative Assistant, Sr","PRC Parks, Recreation, & Cultural Affairs",35780.61,693,889,840
6191,38,Male,Police Officer (E) (F) (O) (B) (S),APD Atlanta Police Department,42762.72,190,851,537
6192,44,Male,Journeyperson,DWM Department of Watershed Management,51574.8,832,635,161
6193,37,Female,Solid Waste Operator I (D),DPW Department of Public Works,30946.5,361,279,469
6194,54,Male,"Traffic Engineer, Sr",DPW Department of Public Works,60000.01,492,275,129
6195,55,Female,HRIS Specialist,DHR Department of Human Reources,58869.1,116,50,174
6196,40,Female,Management Analyst,DWM Department of Watershed Management,50263.41,251,898,427
6197,63,Female,Human Resources Manager II,DHR Department of Human Reources,82386.7,472,884,246
6198,46,Male,Police Sergeant (E) (F) (O) (B) (S),APD Atlanta Police Department,59739.26,42,62,831
6199,51,Male,Vehicle/Equipment Mechanic II,DPW Department of Public Works,46498.11,36,635,856
6200,32,Female,"Career Advisor, Sr",PCD Atlanta Workforce Development Agency,47610.01,88,908,79
6201,64,Male,Desk Top Support Technician,DWM Department of Watershed Management,51552.59,890,534,657
6202,52,Male,Environmental Service Worker I (D),DPW Department of Public Works,31711.39,794,992,886
6203,63,Male,Construction/Maintenance Worker (D),"PRC Parks, Recreation, & Cultural Affairs",36916.86,68,385,77
6204,37,Male,"Recreation Operations Assistant, Sr","PRC Parks, Recreation, & Cultural Affairs",33684.0,65,891,815
6205,51,Female,Corrections Major (E),COR Department of Corrections,67925.69,654,217,436
6206,41,Male,Police Officer (E) (F) (O) (B) (S),APD Atlanta Police Department,34726.37,740,778,593
6207,33,Male,Seasonal Equipment Operator,"PRC Parks, Recreation, & Cultural Affairs",21320.0,799,349,487
6208,30,Male,Police Officer (E) (F) (O) (B) (S),APD Atlanta Police Department,39919.57,802,433,806
6209,38,Male,"Construction Inspector, Sr",DPW Department of Public Works,50003.2,609,347,219
6210,44,Female,Server Engineer,DIT Department of Information Technology,70567.2,547,325,869
6211,49,Male,Firefighter (E),AFR Atlanta Fire & Recuse,52349.39,656,571,761
6212,46,Male,Vehicle/Equipment Mechanic III,DPW Department of Public Works,51148.39,590,516,930
6213,39,Male,Police Officer (E) (F) (O) (B) (S),APD Atlanta Police Department,42762.72,707,516,136
6214,26,Female,Police Officer (E) (F) (O) (B) (S),APD Atlanta Police Department,34726.37,61,975,911
6215,39,Female,"Project Manager, Sr",EXE Executive Offices,78400.0,947,678,768
6216,33,Female,Communications Dispatcher (D),APD Atlanta Police Department,35780.61,120,56,834
6217,43,Male,Fire Sergeant (E),AFR Atlanta Fire & Recuse,42338.58,929,590,982
6218,28,Female,Police Traffic Control Inspector (D),APD Atlanta Police Department,27100.01,538,609,592
6219,47,Male,Airport Engineer,DOA Department of Aviation,80831.1,836,27,979
6220,58,Male,Solid Waste Route Supervisor (D),DPW Department of Public Works,44153.71,847,839,204
6221,61,Female,Court Clerk (D),JDA Municipal Court Operations,37642.78,554,213,343
6222,53,Male,"Wastewater Collection Operator, Sr (D)",DWM Department of Watershed Management,42733.08,375,859,458
6223,41,Male,Parks Worker III (D),"PRC Parks, Recreation, & Cultural Affairs",32499.01,443,34,65
6224,74,Female,Administrative Assistant,APD Atlanta Police Department,32454.11,589,484,968
6225,52,Male,Aquatics Facility Supervisor,"PRC Parks, Recreation, & Cultural Affairs",50618.57,624,701,361
6226,43,Female,Utility Billing Specialist II,DWM Department of Watershed Management,40966.06,702,893,372
6227,34,Male,Firefighter (E),AFR Atlanta Fire & Recuse,35255.25,797,82,975
6228,50,Male,Communications Dispatcher (D),APD Atlanta Police Department,39670.72,400,690,268
6229,57,Female,"Office Support Assistant, Sr (D)",DPW Department of Public Works,32584.74,95,72,130
6230,42,Male,Fire Lieutenant (E),AFR Atlanta Fire & Recuse,45107.18,104,926,171
6231,31,Male,Police Officer (E) (F) (O) (B) (S),APD Atlanta Police Department,41316.7,290,167,654
6232,23,Male,Police Officer (E) (F) (O) (B) (S),APD Atlanta Police Department,39327.6,339,341,947
6233,49,Male,Police Investigator (E) (F) (O),APD Atlanta Police Department,55082.56,452,963,288
6234,40,Male,Police Officer (E) (F) (O) (B) (S),APD Atlanta Police Department,39919.57,454,2,73
6235,26,Female,Corrections Officer (E),COR Department of Corrections,30081.0,631,238,578
6236,54,Male,Electrician Specialist,DOA Department of Aviation,56407.51,906,557,876
6237,32,Male,Fire Lieutenant (E),AFR Atlanta Fire & Recuse,46784.62,439,786,95
6238,57,Male,Firefighter (E),AFR Atlanta Fire & Recuse,41751.2,308,78,675
6239,28,Male,Police Officer (E) (F) (O) (B) (S),APD Atlanta Police Department,42762.72,295,954,313
6240,41,Female,Fire Lieutenant (E),AFR Atlanta Fire & Recuse,49211.14,263,90,689
6241,48,Male,"Airport Engineer, Sr",DOA Department of Aviation,87305.05,596,998,30
6242,36,Male,Firefighter (E),AFR Atlanta Fire & Recuse,37392.58,595,42,61
6243,38,Male,Police Officer (E) (F) (O) (B) (S),APD Atlanta Police Department,42143.05,433,517,244
6244,53,Male,"Airport Engineer, Associate",DOA Department of Aviation,74679.98,649,537,674
6245,41,Female,Procurement Specialist,DOA Department of Aviation,42161.81,225,107,82
6246,27,Male,Urban Planner II,PCD Planning & Community Development,44000.01,802,322,680
6247,49,Male,"Pollution Control Monitor, Sr",DWM Department of Watershed Management,54418.24,262,567,159
6248,50,Male,Police Officer (E) (F) (O) (B) (S),APD Atlanta Police Department,39327.6,927,800,220
6249,46,Female,Vehicle for Hire Enforcement Officer (D),APD Atlanta Police Department,39894.4,367,711,442
6250,44,Male,"Water Service Representative, Sr",DWM Department of Watershed Management,40775.73,380,668,121
6251,50,Female,Fire Sergeant (E),AFR Atlanta Fire & Recuse,42975.69,122,480,41
6252,30,Male,Firefighter (E),AFR Atlanta Fire & Recuse,37955.36,908,206,562
6253,70,Male,Facilities Maintenance Mechanic (D),"PRC Parks, Recreation, & Cultural Affairs",39324.55,893,62,641
6254,43,Male,Program Management Director,DIT Department of Information Technology,109700.01,319,273,96
6255,47,Male,Watershed Manager I,DWM Department of Watershed Management,74941.05,455,525,677
6256,25,Male,Police Officer (E) (F) (O) (B) (S),APD Atlanta Police Department,39919.57,584,800,772
6257,22,Male,Intern,DWM Department of Watershed Management,33280.0,503,645,275
6258,30,Male,Firefighter (E),AFR Atlanta Fire & Recuse,38290.76,894,442,336
6259,27,Male,Police Officer (E) (F) (O) (B) (S),APD Atlanta Police Department,42128.72,169,655,428
6260,47,Male,Fire Sergeant (E),AFR Atlanta Fire & Recuse,54462.14,275,860,898
6261,36,Male,Firefighter (E),AFR Atlanta Fire & Recuse,35785.83,237,651,132
6262,58,Male,Facility Management Director,DOA Department of Aviation,110000.01,401,300,910
6263,44,Female,Watershed Crew Supervisor (D),DWM Department of Watershed Management,46807.9,616,534,440
6264,64,Female,Vendor Development Manager,DWM Department of Watershed Management,75762.27,158,743,233
6265,46,Female,Communications Dispatcher (D),APD Atlanta Police Department,38329.1,765,927,140
6266,27,Female,Administrative Assistant,"PRC Parks, Recreation, & Cultural Affairs",30834.75,432,774,5
6267,48,Male,Inventory Manager,DPW Department of Public Works,59177.52,506,859,299
6268,59,Male,Judge Special Assistant,JDA Municipal Court Operations,51731.47,794,746,655
6269,21,Male,Firefighter (E),AFR Atlanta Fire & Recuse,32132.8,562,858,135
6270,50,Female,Police Officer (E) (F) (O) (B) (S),APD Atlanta Police Department,49071.36,609,418,322
6271,63,Female,"Pretrial Release Officer, Sr (D)",JDA Municipal Court Operations,38741.79,11,886,895
6272,34,Female,Police Property Management Technician (D),APD Atlanta Police Department,37385.74,338,709,862
6273,35,Female,Police Officer (E) (F) (O) (B) (S),APD Atlanta Police Department,42762.72,126,757,600
6274,61,Female,"IT Manager, Sr",DIT Department of Information Technology,92400.84,713,113,335
6275,51,Male,Police Officer (E) (F) (O) (B) (S),APD Atlanta Police Department,41316.7,207,108,829
6276,32,Male,Parks Worker II (D),"PRC Parks, Recreation, & Cultural Affairs",30534.45,3,384,0
6277,53,Male,Grading Supervisor,"PRC Parks, Recreation, & Cultural Affairs",47894.89,40,225,590
6278,28,Male,"Fire Equipment Service Technician, Sr (D)",AFR Atlanta Fire & Recuse,32060.96,770,717,608
6279,35,Female,Video Integration Monitor PT,APD Atlanta Police Department,40600.04,231,370,875
6280,60,Male,Civil Engineering Manager,DWM Department of Watershed Management,84698.74,981,652,262
6281,30,Female,Communications Dispatcher (D),APD Atlanta Police Department,35780.61,638,156,13
6282,53,Male,Fire Captain (E),AFR Atlanta Fire & Recuse,72337.01,431,534,901
6283,61,Male,"Construction/Maintenance Worker, Sr",DWM Department of Watershed Management,40119.37,770,996,51
6284,39,Male,Construction Project Manager,DPW Department of Public Works,61000.01,462,24,292
6285,22,Female,Intern,DWM Department of Watershed Management,31158.4,58,232,346
6286,40,Female,Warrants Technician I (D),JDA Municipal Court Operations,32498.99,966,602,444
6287,33,Female,Data/Reporting Analyst,DWM Department of Watershed Management,42992.08,351,234,629
6288,58,Male,Fire Lieutenant (E),AFR Atlanta Fire & Recuse,56540.22,247,340,191
6289,52,Male,Solid Waste Equipment Operator,DPW Department of Public Works,36185.34,630,479,753
6290,35,Female,Case Manager,JDA Municipal Court Operations,50448.5,389,84,764
6291,35,Male,Police Sergeant (E) (F) (O) (B) (S),APD Atlanta Police Department,52059.28,892,802,539
6292,63,Male,"City Attorney, Assistant Sr",LAW Law Department,99999.99,470,761,615
6293,36,Male,"Facilities Maintenance Mechanic, Sr (D)",DOA Department of Aviation,35780.61,202,398,178
6294,60,Male,"Airport GM Planning & Development, Assistant Deputy",DOA Department of Aviation,200000.01,617,728,283
6295,42,Female,Legal Specialist,SOL Solicitor Office,50800.01,265,911,942
6296,26,Male,Environmental Service Worker I (D),DPW Department of Public Works,24600.01,671,967,642
6297,35,Male,Police Officer (E) (F) (O) (B) (S),APD Atlanta Police Department,45808.67,838,910,974
6298,32,Male,Police Officer (E) (F) (O) (B) (S),APD Atlanta Police Department,41316.7,681,472,637
6299,29,Female,Recreation Operations Assistant,"PRC Parks, Recreation, & Cultural Affairs",27641.74,413,64,461
6300,38,Female,Grant Services Manager,PCD Atlanta Workforce Development Agency,69410.02,343,5,441
6301,36,Female,Legislative Research & Policy Analyst II,CCN City Council,85000.01,968,42,944
6302,38,Male,Equipment Operator III (D),DPW Department of Public Works,41398.34,418,40,881
6303,33,Female,"Communications Specialist, Sr",EXE Executive Offices,55346.62,241,0,427
6304,48,Male,"Wastewater Collection Operator, Sr (D)",DWM Department of Watershed Management,42959.12,858,971,328
6305,41,Male,Fire Captain (E),AFR Atlanta Fire & Recuse,60905.95,586,786,694
6306,45,Male,"City Council Assistant, Sr",CCN City Council,75000.0,685,655,227
6307,44,Female,Debt Manager,DOF Department of Finance,72480.0,44,485,650
6308,30,Male,Firefighter (E),AFR Atlanta Fire & Recuse,32132.8,462,923,451
6309,41,Female,"Communications Training Coordinator, Assistant (D)",APD Atlanta Police Department,43540.81,822,758,559
6310,49,Female,Water Service Representative,DWM Department of Watershed Management,34672.5,192,919,156
6311,24,Male,Police Officer (E) (F) (O) (B) (S),APD Atlanta Police Department,39327.6,835,659,424
6312,39,Male,Environmental Service Worker I (D),DPW Department of Public Works,24600.01,9,886,676
6313,28,Female,"Administrative Assistant, Sr",DOP Department of Procurement,33000.01,377,339,225
6314,50,Male,Construction/Maintenance Worker (D),DWM Department of Watershed Management,33296.71,602,817,555
6315,50,Female,Custodian (D),"PRC Parks, Recreation, & Cultural Affairs",24918.4,171,890,174
6316,52,Male,Fire Sergeant (E),AFR Atlanta Fire & Recuse,54462.14,839,296,482
6317,39,Male,Video Integration Center Monitor,DWM Department of Watershed Management,44120.0,911,825,691
6318,58,Female,Civil Engineering Manager,DWM Department of Watershed Management,91100.05,483,779,616
6319,29,Female,Vehicle for Hire Enforcement Officer (D),APD Atlanta Police Department,38300.08,370,430,915
6320,33,Male,Firefighter (E),AFR Atlanta Fire & Recuse,35785.83,444,605,22
6321,52,Male,Environmental Service Worker I (D),DPW Department of Public Works,33969.89,563,791,695
6322,44,Female,"Corrections Officer, Sr (E)",COR Department of Corrections,42341.69,622,56,23
6323,57,Female,ATL311 Call Center Representative I,EXE Executive Offices,37569.59,32,962,246
6324,29,Male,Firefighter (E),AFR Atlanta Fire & Recuse,35255.25,236,450,586
6325,46,Female,Watershed Manager II,DWM Department of Watershed Management,79600.33,938,820,497
6326,27,Male,Parks Worker II (D),"PRC Parks, Recreation, & Cultural Affairs",29497.51,253,372,723
6327,45,Female,Police Sergeant (E) (F) (O) (B) (S),APD Atlanta Police Department,57719.17,763,82,556
6328,35,Male,Police Sergeant (E) (F) (O) (B) (S),APD Atlanta Police Department,53881.36,664,514,385
6329,49,Male,Fire Captain (E),AFR Atlanta Fire & Recuse,72337.01,68,991,884
6330,45,Male,Airport Assistant Manager,DOA Department of Aviation,68357.85,110,353,349
6331,58,Male,"Communications Electronics Technician, Sr (D)",APD Atlanta Police Department,47344.38,4,877,382
6332,34,Male,Firefighter (E),AFR Atlanta Fire & Recuse,37955.36,624,823,872
6333,26,Male,Business Systems Analyst,JDA Municipal Court Operations,62000.02,638,401,993
6334,37,Male,Watershed Manager I,DWM Department of Watershed Management,72500.0,798,591,669
6335,47,Male,Fire Sergeant (E),AFR Atlanta Fire & Recuse,47460.52,792,320,830
6336,52,Male,"Construction Inspector, Sr",DWM Department of Watershed Management,48888.15,167,217,275
6337,40,Male,Chief Information Officer,DIT Department of Information Technology,221000.0,969,908,393
6338,37,Male,Police Officer (E) (F) (O) (B) (S),APD Atlanta Police Department,44259.49,360,746,984
6339,29,Male,Police Officer (E) (F) (O) (B) (S),APD Atlanta Police Department,42762.72,122,680,872
6340,36,Male,Police Officer (E) (F) (O) (B) (S),APD Atlanta Police Department,42128.72,808,761,586
6341,45,Male,"Water Service Representative, Sr",DWM Department of Watershed Management,40775.73,929,199,378
6342,32,Male,Police Officer (E) (F) (O) (B) (S),APD Atlanta Police Department,42762.72,190,44,64
6343,24,Male,Portfolio Manager,EXE Executive Offices,52000.0,133,222,368
6344,38,Male,Police Investigator (E) (F) (O),APD Atlanta Police Department,44250.25,449,925,355
6345,33,Male,Community Facility Manager,"PRC Parks, Recreation, & Cultural Affairs",41000.0,865,513,745
6346,34,Female,"Administrative Assistant, Sr",LAW Law Department,42959.12,356,579,560
6347,59,Male,"Corrections Investigator, Sr",COR Department of Corrections,50900.39,745,205,734
6348,36,Male,Firefighter (E),AFR Atlanta Fire & Recuse,32132.8,358,256,862
6349,52,Female,"Legal Program Assistant, Sr",SOL Solicitor Office,51733.32,964,172,576
6350,24,Male,Police Officer (E) (F) (O) (B) (S),APD Atlanta Police Department,39327.6,211,707,719
6351,36,Male,Police Officer (E) (F) (O) (B) (S),APD Atlanta Police Department,34726.37,908,949,659
6352,26,Male,Firefighter (E),AFR Atlanta Fire & Recuse,32132.8,356,461,473
6353,30,Male,Police Officer (E) (F) (O) (B) (S),APD Atlanta Police Department,34726.37,625,565,923
6354,46,Male,"Process Control Technician, Sr (D)",DWM Department of Watershed Management,53820.0,71,38,345
6355,47,Male,Traffic Service Technician,DPW Department of Public Works,28035.05,243,801,386
6356,56,Female,"Data/Reporting Analyst, Sr",DWM Department of Watershed Management,60100.12,706,834,78
6357,25,Male,Firefighter (E),AFR Atlanta Fire & Recuse,35785.83,726,175,287
6358,64,Male,Construction/Maintenance Worker I (D),EXE Executive Offices,25800.01,966,786,658
6359,26,Male,Police Officer (E) (F) (O) (B) (S),APD Atlanta Police Department,41316.7,928,979,14
6360,56,Male,Communications Dispatcher Supervisor (D),APD Atlanta Police Department,56230.06,809,219,408
6361,28,Male,Police Officer (E) (F) (O) (B) (S),APD Atlanta Police Department,40717.96,503,490,718
6362,52,Male,Police Sergeant (E) (F) (O) (B) (S),APD Atlanta Police Department,67535.69,412,894,340
6363,52,Male,IT Manager,DWM Department of Watershed Management,67993.54,154,366,631
6364,35,Female,Project Manager,EXE Executive Offices,77000.02,598,423,4
6365,49,Male,"Business Systems Analyst, Sr",DIT Department of Information Technology,65653.47,962,16,246
6366,38,Male,Fire Sergeant (E),AFR Atlanta Fire & Recuse,45855.71,199,477,345
6367,24,Male,Police Officer (E) (F) (O) (B) (S),APD Atlanta Police Department,39919.57,57,322,401
6368,30,Female,Police Officer (E) (F) (O) (B) (S),APD Atlanta Police Department,42128.72,304,432,580
6369,33,Female,Crime Scene Technician II (D),APD Atlanta Police Department,34155.01,677,231,812
6370,21,Male,Firefighter (E),AFR Atlanta Fire & Recuse,35255.25,462,765,721
6371,51,Female,Corrections Officer (E),COR Department of Corrections,41339.17,917,78,9
6372,55,Female,Communications Dispatcher (D),APD Atlanta Police Department,42496.06,248,450,485
6373,37,Male,Police Officer (E) (F) (O) (B) (S),APD Atlanta Police Department,44259.49,117,683,782
6374,57,Male,Process Control Engineer,DWM Department of Watershed Management,67274.17,757,35,551
6375,45,Female,Corrections Captain (E),COR Department of Corrections,55545.15,228,67,569
6376,49,Female,Contracts Compliance Specialist,EXE Executive Offices,51062.67,92,292,498
6377,54,Female,"Police Officer, Sr (E) (F) (O) (B) (S)",APD Atlanta Police Department,64772.86,84,783,352
6378,32,Male,Firefighter (E),AFR Atlanta Fire & Recuse,37392.58,176,100,985
6379,50,Male,Fire Sergeant (E),AFR Atlanta Fire & Recuse,56368.19,695,79,465
6380,62,Male,"Laboratory Technician, Sr (D)",DWM Department of Watershed Management,41059.06,103,122,975
6381,65,Male,"Process Control Technician, Sr (D)",DWM Department of Watershed Management,48954.03,37,701,55
6382,53,Female,"Office Support Assistant, Sr (D)",COR Department of Corrections,25800.01,61,52,739
6383,39,Male,Police Officer (E) (F) (O) (B) (S),APD Atlanta Police Department,48359.96,86,263,526
6384,36,Male,"Facilities Maintenance Mechanic, Sr (D)",DOA Department of Aviation,35062.4,998,806,101
6385,37,Male,Assistant Attorney,ETH Ethics Administration,63200.01,190,194,339
6386,54,Female,"Water Service Representative, Sr",DWM Department of Watershed Management,39994.27,626,584,662
6387,58,Male,"Landscape Architect, Sr",DOA Department of Aviation,47707.34,942,945,936
6388,26,Female,Police Officer (E) (F) (O) (B) (S),APD Atlanta Police Department,34726.37,898,427,539
6389,63,Male,Contracts Compliance Specialist,EXE Executive Offices,57684.92,801,597,332
6390,42,Female,Corrections Officer (E),COR Department of Corrections,35462.13,494,456,655
6391,28,Male,Police Officer (E) (F) (O) (B) (S),APD Atlanta Police Department,42762.72,791,207,232
6392,49,Female,"Airport Planner, Sr",DOA Department of Aviation,66300.0,399,687,793
6393,29,Female,Police Officer (E) (F) (O) (B) (S),APD Atlanta Police Department,42762.72,70,737,507
6394,26,Male,Police Officer (E) (F) (O) (B) (S),APD Atlanta Police Department,42128.72,175,112,724
6395,48,Male,Police Investigator (E) (F) (O),APD Atlanta Police Department,58130.84,282,204,634
6396,46,Female,HRIS Specialist,DHR Department of Human Reources,44620.87,784,284,652
6397,49,Male,"Programmer Analyst, Sr",DWM Department of Watershed Management,51239.76,131,497,683
6398,39,Female,Administrative Assistant,APD Atlanta Police Department,30946.5,626,759,8
6399,34,Male,Desk Top Support Technician,DIT Department of Information Technology,54080.0,821,10,284
6400,39,Male,Watershed Inspector,DWM Department of Watershed Management,38486.47,930,118,919
6401,69,Male,Environmental Compliance Officer,DWM Department of Watershed Management,44207.53,159,58,610
6402,56,Female,"Administrative Assistant, Sr",EXE Executive Offices,43056.0,717,392,892
6403,58,Female,"Customer Service Representative, Sr (D)",DWM Department of Watershed Management,32454.11,558,513,539
6404,49,Male,Watershed Plant Operator Class I (D),DWM Department of Watershed Management,51054.02,612,339,549
6405,41,Male,Parks Worker I (D),"PRC Parks, Recreation, & Cultural Affairs",26699.89,418,740,388
6406,26,Male,Firefighter (E),AFR Atlanta Fire & Recuse,32132.8,438,495,346
6407,48,Male,Police Investigator (E) (F) (O),APD Atlanta Police Department,62582.62,268,693,812
6408,56,Male,Project Manager,DWM Department of Watershed Management,69000.01,867,711,403
6409,36,Male,Firefighter (E),AFR Atlanta Fire & Recuse,37955.36,54,222,621
6410,35,Male,Police Sergeant (E) (F) (O) (B) (S),APD Atlanta Police Department,53881.36,79,190,686
6411,61,Female,Executive Assistant,DIT Department of Information Technology,49683.5,743,219,445
6412,25,Female,Police Officer (E) (F) (O) (B) (S),APD Atlanta Police Department,42128.72,703,465,260
6413,45,Male,Police Major,APD Atlanta Police Department,102365.27,990,90,61
6414,74,Male,"Psychological Services Specialist, Sr",DHR Department of Human Reources,93600.0,645,90,228
6415,39,Male,Police Lieutenant (E) (F) (O) (B) (S),APD Atlanta Police Department,75950.06,88,661,201
6416,44,Male,Police Officer (E) (F) (O) (B) (S),APD Atlanta Police Department,52566.18,142,146,608
6417,42,Male,Police Officer (E) (F) (O) (B) (S),APD Atlanta Police Department,49071.36,273,317,391
6418,39,Male,Police Sergeant (E) (F) (O) (B) (S),APD Atlanta Police Department,55767.3,273,464,238
6419,35,Female,Police Officer (E) (F) (O) (B) (S),APD Atlanta Police Department,42762.72,840,801,626
6420,50,Male,"Police Officer, Sr (E) (F) (O) (B) (S)",APD Atlanta Police Department,62582.62,207,728,320
6421,69,Male,"Civil Engineer, Sr",DWM Department of Watershed Management,58993.79,91,960,88
6422,53,Male,Police Investigator (E) (F) (O),APD Atlanta Police Department,64772.86,354,386,931
6423,44,Female,Construction Project Manager,DWM Department of Watershed Management,72336.01,838,46,276
6424,24,Male,Firefighter (E),AFR Atlanta Fire & Recuse,32132.8,636,103,55
6425,31,Male,IT/Compliance Audit Manager,AUD Audit Administration,102690.99,531,108,54
6426,48,Male,Fire Sergeant (E),AFR Atlanta Fire & Recuse,56368.19,85,910,121
6427,61,Male,Construction Inspector,DPW Department of Public Works,33000.03,450,891,209
6428,52,Male,Fire Captain (E),AFR Atlanta Fire & Recuse,69891.06,757,198,54
6429,48,Female,"Police Officer, Sr (E) (F) (O) (B) (S)",APD Atlanta Police Department,62582.62,151,115,11
6430,36,Male,Police Sergeant (E) (F) (O) (B) (S),APD Atlanta Police Department,53881.36,186,157,383
6431,28,Female,Project Manager,EXE Executive Offices,59999.99,520,444,150
6432,47,Female,TV Production Coordinator,EXE Executive Offices,51750.0,954,797,714
6433,30,Male,Airport Operations Representative II (D),DOA Department of Aviation,47300.28,364,401,104
6434,36,Male,Airport Security Representative II (D),DOA Department of Aviation,47300.01,45,433,523
6435,57,Female,"Storekeeper, Sr (D)",DWM Department of Watershed Management,35886.1,391,740,81
6436,55,Male,"Desk Top Support Technician, Sr",DIT Department of Information Technology,61075.64,714,83,542
6437,46,Female,"Customer Service Representative, Sr (D)",APD Atlanta Police Department,35780.61,769,519,17
6438,31,Male,"Recreation Operations Assistant, Sr","PRC Parks, Recreation, & Cultural Affairs",30946.5,608,267,970
6439,45,Female,"Pollution Control Monitor, Sr",DWM Department of Watershed Management,46911.88,151,730,374
6440,47,Female,Police Investigator (E) (F) (O),APD Atlanta Police Department,53219.71,791,787,879
6441,42,Male,"Construction/Maintenance Worker, Sr",DWM Department of Watershed Management,38295.02,3,863,140
6442,51,Female,Systems Administrator,CCN City Council,59900.01,761,855,541
6443,49,Male,"Police Officer, Sr (E) (F) (O) (B) (S)",APD Atlanta Police Department,55082.56,81,677,97
6444,40,Male,Watershed Crew Supervisor (D),DWM Department of Watershed Management,51488.69,492,986,659
6445,46,Male,Solid Waste Operator III (D),DPW Department of Public Works,40348.21,670,620,43
6446,48,Female,IT Manager,DOA Department of Aviation,67396.99,832,177,745
6447,65,Male,"Water Distribution Operator, Sr",DWM Department of Watershed Management,42735.88,569,810,197
6448,49,Male,Fire Sergeant (E),AFR Atlanta Fire & Recuse,38641.27,797,153,656
6449,51,Male,Contracts Compliance Director,EXE Executive Offices,108900.0,885,295,359
6450,48,Male,Environmental Service Worker I (D),DPW Department of Public Works,26700.1,831,484,43
6451,27,Female,ATL311 Call Center Representative I,EXE Executive Offices,35521.2,71,839,266
6452,26,Female,Police Officer (E) (F) (O) (B) (S),APD Atlanta Police Department,42762.72,503,723,453
6453,33,Male,Firefighter (E),AFR Atlanta Fire & Recuse,41132.23,805,837,489
6454,47,Male,"Airport Engineer, Assistant",DOA Department of Aviation,55405.17,823,979,74
6455,53,Male,Police Investigator (E) (F) (O),APD Atlanta Police Department,64772.86,991,759,40
6456,41,Male,Fire Sergeant (E),AFR Atlanta Fire & Recuse,41686.43,176,194,775
6457,30,Male,Environmental Service Worker I (D),DPW Department of Public Works,24600.01,277,617,497
6458,29,Male,Police Officer (E) (F) (O) (B) (S),APD Atlanta Police Department,39327.6,790,152,97
6459,41,Male,Fire Sergeant (E),AFR Atlanta Fire & Recuse,47460.52,457,852,37
6460,59,Male,Facilities Maintenance Mechanic (D),EXE Executive Offices,38017.37,663,315,679
6461,29,Female,Police Officer (E) (F) (O) (B) (S),APD Atlanta Police Department,42762.72,607,475,787
6462,54,Male,Corrections Officer (E),COR Department of Corrections,48684.48,582,719,42
6463,59,Male,Safety Manager,"PRC Parks, Recreation, & Cultural Affairs",53581.01,442,740,650
6464,32,Male,Firefighter (E),AFR Atlanta Fire & Recuse,35255.25,448,967,207
6465,50,Female,Revenue Collection Supervisor,COR Department of Corrections,41138.5,440,456,740
6466,57,Female,"Construction/Maintenance Worker, Sr",DWM Department of Watershed Management,41345.41,618,890,860
6467,60,Male,"Facilities Maintenance Mechanic, Sr (D)",DOA Department of Aviation,44025.84,288,193,375
6468,45,Male,Fire Section Chief (E),AFR Atlanta Fire & Recuse,83792.57,785,330,394
6469,48,Female,Watershed Inspector,DWM Department of Watershed Management,39580.73,453,56,980
6470,34,Male,Police Officer (E) (F) (O) (B) (S),APD Atlanta Police Department,44259.49,586,941,733
6471,54,Female,Benefits Analyst,DHR Department of Human Reources,53289.35,203,194,232
6472,32,Male,Police Officer (E) (F) (O) (B) (S),APD Atlanta Police Department,42762.72,24,75,842
6473,49,Female,Human Resources Manager I,DHR Department of Human Reources,63100.0,766,653,518
6474,43,Male,Fire Captain (E),AFR Atlanta Fire & Recuse,63037.71,735,219,183
6475,44,Male,Police Investigator (E) (F) (O),APD Atlanta Police Department,44145.23,674,879,984
6476,57,Female,"Accounting Manager, Sr",DOF Department of Finance,71656.37,137,338,135
6477,58,Male,"Recreation Operations Assistant, Sr","PRC Parks, Recreation, & Cultural Affairs",33589.92,686,529,28
6478,52,Male,Intern,DWM Department of Watershed Management,33280.0,293,750,388
6479,40,Female,Firefighter (E),AFR Atlanta Fire & Recuse,32132.8,1,133,773
6480,48,Female,Watershed Plant Operator Class I (D),DWM Department of Watershed Management,46807.9,366,981,293
6481,49,Male,Police Officer (E) (F) (O) (B) (S),APD Atlanta Police Department,42762.72,635,584,249
6482,43,Female,"Ethics Officer, Associate",ETH Ethics Administration,104439.36,844,236,304
6483,47,Male,Police Lieutenant (E) (F) (O) (B) (S),APD Atlanta Police Department,70900.13,165,529,462
6484,26,Male,Firefighter (E),AFR Atlanta Fire & Recuse,35255.25,857,517,369
6485,51,Male,Watershed Operations Coordinator,DWM Department of Watershed Management,58819.7,893,349,881
6486,63,Male,Civil Engineering Manager,DWM Department of Watershed Management,74824.01,825,936,518
6487,43,Male,Airport Operations Representative II (D),DOA Department of Aviation,60042.2,462,349,576
6488,27,Male,Firefighter (E),AFR Atlanta Fire & Recuse,35785.83,990,899,990
6489,55,Male,Project Manager,DWM Department of Watershed Management,70000.01,310,423,484
6490,29,Male,Police Officer (E) (F) (O) (B) (S),APD Atlanta Police Department,41316.7,425,74,36
6491,34,Male,Police Officer (E) (F) (O) (B) (S),APD Atlanta Police Department,45808.67,341,462,427
6492,37,Male,Police Officer (E) (F) (O) (B) (S),APD Atlanta Police Department,41316.7,173,371,642
6493,46,Female,Warrants Technician I (D),APD Atlanta Police Department,32499.01,144,736,860
6494,41,Female,"Career Advisor, Sr",PCD Atlanta Workforce Development Agency,43056.0,929,182,912
6495,32,Male,Firefighter (E),AFR Atlanta Fire & Recuse,36854.61,849,475,490
6496,34,Male,Recreation Operations Assistant,"PRC Parks, Recreation, & Cultural Affairs",26703.01,139,483,463
6497,43,Female,Human Resources Manager II,DHR Department of Human Reources,74941.01,652,420,913
6498,30,Male,Police Officer (E) (F) (O) (B) (S),APD Atlanta Police Department,35249.34,688,203,161
6499,25,Male,Police Officer (E) (F) (O) (B) (S),APD Atlanta Police Department,34726.37,938,113,424
6500,50,Male,Police Officer (E) (F) (O) (B) (S),APD Atlanta Police Department,42762.72,663,374,713
6501,53,Female,Chief Counsel,LAW Law Department,116880.0,254,729,764
6502,64,Female,Human Resources Director I,DHR Department of Human Reources,78400.0,961,268,787
6503,25,Male,Police Officer (E) (F) (O) (B) (S),APD Atlanta Police Department,42128.72,627,494,727
6504,36,Male,Firefighter (E),AFR Atlanta Fire & Recuse,35785.83,23,649,694
6505,44,Male,Fire Sergeant (E),AFR Atlanta Fire & Recuse,44304.9,73,736,752
6506,59,Male,"Field Engineer, Sr",DWM Department of Watershed Management,49245.04,67,557,707
6507,46,Female,Administrative Assistant,DOA Department of Aviation,38545.24,572,918,913
6508,46,Female,Process Control Engineer,DWM Department of Watershed Management,67357.06,32,195,701
6509,41,Male,"Police Officer, Sr (E) (F) (O) (B) (S)",APD Atlanta Police Department,46377.97,454,451,201
6510,27,Female,Police Officer (E) (F) (O) (B) (S),APD Atlanta Police Department,34726.37,109,724,746
6511,53,Male,Fire Sergeant (E),AFR Atlanta Fire & Recuse,50841.31,648,384,292
6512,38,Male,Police Officer (E) (F) (O) (B) (S),APD Atlanta Police Department,41316.7,550,626,536
6513,31,Female,Police Officer (E) (F) (O) (B) (S),APD Atlanta Police Department,42762.72,401,797,634
6514,25,Female,Watershed Trainee (D),DWM Department of Watershed Management,35189.99,651,234,948
6515,43,Female,Equipment Operator III (D),DPW Department of Public Works,41600.0,3,651,799
6516,53,Male,Security Specialist,DWM Department of Watershed Management,41300.0,102,393,462
6517,51,Male,Police Major,APD Atlanta Police Department,102365.27,81,475,116
6518,29,Male,Police Officer (E) (F) (O) (B) (S),APD Atlanta Police Department,42762.72,729,891,167
6519,28,Male,Communications Dispatcher (D),APD Atlanta Police Department,33000.01,282,347,835
6520,43,Male,Solid Waste Operator I (D),DPW Department of Public Works,33924.25,224,52,561
6521,54,Male,Audit Manager,DWM Department of Watershed Management,93380.48,172,289,366
6522,44,Female,Police Sergeant (E) (F) (O) (B) (S),APD Atlanta Police Department,55767.3,902,313,604
6523,47,Male,Facilities Maintenance Mechanic (D),DOA Department of Aviation,32055.84,343,753,885
6524,22,Female,"Office Support Assistant, Sr (D)",DPW Department of Public Works,28038.15,189,180,436
6525,51,Male,Police Lieutenant (E) (F) (O) (B) (S),APD Atlanta Police Department,81359.2,188,386,311
6526,44,Male,ERP Developer,DIT Department of Information Technology,85249.68,57,94,610
6527,50,Male,Police Lieutenant (E) (F) (O) (B) (S),APD Atlanta Police Department,70900.13,367,296,119
6528,30,Male,Firefighter (E),AFR Atlanta Fire & Recuse,35255.25,699,733,991
6529,61,Male,Water Reclamation Center Manager,DWM Department of Watershed Management,80831.87,704,106,631
6530,37,Male,Police Officer (E) (F) (O) (B) (S),APD Atlanta Police Department,42128.72,601,287,304
6531,27,Female,Police Officer (E) (F) (O) (B) (S),APD Atlanta Police Department,42762.72,161,463,835
6532,58,Male,Custodian (D),EXE Executive Offices,29279.83,986,593,694
6533,28,Male,Firefighter (E),AFR Atlanta Fire & Recuse,37392.58,494,245,967
6534,54,Male,Environmental Service Worker I (D),DPW Department of Public Works,26700.1,220,546,379
6535,54,Male,Financial Manager,DOF Department of Finance,68000.0,666,131,864
6536,27,Female,Environmental Service Worker I (D),DPW Department of Public Works,24600.01,655,625,711
6537,29,Male,Court Administrator,JDA Municipal Court Operations,128560.02,808,333,442
6538,63,Female,City Council Member,CCN City Council,60300.01,895,311,361
6539,38,Male,Police Investigator (E) (F) (O),APD Atlanta Police Department,49681.22,908,21,190
6540,42,Male,Fire Sergeant (E),AFR Atlanta Fire & Recuse,44479.91,650,846,972
6541,51,Male,Police Officer (E) (F) (O) (B) (S),APD Atlanta Police Department,58281.18,623,119,77
6542,54,Female,Police Captain (E),APD Atlanta Police Department,83453.01,94,273,525
6543,43,Female,"City Attorney, Assistant Sr",LAW Law Department,96560.01,13,332,970
6544,35,Female,Communications Dispatcher (D),APD Atlanta Police Department,34325.75,406,41,868
6545,35,Male,Fire Sergeant (E),AFR Atlanta Fire & Recuse,41686.43,322,620,582
6546,54,Male,Facilities Maintenance Crew Supervisor,DOA Department of Aviation,53901.38,468,742,728
6547,34,Male,Community Facility Manager,"PRC Parks, Recreation, & Cultural Affairs",41000.0,846,619,731
6548,28,Male,Police Officer (E) (F) (O) (B) (S),APD Atlanta Police Department,39919.57,151,24,765
6549,50,Male,"Communications Specialist, Sr",DWM Department of Watershed Management,36608.0,288,608,231
6550,65,Female,Executive Assistant,DOF Department of Finance,68766.78,474,959,928
6551,35,Male,Video Integration Monitor PT,APD Atlanta Police Department,40600.04,460,691,465
6552,35,Male,GIS Analyst,DWM Department of Watershed Management,67800.01,378,628,960
6553,32,Male,ATL 311 Call Center Supervisor,EXE Executive Offices,55000.0,904,609,758
6554,53,Male,Facility Project Planner,DOA Department of Aviation,48282.0,79,231,205
6555,48,Female,Police Deputy Chief,APD Atlanta Police Department,112320.0,800,591,952
6556,26,Male,Police Officer (E) (F) (O) (B) (S),APD Atlanta Police Department,40704.08,711,424,601
6557,31,Male,Facilities Maintenance Mechanic (D),DOA Department of Aviation,30957.26,453,143,809
6558,47,Female,Corrections Officer (E),COR Department of Corrections,39869.86,569,403,807
6559,29,Male,Police Officer (E) (F) (O) (B) (S),APD Atlanta Police Department,40704.08,785,185,735
6560,47,Male,"Corrections Officer, Sr (E)",COR Department of Corrections,38721.9,264,209,735
6561,70,Male,"Chemist, Sr",DWM Department of Watershed Management,62403.64,49,928,231
6562,39,Male,"Plans Review Specialist, Sr",PCD Planning & Community Development,63000.02,105,38,116
6563,47,Female,ATL 311 Call Center Trainer,EXE Executive Offices,55000.0,764,956,899
6564,47,Male,Civil Engineering Manager,DWM Department of Watershed Management,73400.02,827,638,381
6565,28,Male,Firefighter (E),AFR Atlanta Fire & Recuse,41868.27,256,136,82
6566,56,Male,"Process Control Technician, Sr (D)",DWM Department of Watershed Management,49576.51,294,796,182
6567,59,Male,City Council Member,CCN City Council,60300.01,339,373,206
6568,59,Male,Plant Maintenance Mechanic (D),DWM Department of Watershed Management,43987.52,819,614,149
6569,24,Female,Recreation Operations Assistant,"PRC Parks, Recreation, & Cultural Affairs",25800.01,37,811,469
6570,43,Male,Solid Waste Operator I (D),DPW Department of Public Works,30957.26,178,627,402
6571,49,Female,License Permit Inspector (D),APD Atlanta Police Department,38329.1,99,821,837
6572,54,Male,Firefighter (E),AFR Atlanta Fire & Recuse,41751.2,774,308,142
6573,49,Male,Police Officer (E) (F) (O) (B) (S),APD Atlanta Police Department,58281.18,996,259,636
6574,25,Male,Police Officer (E) (F) (O) (B) (S),APD Atlanta Police Department,39327.6,626,108,701
6575,41,Female,Utility Billing Specialist II,DWM Department of Watershed Management,39670.72,670,629,83
6576,41,Female,Code Enforcement Officer,APD Atlanta Police Department,39640.52,49,204,412
6577,63,Female,Watershed Plant Operator Class I (D),DWM Department of Watershed Management,49267.13,480,645,630
6578,34,Female,Cultural Affairs Project Supervisor,EXE Executive Offices,39817.48,566,629,695
6579,34,Male,Police Investigator (E) (F) (O),APD Atlanta Police Department,46377.97,71,227,809
6580,49,Female,"Human Resources Representative, Sr",DHR Department of Human Reources,65832.0,316,154,829
6581,33,Male,Police Officer (E) (F) (O) (B) (S),APD Atlanta Police Department,45808.67,540,109,696
6582,58,Male,Safety & Security Manager,"PRC Parks, Recreation, & Cultural Affairs",78880.01,325,796,561
6583,60,Female,"City Council Assistant, Sr",CCN City Council,42952.0,845,330,242
6584,53,Male,Vehicle/Equipment Mechanic III,DPW Department of Public Works,54276.18,52,149,592
6585,28,Male,"Database Administrator, Sr",DIT Department of Information Technology,89000.1,405,953,760
6586,39,Male,Police Officer (E) (F) (O) (B) (S),APD Atlanta Police Department,53617.62,62,406,358
6587,46,Male,Police Officer (E) (F) (O) (B) (S),APD Atlanta Police Department,39919.57,211,14,691
6588,50,Female,Accounting Technical Specialist,DOF Department of Finance,40736.14,317,488,84
6589,50,Male,Fire Captain (E),AFR Atlanta Fire & Recuse,65243.89,295,906,684
6590,45,Female,Security Specialist,DWM Department of Watershed Management,41300.0,950,142,733
6591,27,Male,Assistant Attorney,PDA Public Defender Administration,58800.02,576,753,937
6592,31,Male,Environmental Service Worker I (D),DPW Department of Public Works,24600.01,831,871,441
6593,29,Female,Police Officer (E) (F) (O) (B) (S),APD Atlanta Police Department,42762.72,876,914,752
6594,32,Male,Airport Security Representative II (D),DOA Department of Aviation,47300.01,856,782,319
6595,51,Female,Financial & Accounting Director,PCD Atlanta Workforce Development Agency,95000.05,518,663,0
6596,57,Female,Solid Waste Route Supervisor (SWEET),DPW Department of Public Works,44153.71,933,664,67
6597,53,Male,Fire Deputy Chief,AFR Atlanta Fire & Recuse,115629.95,445,455,648
6598,34,Female,"Administrative Assistant, Sr",DOA Department of Aviation,41400.0,874,800,430
6599,40,Female,Human Resources Representative,DHR Department of Human Reources,41218.15,464,82,413
6600,24,Male,Police Officer (E) (F) (O) (B) (S),APD Atlanta Police Department,39919.57,734,349,33
6601,43,Male,Fleet Parts Supervisor,DPW Department of Public Works,48830.87,421,643,194
6602,51,Male,Fire Lieutenant (E),AFR Atlanta Fire & Recuse,56540.17,688,648,117
6603,37,Female,Police Officer (E) (F) (O) (B) (S),APD Atlanta Police Department,45808.67,137,110,176
6604,38,Male,Water Utility Development Director,DWM Department of Watershed Management,83000.01,713,694,249
6605,39,Male,Fire Sergeant (E),AFR Atlanta Fire & Recuse,42975.69,872,154,35
6606,63,Female,Talent Acquisition Director,DHR Department of Human Reources,105000.0,64,589,940
6607,39,Male,Firefighter (E),AFR Atlanta Fire & Recuse,44724.92,606,719,923
6608,28,Male,Firefighter (E),AFR Atlanta Fire & Recuse,35785.83,413,778,71
6609,60,Male,Watershed Crew Supervisor (D),DWM Department of Watershed Management,46807.9,564,66,842
6610,30,Male,Firefighter (E),AFR Atlanta Fire & Recuse,35255.25,659,62,197
6611,38,Male,Police Officer (E) (F) (O) (B) (S),APD Atlanta Police Department,39919.57,999,457,433
6612,24,Female,Firefighter (E),AFR Atlanta Fire & Recuse,32132.8,282,565,237
6613,53,Female,Administrative Assistant,APD Atlanta Police Department,30946.5,20,726,985
6614,53,Female,GIS Coordinator,DOA Department of Aviation,79600.31,524,74,322
6615,35,Male,Desk Top Support Technician,DWM Department of Watershed Management,44000.01,965,546,781
6616,57,Female,Electrician Supervisor (D),DOA Department of Aviation,65132.95,895,982,481
6617,28,Male,Corrections Officer (E),COR Department of Corrections,34257.02,69,821,510
6618,61,Male,Solid Waste Route Supervisor (D),DPW Department of Public Works,46745.68,34,961,481
6619,31,Male,Environmental Service Worker I (D),DPW Department of Public Works,24600.01,170,850,770
6620,39,Male,Construction/Maintenance Worker I (D),EXE Executive Offices,28380.02,694,977,864
6621,29,Male,Firefighter (E),AFR Atlanta Fire & Recuse,36854.61,79,976,853
6622,45,Male,Corrections Officer (E),COR Department of Corrections,35460.01,191,200,985
6623,51,Female,"Police Property Management Technician, Sr (D)",APD Atlanta Police Department,37241.93,615,249,718
6624,58,Male,"Traffic Service Technician, Sr",DPW Department of Public Works,33684.0,327,916,322
6625,41,Female,Utility Billing Specialist II,DWM Department of Watershed Management,40966.06,627,629,460
6626,32,Male,Police Sergeant (E) (F) (O) (B) (S),APD Atlanta Police Department,50298.77,815,221,831
6627,52,Male,Police Lieutenant (E) (F) (O) (B) (S),APD Atlanta Police Department,70900.13,625,177,398
6628,55,Male,Vehicle/Equipment Mechanic II,DPW Department of Public Works,46498.11,635,496,339
6629,51,Male,Electrician Specialist,DOA Department of Aviation,48859.52,391,547,347
6630,27,Male,Firefighter (E),AFR Atlanta Fire & Recuse,35785.83,120,68,754
6631,65,Male,Permit Technician,PCD Planning & Community Development,41913.25,325,597,407
6632,30,Male,Firefighter (E),AFR Atlanta Fire & Recuse,35255.25,969,605,721
6633,55,Female,"Public Works Transportation Manager, Sr",DPW Department of Public Works,78400.0,285,999,110
6634,53,Male,"Construction/Maintenance Worker, Sr",DWM Department of Watershed Management,39347.8,996,156,500
6635,34,Male,Police Lieutenant (E) (F) (O) (B) (S),APD Atlanta Police Department,70900.13,437,117,60
6636,50,Male,Cultural Affairs Outreach Specialist,EXE Executive Offices,37777.51,367,33,58
6637,55,Male,Solid Waste Route Supervisor (D),DPW Department of Public Works,50667.44,505,577,92
6638,51,Female,Case Manager,JDA Municipal Court Operations,50448.5,795,169,141
6639,76,Female,Aquatics Facility Assistant,"PRC Parks, Recreation, & Cultural Affairs",34462.24,348,765,731
6640,36,Male,Police Sergeant (E) (F) (O) (B) (S),APD Atlanta Police Department,50298.77,42,828,291
6641,50,Male,Police Investigator (E) (F) (O),APD Atlanta Police Department,44809.65,416,546,846
6642,28,Male,Police Officer (E) (F) (O) (B) (S),APD Atlanta Police Department,42128.72,15,312,935
6643,38,Male,"Police Officer, Sr (E) (F) (O) (B) (S)",APD Atlanta Police Department,46377.97,938,332,29
6644,61,Female,Watershed Plant Operator Class I (D),DWM Department of Watershed Management,44231.64,442,166,303
6645,55,Male,Water Distribution Maintenance Supervisor,DWM Department of Watershed Management,52578.01,45,161,755
6646,58,Female,Watershed Manager I,DWM Department of Watershed Management,67440.0,414,35,26
6647,45,Male,Firefighter (E),AFR Atlanta Fire & Recuse,35785.83,262,617,220
6648,42,Male,Enterprise Assets Management Officer,EXE Executive Offices,140000.02,113,398,223
6649,37,Male,Firefighter (E),AFR Atlanta Fire & Recuse,35785.83,127,658,404
6650,35,Female,Aquatics Facility Assistant,"PRC Parks, Recreation, & Cultural Affairs",25461.01,868,247,685
6651,34,Female,Police Officer (E) (F) (O) (B) (S),APD Atlanta Police Department,42762.72,955,272,846
6652,42,Male,Police Officer (E) (F) (O) (B) (S),APD Atlanta Police Department,42128.72,681,83,313
6653,45,Male,"Watershed Inspector, Sr",DWM Department of Watershed Management,44727.43,718,478,643
6654,42,Male,Fire Lieutenant (E),AFR Atlanta Fire & Recuse,52780.71,559,805,523
6655,24,Female,Court Support Specialist I (D),JDA Municipal Court Operations,29900.0,570,357,21
6656,55,Male,Police Officer (E) (F) (O) (B) (S),APD Atlanta Police Department,50788.82,341,602,292
6657,47,Male,First Fire Deputy Chief,AFR Atlanta Fire & Recuse,137379.47,181,839,912
6658,39,Female,"ERP Analyst, Sr",DOP Department of Procurement,50000.0,810,721,878
6659,60,Male,Judge,JDA Municipal Court Operations,161500.14,887,69,848
6660,31,Male,Firefighter (E),AFR Atlanta Fire & Recuse,32132.8,113,73,768
6661,37,Male,Police Investigator (E) (F) (O),APD Atlanta Police Department,44809.65,2,476,452
6662,35,Male,Fire Sergeant (E),AFR Atlanta Fire & Recuse,39222.84,481,484,34
6663,50,Male,Contracting Officer,DOP Department of Procurement,50250.1,413,933,620
6664,38,Male,Watershed Plant Operator Class I (D),DWM Department of Watershed Management,33636.47,615,153,122
6665,37,Male,Police Officer (E) (F) (O) (B) (S),APD Atlanta Police Department,39919.57,371,767,23
6666,28,Male,Police Officer (E) (F) (O) (B) (S),APD Atlanta Police Department,42128.72,97,738,70
6667,35,Female,Pollution Control Monitor,DWM Department of Watershed Management,47196.03,141,453,256
6668,57,Male,Maintenance Mechanic Supervisor,DWM Department of Watershed Management,52894.3,929,59,551
6669,52,Male,"Procurement Officer, Chief",DOP Department of Procurement,202343.52,570,247,454
6670,32,Male,Restorative Justice Specialist,JDA Municipal Court Operations,37777.51,739,896,539
6671,51,Male,Police Sergeant (E) (F) (O) (B) (S),APD Atlanta Police Department,59739.26,728,989,698
6672,32,Male,"Watershed Inspector, Sr",DWM Department of Watershed Management,40828.84,48,428,648
6673,26,Female,Custodian (D),"PRC Parks, Recreation, & Cultural Affairs",24918.4,968,307,799
6674,22,Female,Intern,DWM Department of Watershed Management,33280.0,74,179,885
6675,29,Male,Police Sergeant (E) (F) (O) (B) (S),APD Atlanta Police Department,51287.39,986,369,607
6676,48,Female,Administrative Assistant,APD Atlanta Police Department,31101.29,181,443,757
6677,45,Male,Police Officer (E) (F) (O) (B) (S),APD Atlanta Police Department,56310.38,428,982,441
6678,52,Male,Police Investigator (E) (F) (O),APD Atlanta Police Department,62582.62,124,267,386
6679,48,Male,"Custodian, Sr (D)",DPW Department of Public Works,29370.0,300,609,818
6680,39,Male,Special Events Coordinator,DPW Department of Public Works,42231.05,111,975,941
6681,33,Male,Electrical Inspector Supervisor,PCD Planning & Community Development,50000.0,50,205,206
6682,28,Male,Police Officer (E) (F) (O) (B) (S),APD Atlanta Police Department,42762.72,775,37,603
6683,51,Male,Equipment Maintenance/Safety Supervisor,DWM Department of Watershed Management,52542.1,184,838,504
6684,41,Male,Firefighter (E),AFR Atlanta Fire & Recuse,37955.36,700,275,322
6685,27,Female,Police Officer (E) (F) (O) (B) (S),APD Atlanta Police Department,42128.72,694,509,454
6686,54,Female,City Council Member,CCN City Council,60300.01,65,573,459
6687,36,Male,Police Officer (E) (F) (O) (B) (S),APD Atlanta Police Department,44259.49,880,668,121
6688,36,Female,Civil Engineer,DWM Department of Watershed Management,60000.01,192,490,984
6689,53,Male,Police Investigator (E) (F) (O),APD Atlanta Police Department,64772.86,889,904,418
6690,33,Male,"Solicitor, Sr Assistant",SOL Solicitor Office,69520.01,722,925,317
6691,26,Male,Firefighter (E),AFR Atlanta Fire & Recuse,32132.8,733,702,86
6692,41,Male,Contract Administration Specialist,DOA Department of Aviation,55619.62,323,653,782
6693,43,Male,"Pollution Control Monitor, Sr",DWM Department of Watershed Management,46378.14,452,901,707
6694,31,Female,Assistant Attorney,SOL Solicitor Office,63200.01,944,992,143
6695,44,Male,IT Project Manager,"PRC Parks, Recreation, & Cultural Affairs",62500.01,77,907,526
6696,34,Female,Communications Dispatcher (D),APD Atlanta Police Department,34325.75,951,464,488
6697,43,Male,Fire Lieutenant (E),AFR Atlanta Fire & Recuse,47488.72,76,511,679
6698,53,Male,Fire Sergeant (E),AFR Atlanta Fire & Recuse,56368.19,375,285,879
6699,45,Male,Solid Waste Operator III (D),DPW Department of Public Works,34325.75,310,714,305
6700,38,Male,Police Investigator (E) (F) (O),APD Atlanta Police Department,53219.71,235,77,217
6701,49,Male,"Custodian, Sr (D)",DWM Department of Watershed Management,44481.15,351,362,31
6702,27,Male,Firefighter (E),AFR Atlanta Fire & Recuse,32132.8,349,359,35
6703,33,Male,Environmental Service Worker I (D),DPW Department of Public Works,25461.01,228,915,944
6704,47,Male,Vehicle for Hire Enforcement Officer (D),APD Atlanta Police Department,38300.08,659,513,685
6705,39,Male,Payroll Specialist,DWM Department of Watershed Management,43637.47,583,640,166
6706,31,Male,Parks Worker I (D),"PRC Parks, Recreation, & Cultural Affairs",24600.01,162,152,217
6707,49,Male,Fire Lieutenant (E),AFR Atlanta Fire & Recuse,54628.05,168,250,571
6708,36,Male,Police Sergeant (E) (F) (O) (B) (S),APD Atlanta Police Department,53082.45,368,650,681
6709,22,Male,Police Officer (E) (F) (O) (B) (S),APD Atlanta Police Department,34726.37,703,173,116
6710,53,Male,"Recreation Operations Assistant, Sr","PRC Parks, Recreation, & Cultural Affairs",30946.5,285,477,394
6711,39,Male,"Water Distribution, Assistant Manager",DWM Department of Watershed Management,67800.1,540,937,810
6712,34,Male,Police Officer (E) (F) (O) (B) (S),APD Atlanta Police Department,41316.7,94,610,518
6713,50,Male,Police Sergeant (E) (F) (O) (B) (S),APD Atlanta Police Department,63360.54,686,451,628
6714,33,Male,Firefighter (E),AFR Atlanta Fire & Recuse,35785.83,148,119,759
6715,30,Male,Environmental Service Worker I (D),DPW Department of Public Works,24600.01,127,546,178
6716,47,Female,"Solicitor, Deputy",SOL Solicitor Office,126155.04,305,875,624
6717,63,Male,Vehicle/Equipment Mechanic II,DPW Department of Public Works,46498.11,52,256,988
6718,48,Male,Firefighter (E),AFR Atlanta Fire & Recuse,32132.8,835,560,443
6719,48,Male,Police Investigator (E) (F) (O),APD Atlanta Police Department,62582.62,176,245,891
6720,48,Male,Police Investigator (E) (F) (O),APD Atlanta Police Department,46377.97,822,249,266
6721,62,Male,"Construction/Maintenance Worker, Sr",DWM Department of Watershed Management,41523.64,762,802,806
6722,29,Male,Police Officer (E) (F) (O) (B) (S),APD Atlanta Police Department,42762.72,329,952,433
6723,56,Female,Permit Technician,PCD Planning & Community Development,44238.32,145,932,559
6724,57,Female,Police Major,APD Atlanta Police Department,102365.27,691,96,620
6725,54,Male,Solid Waste Route Supervisor (D),DPW Department of Public Works,41033.87,897,933,294
6726,45,Female,Police Sergeant (E) (F) (O) (B) (S),APD Atlanta Police Department,54940.33,2,274,170
6727,26,Female,Communications Dispatcher (D),APD Atlanta Police Department,33000.01,732,979,884
6728,53,Female,Licensed Practical Nurse (D),COR Department of Corrections,43444.37,730,375,439
6729,38,Male,Police Sergeant (E) (F) (O) (B) (S),APD Atlanta Police Department,52059.28,498,267,596
6730,28,Male,"Facilities Maintenance Mechanic, Sr (D)",DOA Department of Aviation,35780.61,310,395,737
6731,32,Male,Police Officer (E) (F) (O) (B) (S),APD Atlanta Police Department,34726.37,12,168,125
6732,28,Female,Watershed Trainee (D),DWM Department of Watershed Management,26000.0,733,69,103
6733,40,Male,Fire Sergeant (E),AFR Atlanta Fire & Recuse,44724.92,762,130,325
6734,68,Male,Airport Project Controls Manager,DOA Department of Aviation,105475.4,3,523,10
6735,29,Male,Police Officer (E) (F) (O) (B) (S),APD Atlanta Police Department,39327.6,329,569,595
6736,25,Male,Police Officer (E) (F) (O) (B) (S),APD Atlanta Police Department,39327.6,221,953,766
6737,27,Female,Administrative Assistant,EXE Executive Offices,31200.0,501,952,162
6738,38,Male,Police Officer (E) (F) (O) (B) (S),APD Atlanta Police Department,42762.72,775,394,736
6739,45,Male,Solid Waste Operator I (D),DPW Department of Public Works,37241.93,323,464,656
6740,42,Female,"Customer Service Representative, Sr (D)",DWM Department of Watershed Management,36358.42,622,670,223
6741,49,Male,"Communications Electronics Technician, Sr (D)",APD Atlanta Police Department,43015.94,827,716,963
6742,43,Female,"Police Crime Analyst, Sr",APD Atlanta Police Department,44238.96,509,59,594
6743,26,Female,Police Officer (E) (F) (O) (B) (S),APD Atlanta Police Department,41316.7,135,488,128
6744,38,Female,"Career Advisor, Sr",PCD Atlanta Workforce Development Agency,49887.01,121,384,3
6745,34,Female,Police Officer (E) (F) (O) (B) (S),APD Atlanta Police Department,39919.57,648,126,408
6746,43,Male,"Facilities Maintenance Mechanic, Sr (D)",DOA Department of Aviation,41098.89,637,217,764
6747,44,Male,"Facilities Maintenance Mechanic, Sr (D)",DPW Department of Public Works,38891.22,976,323,107
6748,60,Male,Corrections Officer (E),COR Department of Corrections,42807.23,347,403,864
6749,40,Male,Police Officer (E) (F) (O) (B) (S),APD Atlanta Police Department,45808.67,399,30,350
6750,60,Female,"Market Research Analyst, Sr",DOA Department of Aviation,46275.22,175,557,990
6751,54,Female,Airport Real Estate Manager,DOA Department of Aviation,80190.05,612,64,93
6752,53,Female,"Customer Service Representative, Sr (D)","PRC Parks, Recreation, & Cultural Affairs",31101.29,739,809,928
6753,39,Male,Contract Administrator,DOP Department of Procurement,68902.66,226,986,211
6754,29,Male,Police Officer (E) (F) (O) (B) (S),APD Atlanta Police Department,42971.28,356,895,94
6755,34,Male,Firefighter (E),AFR Atlanta Fire & Recuse,37038.44,995,178,769
6756,42,Male,Data/Reporting Analyst,APD Atlanta Police Department,44707.2,597,30,901
6757,37,Male,Police Officer (E) (F) (O) (B) (S),APD Atlanta Police Department,44259.49,703,643,662
6758,61,Male,"Airport Deputy General Manager, Sr",DOA Department of Aviation,215250.01,458,583,544
6759,64,Male,"Construction/Maintenance Worker, Sr",DWM Department of Watershed Management,42976.78,618,386,127
6760,31,Male,Police Officer (E) (F) (O) (B) (S),APD Atlanta Police Department,42762.72,583,491,142
6761,50,Female,Watershed Manager I,DWM Department of Watershed Management,70000.01,940,262,755
6762,61,Female,Project Manager,CRB Administration,67850.02,887,561,453
6763,45,Male,Construction Inspector,DPW Department of Public Works,34155.03,389,127,693
6764,53,Male,Construction Project Manager,DWM Department of Watershed Management,58858.43,923,335,775
6765,42,Female,"Financial Analyst, Sr",DOF Department of Finance,55056.35,757,457,503
6766,50,Male,"Facilities Maintenance Mechanic, Sr (D)",DOA Department of Aviation,35237.89,795,306,983
6767,46,Male,Corrections Officer (E),COR Department of Corrections,34257.02,362,794,570
6768,41,Male,Watershed Plant Operator Class I (D),DWM Department of Watershed Management,46807.9,43,452,449
6769,56,Male,"Facilities Maintenance Mechanic, Sr (D)",DWM Department of Watershed Management,41502.97,586,86,466
6770,30,Male,"Communications Specialist, Sr",EXE Executive Offices,49500.01,879,801,64
6771,52,Male,Police Officer (E) (F) (O) (B) (S),APD Atlanta Police Department,49071.36,623,807,175
6772,49,Male,Police Lieutenant (E) (F) (O) (B) (S),APD Atlanta Police Department,70900.13,164,965,694
6773,41,Male,Fire Sergeant (E),AFR Atlanta Fire & Recuse,50841.03,270,935,266
6774,47,Male,"Facilities Maintenance Mechanic, Sr (D)",DOA Department of Aviation,35780.61,839,216,338
6775,53,Male,"Facilities Maintenance Mechanic, Sr (D)",DOA Department of Aviation,47235.45,182,914,362
6776,48,Male,Fire Deputy Chief,AFR Atlanta Fire & Recuse,115629.95,629,539,707
6777,52,Male,Process Control Engineer,DWM Department of Watershed Management,67274.0,656,308,968
6778,46,Female,"Court Clerk, Lead (D)",JDA Municipal Court Operations,36083.86,495,55,836
6779,35,Female,Police Officer (E) (F) (O) (B) (S),APD Atlanta Police Department,42762.72,315,780,332
6780,49,Male,City Council Assistant,CCN City Council,35360.0,32,497,973
6781,39,Male,Vehicle/Equipment Mechanic III,DPW Department of Public Works,51147.93,754,52,703
6782,39,Female,"Zoning Inspector, Sr",PCD Planning & Community Development,43998.58,551,966,825
6783,49,Male,"HVAC Inspector, Sr",PCD Planning & Community Development,49867.98,899,113,699
6784,56,Female,Training Manager,DHR Department of Human Reources,72900.01,505,969,809
6785,43,Female,Administrative Assistant,EXE Executive Offices,32055.84,346,566,800
6786,53,Female,Warrants Technician I (D),APD Atlanta Police Department,40557.05,285,575,738
6787,36,Female,Senior Policy Advisor,EXE Executive Offices,132000.02,621,762,997
6788,48,Female,Office Manager,DOA Department of Aviation,39105.4,178,402,544
6789,48,Male,"Electrical Inspector, Sr",PCD Planning & Community Development,43470.0,911,508,74
6790,44,Male,Police Officer (E) (F) (O) (B) (S),APD Atlanta Police Department,50788.82,438,768,223
6791,44,Male,"City Attorney, Assistant Sr",LAW Law Department,96560.01,713,163,584
6792,55,Male,Code Enforcement Supervisor,APD Atlanta Police Department,55992.14,795,582,434
6793,28,Male,Firefighter (E),AFR Atlanta Fire & Recuse,38741.92,832,303,723
6794,36,Female,Police Officer (E) (F) (O) (B) (S),APD Atlanta Police Department,41316.7,78,401,29
6795,45,Male,Environmental Service Worker I (D),DPW Department of Public Works,24600.01,943,301,500
6796,51,Female,"Payroll Specialist, Sr",DOF Department of Finance,43470.0,784,234,671
6797,39,Male,Public Information Officer,DOA Department of Aviation,52491.51,840,407,550
6798,45,Male,Police Officer (E) (F) (O) (B) (S),APD Atlanta Police Department,47411.73,263,48,494
6799,40,Male,Urban Planner III,PCD Planning & Community Development,65079.28,227,166,118
6800,27,Male,Police Officer (E) (F) (O) (B) (S),APD Atlanta Police Department,42762.72,172,334,51
6801,34,Female,Police Officer (E) (F) (O) (B) (S),APD Atlanta Police Department,42128.72,795,432,745
6802,60,Female,"Management Analyst, Sr",DWM Department of Watershed Management,64898.43,696,302,255
6803,53,Male,"Facilities Maintenance Mechanic, Sr (D)",DOA Department of Aviation,44025.84,147,487,938
6804,57,Male,Police Lieutenant (E) (F) (O) (B) (S),APD Atlanta Police Department,81359.2,875,818,353
6805,62,Male,"Water Distribution Operator, Sr",DWM Department of Watershed Management,44231.64,522,40,666
6806,58,Female,License Permit Inspector (D),APD Atlanta Police Department,39670.72,385,957,618
6807,28,Female,Permit Technician,PCD Planning & Community Development,41000.0,755,500,869
6808,52,Female,"Accounting Technician, Sr",DOA Department of Aviation,38329.1,411,355,237
6809,34,Male,Police Officer (E) (F) (O) (B) (S),APD Atlanta Police Department,44259.63,749,611,336
6810,28,Male,Firefighter (E),AFR Atlanta Fire & Recuse,35785.83,515,850,435
6811,53,Male,Fire Captain (E),AFR Atlanta Fire & Recuse,74868.94,883,987,96
6812,26,Male,Police Officer (E) (F) (O) (B) (S),APD Atlanta Police Department,39919.57,130,229,731
6813,39,Female,Research Technician,APD Atlanta Police Department,32499.01,644,304,948
6814,31,Female,Police Officer (E) (F) (O) (B) (S),APD Atlanta Police Department,42128.72,405,526,720
6815,34,Male,Police Investigator (E) (F) (O),APD Atlanta Police Department,47289.49,152,153,267
6816,45,Female,"Police Officer, Sr (E) (F) (O) (B) (S)",APD Atlanta Police Department,57010.51,543,595,844
6817,43,Male,Police Lieutenant (E) (F) (O) (B) (S),APD Atlanta Police Department,75950.01,831,855,22
6818,58,Male,Project Manager,AFR Atlanta Fire & Recuse,75000.0,857,317,599
6819,46,Female,Watershed Manager II,DWM Department of Watershed Management,70000.01,443,141,184
6820,46,Female,Crime Prevention Inspector,APD Atlanta Police Department,35780.61,842,653,402
6821,39,Male,"Data/Reporting Analyst, Sr",DWM Department of Watershed Management,53008.38,228,679,548
6822,57,Male,Environmental Service Worker I (D),DPW Department of Public Works,25461.01,991,697,70
6823,44,Male,Fire Sergeant (E),AFR Atlanta Fire & Recuse,44304.9,897,720,466
6824,53,Male,Traffic Signal Technician (D),DPW Department of Public Works,35780.61,368,305,647
6825,40,Male,Firefighter (E),AFR Atlanta Fire & Recuse,37038.44,356,554,767
6826,39,Male,Police Officer (E) (F) (O) (B) (S),APD Atlanta Police Department,45808.67,889,336,273
6827,35,Male,Police Investigator (E) (F) (O),APD Atlanta Police Department,48944.63,211,324,336
6828,59,Male,Vehicle/Equipment Mechanic III,DPW Department of Public Works,51148.39,550,749,474
6829,69,Male,Facilities Maintenance Supervisor,EXE Executive Offices,49483.72,362,29,140
6830,34,Male,Police Officer (E) (F) (O) (B) (S),APD Atlanta Police Department,39919.57,837,211,888
6831,59,Male,Forestry Crew Supervisor,"PRC Parks, Recreation, & Cultural Affairs",50215.19,548,476,174
6832,61,Male,Environmental Service Worker II (D),DPW Department of Public Works,37367.01,907,80,561
6833,40,Male,Vehicle/Equipment Mechanic III,DPW Department of Public Works,51148.39,316,378,787
6834,40,Female,Code Enforcement Officer,APD Atlanta Police Department,41033.87,969,130,819
6835,56,Male,AWDA Program Supervisor,PCD Atlanta Workforce Development Agency,44344.41,614,170,559
6836,41,Male,Police Sergeant (E) (F) (O) (B) (S),APD Atlanta Police Department,52059.28,122,426,743
6837,53,Male,"Wastewater Collection Operator, Sr (D)",DWM Department of Watershed Management,42959.99,967,452,11
6838,60,Male,Airport General Manager,DOA Department of Aviation,221000.0,13,213,821
6839,37,Female,Police Sergeant (E) (F) (O) (B) (S),APD Atlanta Police Department,57719.17,837,713,55
6840,49,Male,Parks Supervisor (D),"PRC Parks, Recreation, & Cultural Affairs",47265.91,888,334,367
6841,51,Male,Solid Waste Operator III (D),DPW Department of Public Works,40154.24,836,1000,466
6842,31,Male,Firefighter (E),AFR Atlanta Fire & Recuse,35785.83,670,657,950
6843,50,Male,Environmental Service Worker I (D),DPW Department of Public Works,25588.4,703,920,931
6844,51,Male,Police Sergeant (E) (F) (O) (B) (S),APD Atlanta Police Department,70248.88,296,533,896
6845,54,Male,Scale Operator,DPW Department of Public Works,33779.58,672,705,558
6846,35,Male,Recreation Operations Assistant,"PRC Parks, Recreation, & Cultural Affairs",27641.74,558,779,975
6847,29,Male,Police Officer (E) (F) (O) (B) (S),APD Atlanta Police Department,42762.72,196,31,357
6848,25,Female,Corrections Officer (E),COR Department of Corrections,34257.02,385,659,829
6849,41,Female,Wastewater Collection Coordinator,DWM Department of Watershed Management,52578.01,517,529,457
6850,49,Female,Watershed Plant Operator Class I (D),DWM Department of Watershed Management,51311.67,472,765,183
6851,26,Male,Firefighter (E),AFR Atlanta Fire & Recuse,39543.36,1000,979,123
6852,44,Female,"Office Support Assistant, Sr (D)",COR Department of Corrections,28034.84,161,726,383
6853,27,Male,Police Officer (E) (F) (O) (B) (S),APD Atlanta Police Department,39327.6,847,367,777
6854,28,Male,Firefighter (E),AFR Atlanta Fire & Recuse,38549.05,662,291,162
6855,56,Male,"Watershed Inspector, Sr",DWM Department of Watershed Management,49200.18,811,645,295
6856,54,Male,Watershed Plant Operator Class I (D),DWM Department of Watershed Management,55269.97,84,535,435
6857,67,Male,"Watershed Inspector, Sr",DWM Department of Watershed Management,44727.43,290,426,565
6858,28,Male,Recreation Operations Assistant,"PRC Parks, Recreation, & Cultural Affairs",25800.01,892,996,327
6859,45,Male,Police Officer (E) (F) (O) (B) (S),APD Atlanta Police Department,47411.73,344,554,184
6860,52,Female,Police Lieutenant (E) (F) (O) (B) (S),APD Atlanta Police Department,81359.2,526,326,274
6861,52,Male,Police Deputy Chief,APD Atlanta Police Department,112319.79,735,736,353
6862,38,Male,Fire Lieutenant (E),AFR Atlanta Fire & Recuse,50239.84,546,114,345
6863,46,Female,Police Officer (E) (F) (O) (B) (S),APD Atlanta Police Department,34726.37,737,95,403
6864,39,Male,"Police Officer, Sr (E) (F) (O) (B) (S)",APD Atlanta Police Department,44809.65,841,662,199
6865,44,Male,Police Officer (E) (F) (O) (B) (S),APD Atlanta Police Department,49071.36,793,551,182
6866,29,Male,Firefighter (E),AFR Atlanta Fire & Recuse,36854.64,667,521,62
6867,33,Male,Fire Sergeant (E),AFR Atlanta Fire & Recuse,41686.49,862,911,303
6868,45,Male,Police Officer (E) (F) (O) (B) (S),APD Atlanta Police Department,44259.49,332,955,89
6869,35,Male,Special Events Manager,EXE Executive Offices,57787.6,929,943,256
6870,27,Male,Parks Worker II (D),"PRC Parks, Recreation, & Cultural Affairs",29497.67,334,534,300
6871,43,Female,"City Council Assistant, Sr",CCN City Council,39520.0,449,560,594
6872,34,Male,Police Officer (E) (F) (O) (B) (S),APD Atlanta Police Department,42128.72,862,693,981
6873,30,Female,Ground Transportation Operations Assistant,DOA Department of Aviation,35779.97,764,249,141
6874,62,Female,Airport Director,DOA Department of Aviation,105000.0,207,651,941
6875,29,Female,ATL311 Call Center Representative I,EXE Executive Offices,35521.2,393,938,767
6876,28,Male,Police Officer (E) (F) (O) (B) (S),APD Atlanta Police Department,42762.72,280,383,485
6877,37,Male,Vehicle/Equipment Mechanic II,DPW Department of Public Works,39505.96,452,672,478
6878,43,Male,Police Officer (E) (F) (O) (B) (S),APD Atlanta Police Department,41316.7,549,725,99
6879,45,Male,"Police Officer, Sr (E) (F) (O) (B) (S)",APD Atlanta Police Department,59005.65,374,747,229
6880,51,Male,Procurement Officer,DWM Department of Watershed Management,62000.02,273,315,230
6881,64,Male,Facilities Maintenance Supervisor,DWM Department of Watershed Management,53098.01,794,827,212
6882,38,Female,Police Investigator (E) (F) (O),APD Atlanta Police Department,45690.32,614,554,225
6883,29,Male,Watershed Plant Operator Class I (D),DWM Department of Watershed Management,26352.14,465,403,310
6884,52,Male,Forestry Crew Supervisor,"PRC Parks, Recreation, & Cultural Affairs",54629.85,441,942,345
6885,43,Male,Human Resources Representative,AFR Atlanta Fire & Recuse,54613.95,879,743,530
6886,29,Male,Firefighter (E),AFR Atlanta Fire & Recuse,40339.3,738,208,176
6887,39,Female,Procurement Specialist,DOP Department of Procurement,37777.55,710,860,445
6888,71,Female,"Solicitor, Sr Assistant",SOL Solicitor Office,69578.72,443,774,564
6889,41,Female,Crime Scene Technician II (D),APD Atlanta Police Department,34155.03,87,579,248
6890,47,Male,Police Investigator (E) (F) (O),APD Atlanta Police Department,60466.22,78,91,126
6891,34,Female,Police Officer (E) (F) (O) (B) (S),APD Atlanta Police Department,41316.7,67,177,917
6892,31,Male,Parks Worker III (D),"PRC Parks, Recreation, & Cultural Affairs",32499.01,932,509,426
6893,25,Male,Police Officer (E) (F) (O) (B) (S),APD Atlanta Police Department,39919.57,978,39,161
6894,51,Male,Vehicle/Equipment Mechanic II,DPW Department of Public Works,46498.11,756,799,669
6895,27,Male,Firefighter (E),AFR Atlanta Fire & Recuse,37955.36,513,359,985
6896,55,Male,"Plumbing Inspector, Sr",PCD Planning & Community Development,49795.62,922,685,268
6897,32,Male,Special Projects Coordinator,"PRC Parks, Recreation, & Cultural Affairs",42022.66,118,528,458
6898,64,Male,Environmental Service Worker I (D),DPW Department of Public Works,27634.63,913,169,720
6899,44,Male,Police Officer (E) (F) (O) (B) (S),APD Atlanta Police Department,49071.36,313,464,771
6900,47,Female,Police Captain (E),APD Atlanta Police Department,83453.01,817,49,789
6901,43,Male,Parks Worker I (D),"PRC Parks, Recreation, & Cultural Affairs",24600.01,224,584,278
6902,35,Male,Firefighter (E),AFR Atlanta Fire & Recuse,36854.61,413,351,582
6903,45,Female,Management Analyst,EXE Executive Offices,48722.34,796,676,202
6904,37,Male,Firefighter (E),AFR Atlanta Fire & Recuse,37955.36,487,837,954
6905,45,Male,"Police Officer, Sr (E) (F) (O) (B) (S)",APD Atlanta Police Department,55082.56,770,104,71
6906,33,Male,Police Officer (E) (F) (O) (B) (S),APD Atlanta Police Department,39919.57,939,715,274
6907,36,Male,Firefighter (E),AFR Atlanta Fire & Recuse,37955.36,645,837,465
6908,46,Female,Human Resources Manager I,JDA Municipal Court Operations,51239.76,350,806,701
6909,48,Male,Solid Waste Route Supervisor (D),DPW Department of Public Works,44153.71,303,670,434
6910,47,Male,Judge Special Assistant,JDA Municipal Court Operations,51731.47,775,913,597
6911,45,Male,Construction/Maintenance Worker (D),DWM Department of Watershed Management,25461.01,700,481,633
6912,53,Female,Solid Waste Equipment Operator,DPW Department of Public Works,38762.67,788,592,644
6913,63,Male,"Field Engineer, Sr",DPW Department of Public Works,53531.5,430,329,201
6914,45,Male,Police Officer (E) (F) (O) (B) (S),APD Atlanta Police Department,58281.18,653,616,560
6915,49,Male,Police Investigator (E) (F) (O),APD Atlanta Police Department,62582.62,817,69,314
6916,26,Male,Firefighter (E),AFR Atlanta Fire & Recuse,38290.76,506,13,171
6917,34,Female,"Administrative Assistant, Sr",DHR Department of Human Reources,34325.75,730,489,722
6918,67,Female,"Street Maintenance Supervisor, Sr",DPW Department of Public Works,45699.21,199,651,98
6919,51,Male,Graffiti Coordinator,DPW Department of Public Works,43470.0,604,792,175
6920,36,Female,"Facilities Maintenance Mechanic, Sr (D)",DOA Department of Aviation,35355.65,670,291,385
6921,25,Male,Firefighter (E),AFR Atlanta Fire & Recuse,32132.8,125,327,962
6922,45,Male,Watershed Crew Supervisor (D),DWM Department of Watershed Management,45767.67,221,350,48
6923,29,Male,Police Officer (E) (F) (O) (B) (S),APD Atlanta Police Department,41316.7,457,529,880
6924,33,Male,Police Sergeant (E) (F) (O) (B) (S),APD Atlanta Police Department,52059.28,695,900,9
6925,43,Female,Aquatics Facility Assistant,"PRC Parks, Recreation, & Cultural Affairs",33296.71,781,137,47
6926,51,Female,Solid Waste Equipment Operator,DPW Department of Public Works,28048.51,4,285,271
6927,30,Male,"Construction/Maintenance Worker, Seasonal","PRC Parks, Recreation, & Cultural Affairs",21320.0,142,724,840
6928,24,Male,Vehicle/Equipment Mechanic II,DPW Department of Public Works,43400.03,933,98,4
6929,56,Female,"Electrician, Sr (D)",DWM Department of Watershed Management,47744.37,481,233,212
6930,49,Male,ATL311 Call Center Representative I,EXE Executive Offices,37241.93,989,117,524
6931,23,Male,Firefighter (E),AFR Atlanta Fire & Recuse,35785.83,71,309,192
6932,34,Male,AWDA Executive Director,PCD Atlanta Workforce Development Agency,140936.02,426,621,234
6933,61,Male,Vehicle/Equipment Mechanic III,DPW Department of Public Works,49000.02,802,709,657
6934,42,Male,Corrections Officer (E),COR Department of Corrections,35462.13,206,196,83
6935,25,Male,Police Officer (E) (F) (O) (B) (S),APD Atlanta Police Department,39327.6,484,319,729
6936,38,Female,Firefighter (E),AFR Atlanta Fire & Recuse,35785.83,665,39,352
6937,42,Female,"Facilities Maintenance Mechanic, Sr (D)",DOA Department of Aviation,34211.41,617,478,773
6938,40,Male,Police Officer (E) (F) (O) (B) (S),APD Atlanta Police Department,42762.72,505,466,456
6939,53,Male,"Construction/Maintenance Worker, Sr",DWM Department of Watershed Management,40119.37,28,24,395
6940,59,Female,"Accounting Manager, Sr",DOF Department of Finance,74941.11,618,23,494
6941,57,Male,Corrections Lieutenant (E),COR Department of Corrections,51118.91,772,866,747
6942,38,Male,Fire Lieutenant (E),AFR Atlanta Fire & Recuse,47488.69,109,50,928
6943,27,Male,Firefighter (E),AFR Atlanta Fire & Recuse,36854.61,200,139,776
6944,58,Female,Judicial Assistant,JDA Municipal Court Operations,49599.99,125,465,209
6945,55,Female,"IT Project Manager, Sr",DIT Department of Information Technology,79920.01,494,165,778
6946,41,Male,Pollution Control Manager,DWM Department of Watershed Management,67800.01,80,556,791
6947,39,Male,Server Engineer,DIT Department of Information Technology,90000.04,102,535,609
6948,44,Female,Procurement Specialist,DOP Department of Procurement,39269.87,954,239,498
6949,58,Female,Procurement Specialist,DWM Department of Watershed Management,47376.39,589,667,473
6950,31,Male,Police Officer (E) (F) (O) (B) (S),APD Atlanta Police Department,34726.37,31,42,382
6951,49,Female,Corrections Officer (E),COR Department of Corrections,34257.02,836,223,415
6952,39,Male,Police Officer (E) (F) (O) (B) (S),APD Atlanta Police Department,42762.72,216,239,151
6953,55,Female,"City Attorney, Assistant Sr",LAW Law Department,80000.0,892,957,105
6954,60,Male,Parks District Maintenance Operations Manager,"PRC Parks, Recreation, & Cultural Affairs",62386.94,536,946,833
6955,48,Male,Environmental Service Worker I (D),DPW Department of Public Works,26699.89,881,348,366
6956,55,Female,Communications Dispatcher (D),APD Atlanta Police Department,43983.43,166,424,214
6957,59,Female,"Accounting Technician, Sr",DWM Department of Watershed Management,44430.13,210,227,790
6958,43,Male,Police Sergeant (E) (F) (O) (B) (S),APD Atlanta Police Department,55767.3,717,592,798
6959,39,Male,Corrections Officer (E),COR Department of Corrections,34257.02,535,820,253
6960,57,Male,Water Reclamation Center Manager,DWM Department of Watershed Management,87998.93,429,961,290
6961,51,Male,Watershed Crew Supervisor (D),DWM Department of Watershed Management,46807.94,56,586,501
6962,55,Female,Corrections Officer (E),COR Department of Corrections,38400.34,463,203,249
6963,44,Female,Permit Technician,PCD Planning & Community Development,41913.25,578,67,390
6964,50,Female,"Water Service Representative, Sr",DWM Department of Watershed Management,39670.29,842,914,954
6965,58,Male,Police Officer (E) (F) (O) (B) (S),APD Atlanta Police Department,43603.23,325,798,954
6966,40,Female,"Administrative Assistant, Sr","PRC Parks, Recreation, & Cultural Affairs",35780.61,498,751,801
6967,54,Male,Construction Inspector Supervisor,DPW Department of Public Works,59065.55,872,904,985
6968,36,Male,Police Officer (E) (F) (O) (B) (S),APD Atlanta Police Department,42762.72,687,281,151
6969,40,Male,Construction/Maintenance Worker (D),DWM Department of Watershed Management,32170.8,455,482,815
6970,53,Male,Firefighter (E),AFR Atlanta Fire & Recuse,51323.06,551,111,334
6971,32,Male,Police Officer (E) (F) (O) (B) (S),APD Atlanta Police Department,41729.79,431,559,719
6972,52,Female,"Water Service Representative, Sr",DWM Department of Watershed Management,37241.93,535,367,967
6973,43,Male,Solid Waste Operator II (D),DPW Department of Public Works,42399.76,356,363,292
6974,27,Male,Intern,DWM Department of Watershed Management,33280.0,802,810,702
6975,45,Male,Environmental Service Worker I (D),DPW Department of Public Works,24600.01,645,257,310
6976,53,Male,Vehicle/Equipment Mechanic III,DPW Department of Public Works,54276.18,344,403,618
6977,29,Male,Fire Sergeant (E),AFR Atlanta Fire & Recuse,39222.84,602,535,1
6978,32,Male,Police Investigator (E) (F) (O),APD Atlanta Police Department,48001.2,242,834,121
6979,48,Female,Utility Billing Specialist II,DWM Department of Watershed Management,34138.21,268,80,28
6980,68,Male,"Facility Project Manager, Sr",DOA Department of Aviation,84300.01,298,401,21
6981,31,Male,Arborist,PCD Planning & Community Development,49261.1,562,719,496
6982,49,Male,Code Enforcement Officer,APD Atlanta Police Department,38300.02,766,898,899
6983,52,Male,Strategic Business Development Manager,DOA Department of Aviation,78745.56,724,807,520
6984,35,Male,Police Officer (E) (F) (O) (B) (S),APD Atlanta Police Department,42762.72,719,138,50
6985,52,Male,Fire Lieutenant (E),AFR Atlanta Fire & Recuse,58518.97,513,134,565
6986,51,Male,Police Sergeant (E) (F) (O) (B) (S),APD Atlanta Police Department,70248.88,595,504,112
6987,38,Male,"Construction/Maintenance Worker, Seasonal","PRC Parks, Recreation, & Cultural Affairs",21320.0,354,666,499
6988,35,Male,Firefighter (E),AFR Atlanta Fire & Recuse,35785.83,120,290,206
6989,30,Male,Fire Sergeant (E),AFR Atlanta Fire & Recuse,38641.27,441,621,324
6990,33,Male,Police Investigator (E) (F) (O),APD Atlanta Police Department,44809.65,136,93,774
6991,46,Male,Police Investigator (E) (F) (O),APD Atlanta Police Department,53219.71,403,154,597
6992,32,Male,Fire Sergeant (E),AFR Atlanta Fire & Recuse,39222.84,412,300,75
6993,47,Female,Office Manager,PDA Public Defender Administration,50552.52,81,730,622
6994,45,Male,"City Attorney, Assistant Sr",LAW Law Department,96560.01,698,362,480
6995,41,Female,"Civil Engineer, Sr",DWM Department of Watershed Management,58993.58,327,750,711
6996,53,Male,Police Officer (E) (F) (O) (B) (S),APD Atlanta Police Department,49071.36,787,736,157
6997,48,Female,Storekeeper (D),DOA Department of Aviation,28035.05,945,911,745
6998,32,Male,Police Officer (E) (F) (O) (B) (S),APD Atlanta Police Department,44259.49,990,456,776
6999,43,Male,Police Sergeant (E) (F) (O) (B) (S),APD Atlanta Police Department,53881.36,317,706,692
7000,40,Male,Fire Command Technician (E),AFR Atlanta Fire & Recuse,41686.43,331,100,482
7001,59,Male,Watershed Plant Operator Supervisor (D),DWM Department of Watershed Management,63239.09,664,285,365
7002,53,Male,"Police Officer, Sr (E) (F) (O) (B) (S)",APD Atlanta Police Department,69386.51,410,242,534
7003,49,Female,Police Officer (E) (F) (O) (B) (S),APD Atlanta Police Department,58281.18,18,170,326
7004,37,Male,Police Sergeant (E) (F) (O) (B) (S),APD Atlanta Police Department,53881.34,945,372,932
7005,46,Male,Police Officer (E) (F) (O) (B) (S),APD Atlanta Police Department,42762.72,225,719,811
7006,24,Female,Police Officer (E) (F) (O) (B) (S),APD Atlanta Police Department,34726.37,230,264,116
7007,56,Male,Performance & Operations Consultant,DOF Department of Finance,82000.01,591,747,701
7008,46,Male,Facilities Maintenance Mechanic (D),DOA Department of Aviation,32055.84,852,961,597
7009,39,Male,Airport Security Systems Assistant,DOA Department of Aviation,38295.02,363,683,456
7010,47,Female,Financial Manager,DPW Department of Public Works,70000.01,863,164,145
7011,41,Male,Police Sergeant (E) (F) (O) (B) (S),APD Atlanta Police Department,52059.28,518,885,732
7012,20,Male,Summer Program Counselor,"PRC Parks, Recreation, & Cultural Affairs",20800.0,280,345,769
7013,50,Male,Parks Supervisor (D),"PRC Parks, Recreation, & Cultural Affairs",38588.08,278,991,899
7014,28,Female,Communications Dispatcher (D),APD Atlanta Police Department,34155.01,275,760,274
7015,55,Male,Airport Security Representative III (D),DOA Department of Aviation,60013.35,152,823,618
7016,39,Female,Police Officer (E) (F) (O) (B) (S),APD Atlanta Police Department,42762.72,618,745,966
7017,24,Male,Intern,DWM Department of Watershed Management,33280.0,758,616,915
7018,63,Female,Police Sergeant (E) (F) (O) (B) (S),APD Atlanta Police Department,72707.65,948,273,388
7019,45,Male,Fire Lieutenant (E),AFR Atlanta Fire & Recuse,56540.17,863,372,582
7020,60,Male,Financial & Accounting Director,DOA Department of Aviation,109700.03,872,964,692
7021,28,Male,Police Officer (E) (F) (O) (B) (S),APD Atlanta Police Department,40704.08,668,927,254
7022,53,Female,"Programmer Analyst, Sr",DWM Department of Watershed Management,53110.72,60,361,50
7023,29,Male,Fire Sergeant (E),AFR Atlanta Fire & Recuse,39836.38,964,765,338
7024,53,Female,Airport Signage Coordinator,DOA Department of Aviation,64828.37,225,578,104
7025,39,Male,Treasury Director,DOF Department of Finance,105000.0,432,257,104
7026,28,Male,Police Officer (E) (F) (O) (B) (S),APD Atlanta Police Department,39919.57,402,689,759
7027,39,Female,"Customer Service Representative, Sr (D)",APD Atlanta Police Department,32055.84,937,556,21
7028,40,Male,Water Quality Control Specialist,DWM Department of Watershed Management,41503.19,910,63,237
7029,62,Male,"Airport Engineer, Sr",DOA Department of Aviation,98462.41,196,792,629
7030,52,Male,Construction/Maintenance Worker (D),DWM Department of Watershed Management,31205.27,333,246,131
7031,49,Female,Environmental Service Worker I (D),DPW Department of Public Works,27634.63,356,43,51
7032,36,Male,Police Officer (E) (F) (O) (B) (S),APD Atlanta Police Department,41316.7,498,52,711
7033,45,Male,Police Investigator (E) (F) (O),APD Atlanta Police Department,57010.51,627,656,286
7034,28,Male,Police Investigator (E) (F) (O),APD Atlanta Police Department,44145.23,10,349,349
7035,31,Male,Police Officer (E) (F) (O) (B) (S),APD Atlanta Police Department,41316.7,28,895,479
7036,58,Female,"Accounting Manager, Sr",DOF Department of Finance,82500.02,87,913,265
7037,48,Female,Film & Entertainment Director,EXE Executive Offices,118810.02,842,829,164
7038,48,Male,Police Investigator (E) (F) (O),APD Atlanta Police Department,57010.51,360,58,896
7039,52,Male,Solid Waste Operator I (D),DPW Department of Public Works,34765.57,129,598,792
7040,60,Male,"Facilities Maintenance Mechanic, Sr (D)",DOA Department of Aviation,35237.89,462,410,611
7041,40,Male,"Police Officer, Sr (E) (F) (O) (B) (S)",APD Atlanta Police Department,46377.97,258,173,570
7042,60,Female,Custodian (D),"PRC Parks, Recreation, & Cultural Affairs",24921.0,659,242,348
7043,36,Female,Police Officer (E) (F) (O) (B) (S),APD Atlanta Police Department,39919.57,204,719,34
7044,55,Male,Plant Maintenance Mechanic (D),DWM Department of Watershed Management,45527.07,565,743,134
7045,47,Male,Legal Specialist,SOL Solicitor Office,54268.58,368,560,973
7046,42,Female,"Contracting Officer, Sr",DOA Department of Aviation,50000.02,205,544,487
7047,29,Male,Police Officer (E) (F) (O) (B) (S),APD Atlanta Police Department,42762.72,198,648,453
7048,53,Male,Watershed Crew Supervisor (D),DWM Department of Watershed Management,46807.9,58,987,522
7049,24,Male,Electrician Assistant (D),DPW Department of Public Works,28500.01,444,859,807
7050,52,Female,"Systems Administrator, Sr",DIT Department of Information Technology,78146.37,410,43,237
7051,50,Male,Police Officer (E) (F) (O) (B) (S),APD Atlanta Police Department,50788.82,429,296,177
7052,57,Male,"Systems Administrator, Sr",DIT Department of Information Technology,91859.77,259,440,616
7053,49,Male,Fire Lieutenant (E),AFR Atlanta Fire & Recuse,58518.97,236,732,647
7054,50,Male,Corrections Officer (E),COR Department of Corrections,38419.51,236,631,186
7055,48,Female,Crime Prevention Inspector,APD Atlanta Police Department,40700.84,729,904,473
7056,42,Male,Firefighter (E),AFR Atlanta Fire & Recuse,49587.33,325,652,624
7057,35,Male,Paralegal,LAW Law Department,43470.0,857,837,228
7058,41,Female,"Watershed Inspector, Sr",DWM Department of Watershed Management,49200.18,957,624,655
7059,41,Male,Police Officer (E) (F) (O) (B) (S),APD Atlanta Police Department,41316.7,334,573,670
7060,39,Female,Communications Dispatcher (D),APD Atlanta Police Department,34155.01,845,774,830
7061,23,Male,Police Officer (E) (F) (O) (B) (S),APD Atlanta Police Department,34726.37,499,329,725
7062,52,Male,Police Sergeant (E) (F) (O) (B) (S),APD Atlanta Police Department,50298.81,15,94,910
7063,42,Male,Traffic Engineer,DPW Department of Public Works,50000.08,65,490,835
7064,22,Male,Police Officer (E) (F) (O) (B) (S),APD Atlanta Police Department,34726.37,780,100,561
7065,65,Male,Warehouse Manager,DWM Department of Watershed Management,43910.45,194,409,406
7066,45,Male,"Chief Information Officer, Deputy",DIT Department of Information Technology,165000.01,654,747,442
7067,42,Female,Code Enforcement Chief,APD Atlanta Police Department,64523.43,293,340,273
7068,65,Female,Recreation Operations Assistant,"PRC Parks, Recreation, & Cultural Affairs",28035.05,596,69,257
7069,43,Female,Budget & Policy Manager,DOF Department of Finance,72900.05,634,808,976
7070,28,Male,Custodian (D),"PRC Parks, Recreation, & Cultural Affairs",24600.01,536,438,526
7071,38,Male,End User Support Manager,DIT Department of Information Technology,79114.05,529,970,127
7072,54,Female,Police Sergeant (E) (F) (O) (B) (S),APD Atlanta Police Department,53881.36,541,973,857
7073,48,Male,"Aquatics Facility Assistant, Sr","PRC Parks, Recreation, & Cultural Affairs",41290.7,545,402,701
7074,39,Female,"Facility Project Manager, Sr",DOA Department of Aviation,83635.24,353,354,974
7075,55,Female,"Watershed Management, Deputy Commissioner",DWM Department of Watershed Management,130000.0,727,97,866
7076,50,Female,Legislative Assistant,CCN City Council,49576.51,117,68,129
7077,49,Male,"Public Defender, Deputy",PDA Public Defender Administration,109700.01,629,507,819
7078,48,Female,"Strategic Planning, Director",DOA Department of Aviation,108900.0,1,204,5
7079,58,Male,Environmental Service Worker I (D),DPW Department of Public Works,33969.89,841,100,455
7080,50,Male,Fire Battalion Chief (E),AFR Atlanta Fire & Recuse,87059.28,758,480,231
7081,45,Female,Pretrial Traffic Intervention Support Specialist,JDA Municipal Court Operations,38025.98,268,71,13
7082,36,Female,GIS Coordinator,DWM Department of Watershed Management,72000.01,956,650,448
7083,45,Female,Contracting Officer,DOP Department of Procurement,50000.0,240,770,415
7084,49,Female,Pretrial Traffic Intervention Support Specialist,JDA Municipal Court Operations,41174.75,952,759,231
7085,34,Male,Police Officer (E) (F) (O) (B) (S),APD Atlanta Police Department,44259.49,927,596,628
7086,51,Male,"Career Advisor, Sr",PCD Atlanta Workforce Development Agency,41398.34,567,483,373
7087,48,Male,Procurement Specialist,DPW Department of Public Works,39105.4,866,887,608
7088,34,Female,Solid Waste Equipment Operator,DPW Department of Public Works,27100.01,255,564,13
7089,53,Female,"Customer Service Representative, Sr (D)",APD Atlanta Police Department,33779.58,38,761,158
7090,44,Male,Firefighter (E),AFR Atlanta Fire & Recuse,44724.92,83,863,95
7091,47,Male,"Solicitor, Deputy",SOL Solicitor Office,126155.04,271,152,578
7092,27,Female,Police Officer (E) (F) (O) (B) (S),APD Atlanta Police Department,39327.6,640,360,661
7093,55,Female,"Accounting Manager, Sr",DOF Department of Finance,80231.16,915,731,561
7094,54,Male,"Plant Maintenance Mechanic, Sr (D)",DWM Department of Watershed Management,46807.9,568,838,494
7095,37,Male,Watershed Plant Operator Supervisor (D),DWM Department of Watershed Management,58252.69,410,646,626
7096,48,Female,"Water Service Representative, Sr",DWM Department of Watershed Management,40966.06,180,469,296
7097,29,Female,Summer Program Counselor,"PRC Parks, Recreation, & Cultural Affairs",23400.0,845,93,385
7098,56,Female,Custodian (D),"PRC Parks, Recreation, & Cultural Affairs",24600.01,701,872,456
7099,42,Male,Airport Security Representative II (D),DOA Department of Aviation,52627.74,22,796,480
7100,58,Female,Grant Services Manager,DOF Department of Finance,83379.09,705,500,895
7101,46,Female,"Administrative Assistant, Sr",DHR Department of Human Reources,34155.01,720,335,703
7102,28,Male,Police Officer (E) (F) (O) (B) (S),APD Atlanta Police Department,42128.72,486,862,640
7103,60,Male,"Watershed Inspector, Sr",DWM Department of Watershed Management,50521.05,167,41,567
7104,54,Female,"Police Property Management Technician, Sr (D)",APD Atlanta Police Department,39894.4,232,816,263
7105,45,Male,"City Council Assistant, Sr",CCN City Council,49664.16,223,45,925
7106,58,Female,Permit Technician,PCD Planning & Community Development,41000.0,294,877,300
7107,56,Female,Gardener,"PRC Parks, Recreation, & Cultural Affairs",30908.61,953,545,107
7108,25,Male,Police Officer (E) (F) (O) (B) (S),APD Atlanta Police Department,39919.57,819,650,305
7109,57,Male,Environmental Service Worker I (D),DPW Department of Public Works,33969.89,736,818,851
7110,39,Male,Police Investigator (E) (F) (O),APD Atlanta Police Department,49681.22,429,732,701
7111,46,Female,Communications Dispatcher Supervisor (D),DOA Department of Aviation,43470.0,98,218,314
7112,51,Male,Construction/Maintenance Worker (D),DWM Department of Watershed Management,31153.51,139,663,755
7113,36,Male,Firefighter (E),AFR Atlanta Fire & Recuse,35785.83,829,835,683
7114,25,Male,"Career Advisor, Sr",PCD Atlanta Workforce Development Agency,47609.99,854,148,811
7115,60,Female,"Management Analyst, Sr",EXE Executive Offices,64321.21,141,826,59
7116,52,Male,Electrician Specialist,DOA Department of Aviation,52339.73,82,842,611
7117,53,Male,Vehicle/Equipment Mechanic II,DPW Department of Public Works,46498.11,844,343,852
7118,32,Female,"Financial Manager, Sr",EXE Executive Offices,75000.02,375,65,82
7119,52,Female,"Customer Service Representative, Sr (D)",DWM Department of Watershed Management,35982.55,698,479,593
7120,55,Male,Watershed Plant Operator Class I (D),DWM Department of Watershed Management,54600.0,998,821,475
7121,30,Female,Court Clerk (D),JDA Municipal Court Operations,28048.51,131,563,94
7122,33,Male,Firefighter (E),AFR Atlanta Fire & Recuse,37955.36,851,521,626
7123,51,Male,Solid Waste Operator II (D),DPW Department of Public Works,40472.42,307,460,108
7124,29,Male,Firefighter (E),AFR Atlanta Fire & Recuse,32132.8,771,788,280
7125,48,Female,Police Sergeant (E) (F) (O) (B) (S),APD Atlanta Police Department,57719.17,411,183,545
7126,47,Female,"Chief of Staff, Deputy",EXE Executive Offices,133500.02,336,151,155
7127,51,Female,Systems Administrator,CCN City Council,67065.02,86,652,542
7128,45,Male,Police Sergeant (E) (F) (O) (B) (S),APD Atlanta Police Department,65578.03,459,453,452
7129,42,Male,Police Investigator (E) (F) (O),APD Atlanta Police Department,51420.1,213,297,660
7130,37,Male,Electrician (D),DPW Department of Public Works,34155.01,647,871,882
7131,30,Male,Police Officer (E) (F) (O) (B) (S),APD Atlanta Police Department,42762.72,314,627,361
7132,44,Male,Pollution Control Monitor,DWM Department of Watershed Management,47749.1,584,768,589
7133,64,Female,Accounting Technical Specialist,DOF Department of Finance,41138.5,151,715,931
7134,26,Male,Police Officer (E) (F) (O) (B) (S),APD Atlanta Police Department,34726.37,84,353,834
7135,66,Female,Procurement Specialist,DOP Department of Procurement,37782.99,498,929,192
7136,52,Male,ATL311 Call Center Representative I,EXE Executive Offices,36942.05,437,465,587
7137,25,Female,Warrants Technician I (D),JDA Municipal Court Operations,32498.99,559,193,687
7138,52,Male,"Facilities Maintenance Mechanic, Sr (D)",DOA Department of Aviation,42496.06,576,724,616
7139,53,Female,Corrections Officer (E),COR Department of Corrections,45746.9,396,596,268
7140,53,Male,Police Investigator (E) (F) (O),APD Atlanta Police Department,60466.22,471,417,98
7141,34,Male,Firefighter (E),AFR Atlanta Fire & Recuse,36308.21,660,137,496
7142,47,Male,Fire Battalion Chief (E),AFR Atlanta Fire & Recuse,86626.12,801,142,988
7143,40,Male,Corrections Officer (E),COR Department of Corrections,30081.0,469,143,1000
7144,70,Male,Aquatics Facility Supervisor,"PRC Parks, Recreation, & Cultural Affairs",45419.77,640,447,113
7145,25,Female,Communications Dispatcher (D),APD Atlanta Police Department,34325.75,802,705,329
7146,51,Female,"Office Support Assistant, Sr (D)",APD Atlanta Police Department,29436.1,925,574,842
7147,43,Female,Airport Security Systems Assistant,DOA Department of Aviation,38643.04,795,734,94
7148,49,Female,"City Attorney, Assistant Sr",LAW Law Department,96560.01,437,853,62
7149,62,Male,Safety & Training Supervisor,DPW Department of Public Works,57178.58,555,360,810
7150,32,Female,Recreation Program Director,"PRC Parks, Recreation, & Cultural Affairs",48068.76,112,711,529
7151,54,Female,Watershed Manager I,DWM Department of Watershed Management,59875.3,963,264,770
7152,37,Female,Firefighter (E),AFR Atlanta Fire & Recuse,37955.36,966,989,604
7153,24,Female,"Communications Specialist, Sr",PCD Atlanta Workforce Development Agency,41400.0,463,320,773
7154,30,Male,Police Officer (E) (F) (O) (B) (S),APD Atlanta Police Department,42762.72,790,124,840
7155,54,Female,Video Integration Monitor PT,APD Atlanta Police Department,40600.04,495,759,231
7156,60,Male,Facilities Maintenance Crew Supervisor,DOA Department of Aviation,52491.51,236,739,822
7157,41,Male,Police Officer (E) (F) (O) (B) (S),APD Atlanta Police Department,41316.7,779,113,0
7158,45,Male,Police Officer (E) (F) (O) (B) (S),APD Atlanta Police Department,44259.49,941,460,175
7159,32,Female,Communications Dispatcher (D),APD Atlanta Police Department,35355.65,127,951,310
7160,62,Male,Fleet Analyst,AFR Atlanta Fire & Recuse,59583.47,86,960,149
7161,58,Female,"Customer Service Representative, Sr (D)",DOA Department of Aviation,32477.36,880,706,903
7162,47,Male,"Environmental Compliance Officer, Sr",DWM Department of Watershed Management,46807.9,555,879,473
7163,27,Male,Police Officer (E) (F) (O) (B) (S),APD Atlanta Police Department,34726.37,205,819,264
7164,54,Female,Parks Supervisor (D),"PRC Parks, Recreation, & Cultural Affairs",47266.34,320,682,0
7165,69,Male,Legislative Research & Policy Analyst II,CCN City Council,91169.73,294,71,888
7166,29,Male,Custodian (D),"PRC Parks, Recreation, & Cultural Affairs",24921.0,912,172,898
7167,41,Male,Police Investigator (E) (F) (O),APD Atlanta Police Department,44809.65,735,458,383
7168,29,Male,Corrections Officer (E),COR Department of Corrections,30081.0,750,527,311
7169,50,Female,Administrative Assistant,DWM Department of Watershed Management,36406.22,899,660,212
7170,39,Male,Utility Billing Specialist II,DWM Department of Watershed Management,38916.01,964,710,700
7171,41,Male,Fire Lieutenant (E),AFR Atlanta Fire & Recuse,50995.92,539,8,880
7172,21,Male,Environmental Service Worker I (D),DPW Department of Public Works,24600.01,295,804,560
7173,63,Male,Architectural Designer,"PRC Parks, Recreation, & Cultural Affairs",52522.51,45,897,898
7174,35,Male,Police Officer (E) (F) (O) (B) (S),APD Atlanta Police Department,41316.7,495,39,69
7175,59,Male,Vehicle/Equipment Mechanic III,DPW Department of Public Works,54276.18,259,190,409
7176,58,Male,"Water Distribution, Assistant Manager",DWM Department of Watershed Management,67800.01,740,2,781
7177,41,Male,Solid Waste Operator I (D),DPW Department of Public Works,31937.86,167,53,590
7178,40,Female,Firefighter (E),AFR Atlanta Fire & Recuse,37392.58,333,932,505
7179,43,Female,Communications Dispatcher (D),APD Atlanta Police Department,35780.61,578,778,744
7180,41,Male,Police Officer (E) (F) (O) (B) (S),APD Atlanta Police Department,47411.94,293,168,666
7181,22,Male,Environmental Service Worker I (D),DPW Department of Public Works,24600.01,793,934,174
7182,53,Female,"City Attorney, Deputy",LAW Law Department,128560.02,743,382,735
7183,38,Male,Police Officer (E) (F) (O) (B) (S),APD Atlanta Police Department,44259.49,965,341,582
7184,30,Female,Ground Transportation Operations Assistant,DOA Department of Aviation,35001.94,860,964,112
7185,52,Female,"Administrative Assistant, Sr",DWM Department of Watershed Management,38486.47,143,916,450
7186,68,Male,"City Council Assistant, Sr",CCN City Council,41808.02,524,291,495
7187,27,Female,Assistant Attorney,SOL Solicitor Office,69000.01,714,458,467
7188,50,Male,Fire Lieutenant (E),AFR Atlanta Fire & Recuse,52780.83,654,158,894
7189,60,Male,Parks Worker II (D),"PRC Parks, Recreation, & Cultural Affairs",30534.45,911,627,396
7190,43,Male,GIS Manager,PCD Planning & Community Development,81618.91,161,320,963
7191,27,Male,Seasonal Equipment Operator,"PRC Parks, Recreation, & Cultural Affairs",21320.0,562,190,852
7192,59,Male,Parks Worker II (D),"PRC Parks, Recreation, & Cultural Affairs",30534.45,650,987,869
7193,50,Male,"Wastewater Collection Operator, Sr (D)",DWM Department of Watershed Management,45522.89,610,108,375
7194,41,Male,Police Sergeant (E) (F) (O) (B) (S),APD Atlanta Police Department,52059.28,459,394,743
7195,31,Male,Digital Imaging Specialist,APD Atlanta Police Department,35914.52,564,393,350
7196,44,Male,Police Officer (E) (F) (O) (B) (S),APD Atlanta Police Department,54406.14,511,890,286
7197,58,Female,"Crime Prevention Inspector, Sr",APD Atlanta Police Department,40380.93,380,937,605
7198,49,Female,Training Manager,APD Atlanta Police Department,72900.01,322,471,800
7199,48,Female,Communications Dispatcher (D),APD Atlanta Police Department,42496.06,77,399,585
7200,52,Male,Watershed Director I,DWM Department of Watershed Management,99700.02,39,419,517
7201,41,Female,Corrections Officer (E),COR Department of Corrections,36929.98,662,594,348
7202,62,Male,Vehicle/Equipment Mechanic III,DPW Department of Public Works,51319.09,872,562,887
7203,44,Female,Water Service Representative,DWM Department of Watershed Management,36358.42,250,882,16
7204,50,Male,Recreation Operations Assistant,"PRC Parks, Recreation, & Cultural Affairs",27641.74,280,114,441
7205,46,Male,Fire Lieutenant (E),AFR Atlanta Fire & Recuse,58519.14,463,1,610
7206,46,Male,Fire Lieutenant (E),AFR Atlanta Fire & Recuse,49211.14,507,900,495
7207,48,Female,911 Operator (D),APD Atlanta Police Department,32454.11,498,477,541
7208,47,Female,Special Projects Coordinator,DWM Department of Watershed Management,52522.51,875,717,247
7209,30,Male,Police Officer (E) (F) (O) (B) (S),APD Atlanta Police Department,41316.7,272,671,30
7210,52,Female,Help Desk Supervisor,DIT Department of Information Technology,56363.74,882,227,664
7211,51,Male,Wastewater Collection Coordinator,DWM Department of Watershed Management,54418.24,668,337,919
7212,44,Male,Police Officer (E) (F) (O) (B) (S),APD Atlanta Police Department,61814.27,892,544,579
7213,41,Male,Facilities Maintenance Mechanic (D),"PRC Parks, Recreation, & Cultural Affairs",29900.0,826,926,981
7214,23,Male,Environmental Service Worker I (D),DPW Department of Public Works,26699.89,402,786,944
7215,32,Female,"Financial Analyst, Sr",DOF Department of Finance,59962.01,86,3,491
7216,25,Female,"Career Advisor, Sr",PCD Atlanta Workforce Development Agency,34155.01,943,537,237
7217,34,Female,Paralegal,LAW Law Department,40280.18,347,865,643
7218,32,Female,Warrants Technician I (D),JDA Municipal Court Operations,35780.61,982,692,770
7219,30,Female,Summer Program Counselor,"PRC Parks, Recreation, & Cultural Affairs",20800.0,714,662,873
7220,65,Female,Recreation Coordinator,"PRC Parks, Recreation, & Cultural Affairs",45743.12,43,604,886
7221,34,Male,Video Integration Monitor PT,APD Atlanta Police Department,40600.04,68,403,926
7222,64,Male,Combination Inspector,PCD Planning & Community Development,60184.18,444,187,131
7223,28,Male,Police Officer (E) (F) (O) (B) (S),APD Atlanta Police Department,39919.57,495,291,458
7224,36,Male,Airport Operations Representative II (D),DOA Department of Aviation,50019.63,192,666,716
7225,39,Male,Seasonal Equipment Operator,"PRC Parks, Recreation, & Cultural Affairs",21320.0,943,581,910
7226,32,Male,Customer Service Manager,"PRC Parks, Recreation, & Cultural Affairs",44662.18,802,653,498
7227,59,Female,"Customer Service Representative, Sr (D)",EXE Executive Offices,32055.84,649,189,345
7228,37,Male,Police Officer (E) (F) (O) (B) (S),APD Atlanta Police Department,42762.72,329,910,281
7229,29,Male,Police Officer (E) (F) (O) (B) (S),APD Atlanta Police Department,41316.7,435,588,944
7230,58,Female,"GIS Technician, Sr",PCD Planning & Community Development,38242.12,87,396,514
7231,43,Female,"Customer Service Representative, Sr (D)",DPW Department of Public Works,30946.5,348,639,768
7232,55,Female,"Data/Reporting Analyst, Sr",DIT Department of Information Technology,53008.38,239,711,562
7233,48,Male,Desk Top Support Technician,DOA Department of Aviation,55167.42,997,175,379
7234,42,Female,Airport Security Systems Assistant,DOA Department of Aviation,38500.8,909,468,157
7235,70,Male,"Storekeeper, Sr (D)",DPW Department of Public Works,30838.56,29,851,848
7236,56,Female,Business Manager II,SOL Solicitor Office,91000.0,128,824,977
7237,53,Female,Communications Dispatcher (D),APD Atlanta Police Department,45522.89,942,883,401
7238,23,Female,"Administrative Assistant, Sr",PCD Planning & Community Development,34155.01,887,529,374
7239,34,Male,Police Officer (E) (F) (O) (B) (S),APD Atlanta Police Department,42762.72,794,524,541
7240,32,Male,Firefighter (E),AFR Atlanta Fire & Recuse,36501.57,529,71,404
7241,29,Male,Police Officer (E) (F) (O) (B) (S),APD Atlanta Police Department,34726.37,706,691,22
7242,51,Female,Warehouse Manager,DPW Department of Public Works,43497.97,985,457,707
7243,48,Male,Ecology Specialist,DWM Department of Watershed Management,45918.58,540,732,232
7244,41,Male,Police Investigator (E) (F) (O),APD Atlanta Police Department,47289.49,778,619,715
7245,24,Male,Environmental Service Worker I (D),DPW Department of Public Works,26699.89,176,93,91
7246,51,Male,Solid Waste Equipment Operator,DPW Department of Public Works,37452.05,304,152,360
7247,36,Male,Police Officer (E) (F) (O) (B) (S),APD Atlanta Police Department,44259.49,194,552,489
7248,55,Male,Traffic Service Technician,DPW Department of Public Works,28035.05,173,577,531
7249,54,Female,Corrections Investigator (E),COR Department of Corrections,44951.75,527,927,769
7250,57,Male,"Construction Inspector, Sr",DWM Department of Watershed Management,48888.15,137,353,437
7251,32,Male,Firefighter (E),AFR Atlanta Fire & Recuse,41940.53,832,81,104
7252,45,Female,Accounting Technical Specialist,AFR Atlanta Fire & Recuse,39105.4,608,8,76
7253,46,Female,Payroll Specialist,DWM Department of Watershed Management,47298.52,64,61,342
7254,50,Male,Custodian (D),DPW Department of Public Works,26700.1,381,396,211
7255,58,Male,Facilities Maintenance Crew Supervisor,DOA Department of Aviation,51941.34,695,862,939
7256,23,Male,Police Officer (E) (F) (O) (B) (S),APD Atlanta Police Department,39327.6,932,890,801
7257,47,Male,Police Investigator (E) (F) (O),APD Atlanta Police Department,59005.65,515,218,856
7258,25,Male,Firefighter (E),AFR Atlanta Fire & Recuse,35785.83,96,211,281
7259,24,Female,Intern,DWM Department of Watershed Management,31158.4,820,820,251
7260,32,Male,Firefighter (E),AFR Atlanta Fire & Recuse,37955.36,773,542,417
7261,30,Male,"Construction/Maintenance Worker, Sr",DWM Department of Watershed Management,42317.6,891,214,941
7262,52,Female,GIS Technician Supervisor,DWM Department of Watershed Management,46807.9,741,519,850
7263,54,Female,Environmental Service Worker II (D),DPW Department of Public Works,37452.05,655,907,772
7264,74,Male,Equipment Operator II (D),PCD Atlanta Workforce Development Agency,39804.2,875,539,20
7265,37,Male,Fire Sergeant (E),AFR Atlanta Fire & Recuse,48393.32,343,163,362
7266,30,Female,Assistant Attorney,PDA Public Defender Administration,58800.02,364,459,479
7267,41,Female,Police Investigator (E) (F) (O),APD Atlanta Police Department,57010.51,768,482,928
7268,34,Male,Police Officer (E) (F) (O) (B) (S),APD Atlanta Police Department,40704.08,475,103,693
7269,52,Male,"Plant Maintenance Mechanic, Sr (D)",DWM Department of Watershed Management,46807.9,380,864,499
7270,61,Male,Solid Waste Route Supervisor (D),DPW Department of Public Works,48971.89,249,310,647
7271,53,Male,Police Lieutenant (E) (F) (O) (B) (S),APD Atlanta Police Department,81359.2,938,907,549
7272,41,Male,Fire Lieutenant (E),AFR Atlanta Fire & Recuse,56540.17,599,457,475
7273,44,Male,"Police Officer, Sr (E) (F) (O) (B) (S)",APD Atlanta Police Department,51420.1,200,775,95
7274,53,Male,"Storekeeper, Sr (D)",DPW Department of Public Works,32454.05,306,793,949
7275,27,Male,Police Officer (E) (F) (O) (B) (S),APD Atlanta Police Department,39919.57,620,217,310
7276,53,Female,"Customer Service Representative, Sr (D)",APD Atlanta Police Department,29900.0,901,304,887
7277,24,Female,Police Officer (E) (F) (O) (B) (S),APD Atlanta Police Department,34726.37,427,190,823
7278,56,Male,"Water Distribution Operator, Sr",DWM Department of Watershed Management,41503.19,835,751,177
7279,24,Male,Vehicle/Equipment Mechanic II,DPW Department of Public Works,35914.52,655,130,506
7280,40,Female,Police Investigator (E) (F) (O),APD Atlanta Police Department,47289.49,767,796,831
7281,28,Male,Airport Operations Representative I (D),DOA Department of Aviation,41000.0,80,115,19
7282,57,Male,Painter (D),EXE Executive Offices,29016.3,107,42,583
7283,53,Male,Solid Waste Operator I (D),DPW Department of Public Works,30946.5,401,13,593
7284,47,Male,Corrections Officer (E),COR Department of Corrections,34942.15,209,628,788
7285,38,Female,"Plans Review Specialist, Sr",PCD Planning & Community Development,64129.1,560,383,717
7286,34,Male,Safety & Training Officer,DWM Department of Watershed Management,50800.01,863,923,578
7287,46,Female,Parks Supervisor (D),"PRC Parks, Recreation, & Cultural Affairs",34700.02,908,950,521
7288,40,Female,Facility Project Manager,DOA Department of Aviation,60717.68,310,852,828
7289,47,Male,Contract Administrator,DPW Department of Public Works,75000.02,862,411,383
7290,47,Male,Police Officer (E) (F) (O) (B) (S),APD Atlanta Police Department,61814.27,126,876,566
7291,36,Male,Compliance Specialist,DOA Department of Aviation,50019.63,999,796,350
7292,55,Male,Systems Administrator,AFR Atlanta Fire & Recuse,64443.5,976,448,738
7293,42,Male,Equipment Operator I (D),DPW Department of Public Works,28048.51,385,965,129
7294,68,Male,Watershed Manager II,DWM Department of Watershed Management,90200.01,417,909,308
7295,47,Male,Fire Lieutenant (E),AFR Atlanta Fire & Recuse,54628.05,244,435,292
7296,47,Male,Police Officer (E) (F) (O) (B) (S),APD Atlanta Police Department,42762.72,799,952,362
7297,54,Male,Water Distribution Specialist,DWM Department of Watershed Management,48654.57,778,345,303
7298,50,Male,Systems Administrator,DOA Department of Aviation,63000.02,655,417,169
7299,53,Male,Police Deputy Chief,APD Atlanta Police Department,111761.0,365,338,675
7300,53,Male,Police Sergeant (E) (F) (O) (B) (S),APD Atlanta Police Department,75252.32,14,675,689
7301,63,Female,Police Reports Technician (D),APD Atlanta Police Department,32637.09,809,614,755
7302,69,Female,Ground Transportation Coordinator,DOA Department of Aviation,47666.74,485,888,388
7303,25,Male,Corrections Officer (E),COR Department of Corrections,30081.0,268,138,95
7304,49,Male,"Field Engineer, Sr",DWM Department of Watershed Management,49875.9,352,192,872
7305,42,Male,Electrician Specialist,DWM Department of Watershed Management,52440.92,544,671,487
7306,37,Female,Administrative Assistant,APD Atlanta Police Department,30946.5,711,432,676
7307,55,Male,"Water Service Representative, Sr",DWM Department of Watershed Management,50075.18,812,956,806
7308,39,Male,Equipment Operator II (D),DPW Department of Public Works,33924.25,259,820,150
7309,43,Female,911 Operator (D),APD Atlanta Police Department,32454.11,287,378,925
7310,26,Male,Police Officer (E) (F) (O) (B) (S),APD Atlanta Police Department,34726.37,714,104,367
7311,50,Male,Police Officer (E) (F) (O) (B) (S),APD Atlanta Police Department,52566.18,738,179,954
7312,61,Male,IT Director,DWM Department of Watershed Management,108397.85,165,327,653
7313,57,Male,Accounting Manager,DOF Department of Finance,55331.33,31,120,358
7314,26,Male,"Recruiting Coordinator, Sr",DHR Department of Human Reources,39847.52,78,272,837
7315,32,Female,Communications & Cable Director,EXE Executive Offices,137500.06,496,999,148
7316,29,Male,Airport Security Systems Assistant,DOA Department of Aviation,34155.03,686,997,236
7317,44,Male,Police Officer (E) (F) (O) (B) (S),APD Atlanta Police Department,50788.73,61,622,916
7318,38,Male,Police Officer (E) (F) (O) (B) (S),APD Atlanta Police Department,39327.6,333,398,507
7319,50,Male,Fire Captain (E),AFR Atlanta Fire & Recuse,65243.89,906,288,835
7320,33,Female,Police Sergeant (E) (F) (O) (B) (S),APD Atlanta Police Department,49553.03,733,21,25
7321,39,Male,Police Investigator (E) (F) (O),APD Atlanta Police Department,49681.22,313,497,174
7322,33,Male,Police Investigator (E) (F) (O),APD Atlanta Police Department,44145.23,930,272,693
7323,52,Male,Ground Transportation Operations Assistant,DPW Department of Public Works,32845.03,854,304,855
7324,47,Male,Fire Captain (E),AFR Atlanta Fire & Recuse,69891.06,188,597,975
7325,45,Male,Corrections Officer (E),COR Department of Corrections,47061.62,812,204,796
7326,46,Female,Data/Reporting Analyst,APD Atlanta Police Department,52028.38,263,993,811
7327,42,Male,Airport Engineer,DOA Department of Aviation,79640.02,17,372,330
7328,25,Male,Civil Engineer,DWM Department of Watershed Management,54600.0,644,13,293
7329,27,Male,Crime Scene Technician II (D),APD Atlanta Police Department,34155.01,914,332,337
7330,53,Male,"Plant Maintenance Mechanic, Sr (D)",DWM Department of Watershed Management,54171.55,884,926,54
7331,33,Male,Firefighter (E),AFR Atlanta Fire & Recuse,37955.36,938,622,44
7332,44,Male,Fire Lieutenant (E),AFR Atlanta Fire & Recuse,44222.78,581,405,292
7333,52,Male,"Facilities Maintenance Mechanic, Sr (D)",DOA Department of Aviation,48812.37,548,625,621
7334,33,Female,Corrections Lieutenant (E),COR Department of Corrections,48431.01,562,100,866
7335,48,Male,Airport Security Representative III (D),DOA Department of Aviation,59205.54,406,551,959
7336,39,Female,Community Affairs Assistant,EXE Executive Offices,43015.94,817,844,844
7337,30,Male,Police Officer (E) (F) (O) (B) (S),APD Atlanta Police Department,43190.37,203,803,644
7338,39,Male,Environmental Service Worker I (D),DPW Department of Public Works,25588.4,889,723,303
7339,35,Female,"City Attorney, Assistant Sr",LAW Law Department,80000.0,759,691,438
7340,40,Female,Special Events Manager,AFR Atlanta Fire & Recuse,60000.01,25,773,523
7341,57,Male,"City Council Assistant, Sr",CCN City Council,65000.0,399,976,763
7342,60,Male,Environmental Service Worker II (D),DPW Department of Public Works,32055.84,409,910,92
7343,27,Male,Police Officer (E) (F) (O) (B) (S),APD Atlanta Police Department,39327.6,328,781,762
7344,25,Male,Police Officer (E) (F) (O) (B) (S),APD Atlanta Police Department,39327.6,797,653,721
7345,49,Female,Airport Operations Representative III (D),DOA Department of Aviation,70732.33,656,403,648
7346,43,Male,Police Investigator (E) (F) (O),APD Atlanta Police Department,57010.51,678,477,812
7347,34,Male,Police Officer (E) (F) (O) (B) (S),APD Atlanta Police Department,41729.79,562,572,48
7348,36,Male,Police Investigator (E) (F) (O),APD Atlanta Police Department,48001.2,661,662,962
7349,33,Male,Police Officer (E) (F) (O) (B) (S),APD Atlanta Police Department,41316.7,526,839,999
7350,35,Male,"Water Service Representative, Sr",DWM Department of Watershed Management,36406.86,862,527,98
7351,52,Female,Watershed Manager I,DWM Department of Watershed Management,60753.58,663,789,752
7352,26,Female,Police Officer (E) (F) (O) (B) (S),APD Atlanta Police Department,35420.9,680,612,235
7353,30,Male,Firefighter (E),AFR Atlanta Fire & Recuse,36854.61,104,220,648
7354,58,Male,"Field Engineer, Sr",DWM Department of Watershed Management,49245.04,219,304,970
7355,37,Female,Streetcar Services Assistant Manager,DPW Department of Public Works,58800.02,895,940,307
7356,48,Male,Solid Waste Operator I (D),DPW Department of Public Works,29900.0,49,406,238
7357,48,Male,Data/Reporting Analyst,DWM Department of Watershed Management,54081.26,247,560,249
7358,43,Male,Firefighter (E),AFR Atlanta Fire & Recuse,32132.8,572,622,36
7359,27,Male,Police Officer (E) (F) (O) (B) (S),APD Atlanta Police Department,42128.72,768,55,248
7360,58,Female,Administrative Assistant,DPW Department of Public Works,32034.31,611,724,661
7361,44,Male,Police Reports Technician (D),APD Atlanta Police Department,29436.74,289,932,14
7362,24,Male,Custodian (D),"PRC Parks, Recreation, & Cultural Affairs",24600.01,366,474,930
7363,44,Male,Police Officer (E) (F) (O) (B) (S),APD Atlanta Police Department,44259.49,740,403,793
7364,29,Male,Firefighter (E),AFR Atlanta Fire & Recuse,37392.58,575,384,782
7365,59,Female,Court Support Specialist II (D),JDA Municipal Court Operations,33285.6,721,550,584
7366,63,Male,"Code Enforcement Officer, Sr",APD Atlanta Police Department,44239.39,825,273,42
7367,53,Female,"Latent Print Examiner, Sr",APD Atlanta Police Department,40918.27,964,303,870
7368,25,Male,Police Officer (E) (F) (O) (B) (S),APD Atlanta Police Department,34726.37,813,566,525
7369,32,Male,Firefighter (E),AFR Atlanta Fire & Recuse,43212.43,46,111,263
7370,56,Male,Safety & Training Specialist,DPW Department of Public Works,48812.37,86,717,716
7371,49,Male,Vehicle/Equipment Mechanic III,DPW Department of Public Works,49400.0,60,487,244
7372,50,Male,Crime Scene Supervisor (D),APD Atlanta Police Department,50685.65,923,211,609
7373,35,Female,Police Investigator (E) (F) (O),APD Atlanta Police Department,44145.23,434,332,630
7374,57,Male,Journeyperson,DWM Department of Watershed Management,44552.21,61,756,942
7375,45,Female,Police Officer (E) (F) (O) (B) (S),APD Atlanta Police Department,58281.18,536,998,80
7376,44,Male,Police Officer (E) (F) (O) (B) (S),APD Atlanta Police Department,49071.36,29,777,162
7377,53,Female,Equipment Operator III (D),DPW Department of Public Works,41398.34,778,534,464
7378,25,Male,Solid Waste Equipment Operator,DPW Department of Public Works,29370.11,605,696,263
7379,55,Male,Watershed Plant Operator Class I (D),DWM Department of Watershed Management,52316.68,612,603,267
7380,48,Male,Police Sergeant (E) (F) (O) (B) (S),APD Atlanta Police Department,63360.54,416,173,343
7381,56,Male,Police Chief,APD Atlanta Police Department,240697.6,411,821,767
7382,30,Female,"Administrative Assistant, Sr",DPW Department of Public Works,44562.96,751,537,165
7383,61,Female,Data/Reporting Analyst,DOA Department of Aviation,43000.01,720,927,792
7384,45,Male,Firefighter (E),AFR Atlanta Fire & Recuse,44724.92,661,808,133
7385,30,Male,Environmental Service Worker I (D),DPW Department of Public Works,25588.4,402,26,751
7386,32,Male,Fire Sergeant (E),AFR Atlanta Fire & Recuse,45855.71,803,350,373
7387,40,Male,Code Enforcement Officer,APD Atlanta Police Department,41055.4,461,576,513
7388,31,Male,Police Officer (E) (F) (O) (B) (S),APD Atlanta Police Department,42762.72,722,370,864
7389,34,Male,Vehicle/Equipment Mechanic III,DPW Department of Public Works,49400.0,317,774,161
7390,35,Male,Watershed Plant Operator Class I (D),DWM Department of Watershed Management,54995.01,427,684,472
7391,51,Male,Vehicle/Equipment Mechanic I,DPW Department of Public Works,32395.54,105,982,322
7392,51,Male,Police Officer (E) (F) (O) (B) (S),APD Atlanta Police Department,42762.72,455,398,44
7393,53,Male,Vehicle/Equipment Maintenance Supervisor,DPW Department of Public Works,60224.36,731,520,555
7394,55,Male,Wastewater Collection Supervisor (D),DWM Department of Watershed Management,54418.24,472,231,1000
7395,72,Female,Recreation Instructor,"PRC Parks, Recreation, & Cultural Affairs",21008.0,708,68,356
7396,51,Female,Procurement Specialist,APD Atlanta Police Department,39105.4,16,270,86
7397,33,Male,Fire Sergeant (E),AFR Atlanta Fire & Recuse,41068.42,495,583,17
7398,46,Male,Fire Captain (E),AFR Atlanta Fire & Recuse,63037.66,774,696,194
7399,28,Female,Environmental Service Worker I (D),DPW Department of Public Works,25461.01,95,672,140
7400,33,Female,Solid Waste Operator III (D),DPW Department of Public Works,41048.3,125,733,203
7401,50,Male,Watershed Manager II,DWM Department of Watershed Management,71000.01,136,534,184
7402,31,Female,Administrative Assistant,DIT Department of Information Technology,39847.51,735,378,920
7403,31,Female,Community Outreach Specialist,JDA Municipal Court Operations,62000.02,899,786,451
7404,60,Female,Data/Reporting Analyst,DOA Department of Aviation,45339.88,610,595,173
7405,26,Male,Firefighter (E),AFR Atlanta Fire & Recuse,32132.8,522,912,184
7406,33,Male,Police Investigator (E) (F) (O),APD Atlanta Police Department,47289.49,481,612,109
7407,47,Male,"Field Engineer, Sr",DWM Department of Watershed Management,54600.0,405,1000,152
7408,50,Male,Watershed Plant Operator Supervisor (D),DWM Department of Watershed Management,58365.01,742,102,227
7409,53,Male,Watershed Inspector,DWM Department of Watershed Management,48381.81,311,84,826
7410,41,Female,Police Investigator (E) (F) (O),APD Atlanta Police Department,48001.2,202,816,335
7411,69,Male,"Real Estate Specialist, Sr",DOA Department of Aviation,62696.54,843,696,924
7412,40,Male,"Wastewater Collection Operator, Sr (D)",DWM Department of Watershed Management,42959.12,996,494,520
7413,52,Male,"IT Project Manager, Sr",APD Atlanta Police Department,84300.01,804,134,807
7414,53,Male,"Management Analyst, Sr",DPW Department of Public Works,71190.02,588,725,437
7415,28,Male,Police Officer (E) (F) (O) (B) (S),APD Atlanta Police Department,42762.72,264,690,866
7416,48,Male,Watershed Operations Coordinator,DWM Department of Watershed Management,58819.7,479,788,501
7417,59,Male,Parks Worker III (D),"PRC Parks, Recreation, & Cultural Affairs",35699.52,25,589,523
7418,54,Female,Watershed Commercial Accounts Representative,DWM Department of Watershed Management,41218.15,3,121,292
7419,46,Male,"Water Distribution Operator, Sr",DWM Department of Watershed Management,41503.62,994,468,231
7420,50,Female,Financial Manager,PCD Planning & Community Development,62443.01,943,594,147
7421,59,Male,Vehicle/Equipment Mechanic III,DPW Department of Public Works,51148.39,259,579,860
7422,51,Female,"Communications Dispatcher, Sr (D)",APD Atlanta Police Department,48859.52,617,580,849
7423,35,Male,Construction/Maintenance Worker (D),DWM Department of Watershed Management,31205.27,726,916,259
7424,31,Male,Legal Program Assistant,SOL Solicitor Office,40000.0,916,708,222
7425,48,Male,Police Sergeant (E) (F) (O) (B) (S),APD Atlanta Police Department,61217.94,761,970,226
7426,67,Female,"Payroll Specialist, Sr",DOF Department of Finance,54956.68,118,973,547
7427,41,Female,Police Investigator (E) (F) (O),APD Atlanta Police Department,48001.2,759,943,281
7428,32,Female,"Project Manager, Sr",EXE Executive Offices,84999.99,659,136,13
7429,72,Male,"Laboratory Technician, Sr (D)",DWM Department of Watershed Management,45522.89,587,725,36
7430,27,Female,"Career Advisor, Sr",PCD Atlanta Workforce Development Agency,47619.94,542,692,647
7431,54,Female,"Database Administrator, Sr",DWM Department of Watershed Management,73719.36,447,485,786
7432,37,Male,Police Sergeant (E) (F) (O) (B) (S),APD Atlanta Police Department,57719.17,789,114,117
7433,68,Male,Recreation Operations Assistant,"PRC Parks, Recreation, & Cultural Affairs",28035.05,620,227,111
7434,54,Male,HVAC Technician (D),DOA Department of Aviation,42201.68,577,690,651
7435,40,Female,Case Manager,JDA Municipal Court Operations,50448.5,554,670,435
7436,44,Female,Police Investigator (E) (F) (O),APD Atlanta Police Department,57010.51,516,810,956
7437,32,Male,Police Officer (E) (F) (O) (B) (S),APD Atlanta Police Department,42762.72,33,184,739
7438,32,Female,Recreation Operations Assistant,"PRC Parks, Recreation, & Cultural Affairs",25800.01,331,909,301
7439,53,Male,Fire Captain (E),AFR Atlanta Fire & Recuse,65243.89,47,769,546
7440,37,Male,Environmental Service Worker I (D),"PRC Parks, Recreation, & Cultural Affairs",24600.01,111,34,881
7441,37,Female,Parks Worker I (D),"PRC Parks, Recreation, & Cultural Affairs",26700.1,838,673,225
7442,45,Male,Police Officer (E) (F) (O) (B) (S),APD Atlanta Police Department,49071.36,20,494,152
7443,21,Female,"Administrative Assistant, Sr",PCD Atlanta Workforce Development Agency,34154.99,335,752,291
7444,41,Female,Communications Dispatcher (D),APD Atlanta Police Department,33000.01,547,379,794
7445,33,Male,"Airport Engineer, Associate",DOA Department of Aviation,55619.62,149,195,870
7446,42,Male,Police Officer (E) (F) (O) (B) (S),APD Atlanta Police Department,39327.6,520,579,718
7447,31,Male,Police Officer (E) (F) (O) (B) (S),APD Atlanta Police Department,42762.72,16,682,452
7448,37,Male,Fire Command Technician (E),AFR Atlanta Fire & Recuse,39222.84,397,477,241
7449,43,Male,Fire Lieutenant (E),AFR Atlanta Fire & Recuse,45826.49,187,698,481
7450,49,Male,"Police Officer, Sr (E) (F) (O) (B) (S)",APD Atlanta Police Department,67040.06,913,922,322
7451,28,Male,Police Officer (E) (F) (O) (B) (S),APD Atlanta Police Department,41316.66,524,475,760
7452,62,Male,Corrections Officer (E),COR Department of Corrections,48684.48,771,398,764
7453,43,Female,Video Integration Monitor PT,APD Atlanta Police Department,40600.04,135,217,56
7454,35,Male,Police Officer (E) (F) (O) (B) (S),APD Atlanta Police Department,43603.23,628,785,234
7455,51,Male,Solid Waste Operator I (D),DPW Department of Public Works,36948.94,391,943,478
7456,25,Male,Police Officer (E) (F) (O) (B) (S),APD Atlanta Police Department,42128.72,314,299,519
7457,44,Male,Solid Waste Operator I (D),DPW Department of Public Works,32034.31,307,652,269
7458,28,Male,Police Officer (E) (F) (O) (B) (S),APD Atlanta Police Department,39919.57,51,454,435
7459,61,Female,Data/Reporting Analyst,DWM Department of Watershed Management,48954.03,501,829,413
7460,34,Male,Police Sergeant (E) (F) (O) (B) (S),APD Atlanta Police Department,53082.45,892,327,649
7461,38,Male,GIS Analyst,DOA Department of Aviation,60069.28,508,347,657
7462,33,Male,Firefighter (E),AFR Atlanta Fire & Recuse,41132.23,863,297,742
7463,50,Male,Police Lieutenant (E) (F) (O) (B) (S),APD Atlanta Police Department,77869.9,728,296,755
7464,50,Male,Police Investigator (E) (F) (O),APD Atlanta Police Department,57010.51,752,365,754
7465,24,Male,Police Officer (E) (F) (O) (B) (S),APD Atlanta Police Department,34726.37,845,568,153
7466,25,Male,Corrections Officer (E),COR Department of Corrections,34257.02,513,710,471
7467,30,Male,Police Officer (E) (F) (O) (B) (S),APD Atlanta Police Department,42762.72,690,521,960
7468,25,Female,Contracting Officer,DOP Department of Procurement,50000.0,307,940,908
7469,28,Female,Police Officer (E) (F) (O) (B) (S),APD Atlanta Police Department,42762.72,862,395,708
7470,28,Female,Court Support Specialist I (D),JDA Municipal Court Operations,30848.5,623,971,223
7471,35,Female,Court Support Specialist I (D),JDA Municipal Court Operations,30848.5,319,98,833
7472,36,Male,Police Officer (E) (F) (O) (B) (S),APD Atlanta Police Department,42762.72,275,117,65
7473,65,Female,IT Director,DIT Department of Information Technology,108439.12,385,910,588
7474,46,Male,Video Integration Center Supervisor,DWM Department of Watershed Management,58750.02,453,549,160
7475,35,Male,Fire Sergeant (E),AFR Atlanta Fire & Recuse,39836.38,598,467,300
7476,44,Female,"Custodian, Sr (D)",DWM Department of Watershed Management,31205.27,825,219,275
7477,52,Male,Police Officer (E) (F) (O) (B) (S),APD Atlanta Police Department,52840.57,557,907,713
7478,43,Male,Firefighter (E),AFR Atlanta Fire & Recuse,36501.57,980,897,490
7479,50,Male,Police Investigator (E) (F) (O),APD Atlanta Police Department,64772.86,197,203,535
7480,44,Male,Police Lieutenant (E) (F) (O) (B) (S),APD Atlanta Police Department,75950.06,151,783,753
7481,42,Female,Police Sergeant (E) (F) (O) (B) (S),APD Atlanta Police Department,57719.17,473,751,420
7482,27,Male,Police Officer (E) (F) (O) (B) (S),APD Atlanta Police Department,42762.72,349,235,896
7483,53,Female,Police Captain (E),APD Atlanta Police Department,83453.01,281,807,41
7484,34,Male,"Business Systems Analyst, Sr",DPW Department of Public Works,71500.0,925,231,948
7485,48,Male,"Plans Review Specialist, Sr",PCD Planning & Community Development,58574.65,972,656,184
7486,44,Male,Airport Manager,DOA Department of Aviation,87191.08,970,781,434
7487,30,Female,Police Officer (E) (F) (O) (B) (S),APD Atlanta Police Department,34726.37,560,215,546
7488,39,Male,Firefighter (E),AFR Atlanta Fire & Recuse,35785.83,951,345,309
7489,55,Male,Programmer Analyst,DWM Department of Watershed Management,54873.1,878,534,788
7490,55,Male,Art Programs Manager,DOA Department of Aviation,67552.49,275,673,152
7491,29,Female,Police Sergeant (E) (F) (O) (B) (S),APD Atlanta Police Department,53082.45,226,5,386
7492,28,Male,Police Officer (E) (F) (O) (B) (S),APD Atlanta Police Department,42762.72,498,350,951
7493,24,Female,Safety & Training Officer,DWM Department of Watershed Management,50800.01,654,329,731
7494,25,Male,Firefighter (E),AFR Atlanta Fire & Recuse,37955.36,65,838,93
7495,47,Male,Parks Director,"PRC Parks, Recreation, & Cultural Affairs",90530.0,415,605,280
7496,55,Male,Corrections Officer (E),COR Department of Corrections,38389.94,861,432,943
7497,47,Male,Fire Captain (E),AFR Atlanta Fire & Recuse,65243.89,126,855,595
7498,69,Male,Watershed Manager I,DWM Department of Watershed Management,82306.81,573,83,120
7499,58,Male,Corrections Sergeant (E),COR Department of Corrections,51118.02,608,159,798
7500,33,Male,"Combination Inspector, Sr",PCD Planning & Community Development,58156.8,659,412,654
7501,26,Male,Police Officer (E) (F) (O) (B) (S),APD Atlanta Police Department,34726.37,604,422,766
7502,42,Male,Police Officer (E) (F) (O) (B) (S),APD Atlanta Police Department,44259.49,7,832,795
7503,52,Male,"Police Officer, Sr (E) (F) (O) (B) (S)",APD Atlanta Police Department,60466.22,632,927,775
7504,50,Female,Airport Director,DOA Department of Aviation,105000.0,389,557,711
7505,37,Male,Police Sergeant (E) (F) (O) (B) (S),APD Atlanta Police Department,55767.3,186,280,518
7506,27,Female,Police Officer (E) (F) (O) (B) (S),APD Atlanta Police Department,42762.72,615,508,970
7507,55,Male,Police Reports Technician (D),APD Atlanta Police Department,29436.74,96,817,659
7508,52,Male,Streetcar Operator,DPW Department of Public Works,39998.4,250,92,578
7509,42,Male,Police Officer (E) (F) (O) (B) (S),APD Atlanta Police Department,34726.37,8,560,584
7510,47,Male,Contracting Officer,DOP Department of Procurement,50000.02,107,362,739
7511,37,Male,Police Officer (E) (F) (O) (B) (S),APD Atlanta Police Department,42762.72,762,695,586
7512,47,Female,Public Information Officer,PCD Planning & Community Development,51750.0,145,786,251
7513,44,Male,Firefighter (E),AFR Atlanta Fire & Recuse,37955.36,574,216,324
7514,26,Female,Legal Program Assistant,SOL Solicitor Office,44000.01,272,643,798
7515,27,Male,Police Officer (E) (F) (O) (B) (S),APD Atlanta Police Department,42762.72,469,406,175
7516,54,Female,Custodian (D),"PRC Parks, Recreation, & Cultural Affairs",24600.01,339,301,745
7517,52,Male,Construction/Maintenance Worker (D),DWM Department of Watershed Management,33296.71,879,122,988
7518,32,Female,Criminalist Manager,APD Atlanta Police Department,78400.0,111,879,187
7519,38,Female,Contracts Coordinator,APD Atlanta Police Department,41033.87,406,88,22
7520,32,Male,"City Attorney, Assistant Sr",LAW Law Department,79760.01,13,257,675
7521,47,Female,Watershed Manager II,DWM Department of Watershed Management,78400.0,35,593,645
7522,52,Male,Facilities Maintenance Mechanic (D),DOA Department of Aviation,31500.04,17,580,291
7523,35,Male,Police Investigator (E) (F) (O),APD Atlanta Police Department,48001.2,116,317,692
7524,48,Male,Field Engineer,DWM Department of Watershed Management,42231.05,49,9,95
7525,55,Male,Journeyperson,DWM Department of Watershed Management,44552.2,788,32,533
7526,26,Male,Construction/Maintenance Worker (D),DWM Department of Watershed Management,30100.01,457,743,360
7527,37,Male,Firefighter (E),AFR Atlanta Fire & Recuse,35255.25,111,291,826
7528,28,Female,Public Relations Manager,DWM Department of Watershed Management,37866.46,636,817,149
7529,53,Male,Watershed Manager II,DWM Department of Watershed Management,85000.01,198,313,893
7530,34,Male,Police Officer (E) (F) (O) (B) (S),APD Atlanta Police Department,42762.84,832,776,885
7531,29,Male,Recreation Operations Assistant,"PRC Parks, Recreation, & Cultural Affairs",27641.74,747,217,606
7532,46,Female,Signage Manager,DWM Department of Watershed Management,72000.03,37,202,392
7533,36,Female,Community Facility Manager,"PRC Parks, Recreation, & Cultural Affairs",41913.25,537,293,562
7534,62,Male,Psychologist,DHR Department of Human Reources,80000.0,235,800,474
7535,35,Male,Police Officer (E) (F) (O) (B) (S),APD Atlanta Police Department,41316.7,511,995,314
7536,29,Female,"Business Systems Analyst, Sr",DOF Department of Finance,70000.01,448,772,327
7537,27,Male,Police Officer (E) (F) (O) (B) (S),APD Atlanta Police Department,41316.7,541,906,756
7538,33,Male,Desk Top Support Technician,DIT Department of Information Technology,53110.2,779,276,258
7539,49,Male,Watershed Manager II,DWM Department of Watershed Management,84000.01,153,514,178
7540,33,Male,Utility Billing Specialist II,DWM Department of Watershed Management,39977.5,399,17,749
7541,31,Male,Firefighter (E),AFR Atlanta Fire & Recuse,36854.61,16,357,233
7542,40,Male,"Wastewater Collection Operator, Sr (D)",DWM Department of Watershed Management,42959.77,429,986,63
7543,52,Male,Fire Sergeant (E),AFR Atlanta Fire & Recuse,45855.71,824,740,200
7544,45,Male,Police Sergeant (E) (F) (O) (B) (S),APD Atlanta Police Department,57719.17,986,533,247
7545,38,Female,Data Technician,DWM Department of Watershed Management,35262.0,524,248,639
7546,52,Female,Police Crime Statistician,APD Atlanta Police Department,44025.84,642,201,626
7547,40,Male,Police Officer (E) (F) (O) (B) (S),APD Atlanta Police Department,34726.37,988,121,570
7548,36,Male,Fire Sergeant (E),AFR Atlanta Fire & Recuse,44304.9,19,899,807
7549,78,Male,"Community Facility Manager, Sr","PRC Parks, Recreation, & Cultural Affairs",59978.46,324,150,687
7550,58,Male,Environmental Service Worker I (D),DPW Department of Public Works,30467.07,502,269,615
7551,44,Female,Management Analyst,DPW Department of Public Works,41000.13,817,429,793
7552,31,Male,Firefighter (E),AFR Atlanta Fire & Recuse,32132.8,408,75,518
7553,42,Male,Watershed Crew Supervisor (D),DWM Department of Watershed Management,46807.84,392,640,131
7554,49,Male,"Administrative Assistant, Sr",DPW Department of Public Works,35129.41,301,398,214
7555,42,Female,Police Officer (E) (F) (O) (B) (S),APD Atlanta Police Department,39919.57,175,338,556
7556,60,Male,"Electrician, Sr (D)",DWM Department of Watershed Management,44727.43,780,897,519
7557,26,Female,Recreation Operations Assistant,"PRC Parks, Recreation, & Cultural Affairs",26703.01,530,207,299
7558,33,Male,Police Officer (E) (F) (O) (B) (S),APD Atlanta Police Department,45808.67,476,379,91
7559,44,Male,Police Sergeant (E) (F) (O) (B) (S),APD Atlanta Police Department,57719.17,52,120,856
7560,43,Male,Project Manager,DWM Department of Watershed Management,65000.0,876,851,627
7561,37,Male,Facilities Maintenance Supervisor,EXE Executive Offices,55331.12,858,285,324
7562,34,Male,Firefighter (E),AFR Atlanta Fire & Recuse,37955.36,796,47,518
7563,46,Female,Police Investigator (E) (F) (O),APD Atlanta Police Department,53219.71,907,655,686
7564,50,Female,Police Investigator (E) (F) (O),APD Atlanta Police Department,51420.1,929,344,903
7565,28,Male,Firefighter (E),AFR Atlanta Fire & Recuse,32132.8,303,77,498
7566,40,Female,Contracting Officer,DOA Department of Aviation,41000.0,717,241,432
7567,35,Male,Police Investigator (E) (F) (O),APD Atlanta Police Department,44809.65,135,815,815
7568,31,Female,Police Property Management Technician (D),APD Atlanta Police Department,29436.74,588,135,971
7569,38,Female,Communications Dispatcher (D),APD Atlanta Police Department,35780.61,47,504,372
7570,45,Male,Police Investigator (E) (F) (O),APD Atlanta Police Department,57010.51,467,269,6
7571,36,Male,"Police Officer, Sr (E) (F) (O) (B) (S)",APD Atlanta Police Department,48001.2,119,31,622
7572,30,Male,Fire Sergeant (E),AFR Atlanta Fire & Recuse,42338.58,193,192,666
7573,37,Male,Police Investigator (E) (F) (O),APD Atlanta Police Department,44809.65,415,657,947
7574,38,Male,Fire Lieutenant (E),AFR Atlanta Fire & Recuse,43566.99,371,988,133
7575,52,Female,"Administrative Assistant, Sr",DWM Department of Watershed Management,38486.47,248,753,223
7576,48,Male,City Council Member,CCN City Council,60300.01,653,145,684
7577,60,Male,"Solicitor, Sr Assistant",SOL Solicitor Office,70812.0,278,834,508
7578,40,Female,"Administrative Assistant, Sr",DOF Department of Finance,40996.8,478,57,913
7579,60,Male,Watershed Operations Coordinator,DWM Department of Watershed Management,64217.0,508,857,810
7580,26,Female,Case Manager,JDA Municipal Court Operations,48500.0,219,405,116
7581,47,Male,Police Officer (E) (F) (O) (B) (S),APD Atlanta Police Department,39327.6,159,63,25
7582,44,Male,Chief Judge,JDA Municipal Court Operations,161500.02,466,22,900
7583,52,Male,Solid Waste Operator I (D),DPW Department of Public Works,33924.25,768,598,388
7584,61,Female,Community Affairs Director,AFR Atlanta Fire & Recuse,93000.13,723,502,439
7585,34,Female,Communications Dispatcher (D),APD Atlanta Police Department,35780.61,669,507,248
7586,49,Male,Police Officer (E) (F) (O) (B) (S),APD Atlanta Police Department,39919.57,914,923,96
7587,67,Female,City Auditor,AUD Audit Administration,179988.02,987,959,538
7588,48,Female,"Utility Call Center Representative, Sr (D)",DWM Department of Watershed Management,40000.0,209,413,599
7589,27,Male,Firefighter (E),AFR Atlanta Fire & Recuse,35785.83,427,4,724
7590,39,Female,Administrative Assistant,"PRC Parks, Recreation, & Cultural Affairs",30802.99,987,64,203
7591,65,Female,"Office Support Assistant, Sr (D)",APD Atlanta Police Department,36389.42,183,586,169
7592,51,Male,Fire Captain (E),AFR Atlanta Fire & Recuse,59362.04,994,219,692
7593,45,Female,Fire Sergeant (E),AFR Atlanta Fire & Recuse,52620.31,667,687,29
7594,36,Female,Crime Scene Technician II (D),APD Atlanta Police Department,40736.19,217,60,636
7595,52,Male,Fire Deputy Chief,AFR Atlanta Fire & Recuse,115629.95,791,560,120
7596,26,Male,Firefighter (E),AFR Atlanta Fire & Recuse,32132.8,483,775,764
7597,33,Male,Fire Lieutenant (E),AFR Atlanta Fire & Recuse,47488.72,591,182,312
7598,55,Female,Case Manager,JDA Municipal Court Operations,50197.5,788,808,352
7599,48,Male,Recreation Operations Assistant,"PRC Parks, Recreation, & Cultural Affairs",28035.05,878,37,266
7600,50,Female,Community Facility Manager,"PRC Parks, Recreation, & Cultural Affairs",50020.46,53,814,457
7601,59,Male,"Investigator, Sr",DWM Department of Watershed Management,52578.01,774,978,312
7602,50,Male,Police Investigator (E) (F) (O),APD Atlanta Police Department,64772.86,518,416,248
7603,47,Male,IT Director,DIT Department of Information Technology,85505.99,833,398,640
7604,54,Male,Corrections Officer (E),COR Department of Corrections,44276.54,795,947,212
7605,45,Female,Police Officer (E) (F) (O) (B) (S),APD Atlanta Police Department,44259.49,706,779,639
7606,57,Male,Airport Manager,DOA Department of Aviation,79772.01,130,881,315
7607,56,Male,"Administrative Assistant, Sr",DOA Department of Aviation,38643.04,313,659,276
7608,23,Female,"Office Support Assistant, Sr (D)",COR Department of Corrections,26703.01,371,59,63
7609,35,Male,Police Officer (E) (F) (O) (B) (S),APD Atlanta Police Department,42762.72,248,713,711
7610,57,Female,Construction/Maintenance Worker (D),DWM Department of Watershed Management,35668.45,523,713,59
7611,54,Male,Environmental Service Worker I (D),DPW Department of Public Works,25461.01,650,451,479
7612,51,Female,Construction/Maintenance Worker (D),DWM Department of Watershed Management,32243.86,36,907,26
7613,53,Male,Facility Management Director,EXE Executive Offices,105000.0,956,114,357
7614,33,Male,Fire Lieutenant (E),AFR Atlanta Fire & Recuse,43784.85,285,341,805
7615,44,Male,Police Officer (E) (F) (O) (B) (S),APD Atlanta Police Department,49071.36,128,628,813
7616,25,Female,"Career Advisor, Sr",PCD Atlanta Workforce Development Agency,47610.01,458,671,758
7617,40,Male,Fire Sergeant (E),AFR Atlanta Fire & Recuse,49121.57,892,261,786
7618,42,Male,Construction/Maintenance Worker II (D),EXE Executive Offices,37814.71,498,674,159
7619,39,Male,Police Officer (E) (F) (O) (B) (S),APD Atlanta Police Department,44259.49,346,684,756
7620,49,Male,Construction Inspector Supervisor,DPW Department of Public Works,47666.74,447,905,825
7621,40,Male,Urban Planner II,PCD Planning & Community Development,56893.41,21,491,430
7622,33,Male,Environmental Service Worker I (D),DPW Department of Public Works,26700.1,879,891,333
7623,46,Female,Communications Dispatcher (D),APD Atlanta Police Department,35780.61,628,452,360
7624,50,Male,Vehicle/Equipment Mechanic II,DPW Department of Public Works,39505.96,640,301,792
7625,51,Female,Data/Reporting Analyst,DOA Department of Aviation,49576.51,767,500,183
7626,60,Female,"Water Service Representative, Sr",DWM Department of Watershed Management,39670.72,235,114,724
7627,65,Female,City Council Assistant,CCN City Council,52000.0,948,544,528
7628,37,Female,Human Resources Manager I,DHR Department of Human Reources,63100.0,579,356,189
7629,42,Male,"IT Project Manager, Sr",DOA Department of Aviation,72000.03,69,614,941
7630,55,Female,Corrections Lieutenant (E),COR Department of Corrections,58807.01,51,81,776
7631,44,Male,"Storekeeper, Sr (D)",DPW Department of Public Works,33587.9,720,2,790
7632,54,Male,Aquatics Facility Assistant,"PRC Parks, Recreation, & Cultural Affairs",33296.71,397,208,232
7633,28,Female,Employee Relations Manager II,DHR Department of Human Reources,67000.0,809,277,195
7634,27,Male,Vehicle/Equipment Mechanic II,DPW Department of Public Works,38001.6,396,67,752
7635,50,Male,"Civil Engineer, Sr",DWM Department of Watershed Management,54600.0,690,192,70
7636,24,Female,Community Affairs Coordinator,DOA Department of Aviation,50000.08,1000,856,650
7637,29,Male,"Management Analyst, Sr",DWM Department of Watershed Management,62700.02,612,671,29
7638,46,Male,"Plant Maintenance Mechanic, Sr (D)",DWM Department of Watershed Management,48568.67,325,458,292
7639,23,Male,Police Officer (E) (F) (O) (B) (S),APD Atlanta Police Department,39327.6,853,25,698
7640,48,Female,"Administrative Assistant, Sr",DOP Department of Procurement,47009.19,320,351,907
7641,35,Female,Court Clerk (D),JDA Municipal Court Operations,28048.51,903,105,819
7642,40,Female,"Solicitor, Sr Assistant",SOL Solicitor Office,92730.02,803,464,818
7643,45,Female,"Accountant, Sr",DOF Department of Finance,54600.0,752,86,854
7644,33,Female,"Administrative Assistant, Sr",DOF Department of Finance,39358.65,713,527,56
7645,45,Male,"Storekeeper, Sr (D)",DPW Department of Public Works,32454.05,161,460,835
7646,57,Female,Construction/Maintenance Worker (D),DPW Department of Public Works,37994.55,956,129,136
7647,35,Male,Police Officer (E) (F) (O) (B) (S),APD Atlanta Police Department,42762.72,829,20,142
7648,42,Male,Watershed Plant Operator Class I (D),DWM Department of Watershed Management,46807.9,405,324,689
7649,34,Male,Desk Top Support Technician,DIT Department of Information Technology,53972.42,629,532,704
7650,35,Female,Video Integration Center Monitor,DWM Department of Watershed Management,47033.51,623,758,242
7651,37,Male,Police Investigator (E) (F) (O),APD Atlanta Police Department,51420.1,890,854,700
7652,45,Male,Chief Technology Officer,DIT Department of Information Technology,185000.0,746,452,85
7653,52,Female,Contracting Officer,DOP Department of Procurement,50000.02,626,331,263
7654,41,Male,Firefighter (E),AFR Atlanta Fire & Recuse,35785.83,801,597,599
7655,43,Male,Police Officer (E) (F) (O) (B) (S),APD Atlanta Police Department,41316.7,509,252,926
7656,26,Male,Corrections Officer (E),COR Department of Corrections,30081.0,455,43,336
7657,52,Female,Business Manager II,EXE Executive Offices,58800.02,69,641,945
7658,42,Male,Electrician Supervisor (D),DPW Department of Public Works,44337.49,189,819,212
7659,38,Male,Electrician Specialist,DOA Department of Aviation,53820.0,349,95,447
7660,54,Female,Solid Waste Equipment Operator,DPW Department of Public Works,30467.07,452,968,862
7661,58,Female,Parks District Maintenance Supervisor,"PRC Parks, Recreation, & Cultural Affairs",48662.86,655,147,813
7662,38,Male,Police Lieutenant (E) (F) (O) (B) (S),APD Atlanta Police Department,73381.63,584,366,758
7663,39,Female,GIS Coordinator,DWM Department of Watershed Management,71999.99,31,514,256
7664,47,Male,Fire Lieutenant (E),AFR Atlanta Fire & Recuse,45826.5,648,357,562
7665,44,Male,Police Officer (E) (F) (O) (B) (S),APD Atlanta Police Department,54406.14,203,6,265
7666,53,Male,"Electrician, Sr (D)",EXE Executive Offices,43388.8,533,318,815
7667,52,Female,Police Traffic Control Inspector (D),APD Atlanta Police Department,34961.69,577,106,502
7668,51,Male,"Facilities Maintenance Mechanic, Sr (D)",DOA Department of Aviation,38329.1,381,42,438
7669,43,Male,Safety & Training Officer,DWM Department of Watershed Management,52578.01,190,492,476
7670,59,Female,Ground Transportation Manager,APD Atlanta Police Department,81800.01,134,754,320
7671,29,Male,"Facilities Maintenance Mechanic, Sr (D)",DOA Department of Aviation,39269.66,811,410,59
7672,41,Male,Watershed Crew Supervisor (D),DWM Department of Watershed Management,47186.99,469,887,744
7673,46,Female,"Customer Service Representative, Sr (D)",EXE Executive Offices,32055.84,97,414,248
7674,50,Male,Solid Waste Route Supervisor (D),DPW Department of Public Works,57500.02,957,991,435
7675,56,Male,"Plant Maintenance Mechanic, Sr (D)",DWM Department of Watershed Management,46807.9,696,138,383
7676,25,Female,"Administrative Assistant, Sr",DOA Department of Aviation,40566.93,974,481,66
7677,42,Male,Fire Sergeant (E),AFR Atlanta Fire & Recuse,44304.9,236,954,330
7678,40,Male,Fire Captain (E),AFR Atlanta Fire & Recuse,55279.3,62,427,508
7679,54,Female,Watershed Manager I,DWM Department of Watershed Management,74896.65,174,169,488
7680,64,Female,"Custodian, Sr (D)",DWM Department of Watershed Management,29644.92,600,625,44
7681,55,Female,Corrections Officer (E),COR Department of Corrections,47215.17,360,750,799
7682,56,Male,Water Distribution Maintenance Supervisor,DWM Department of Watershed Management,58125.0,461,281,860
7683,42,Male,Fire Sergeant (E),AFR Atlanta Fire & Recuse,41686.43,910,955,319
7684,61,Male,Police Property Management Technician (D),APD Atlanta Police Department,36185.34,83,255,393
7685,38,Male,Recreation Operations Assistant,"PRC Parks, Recreation, & Cultural Affairs",31082.99,831,343,627
7686,30,Female,Recreation Operations Assistant,"PRC Parks, Recreation, & Cultural Affairs",25800.01,389,834,152
7687,29,Female,Data/Reporting Analyst,EXE Executive Offices,51750.0,335,166,866
7688,41,Female,Journeyperson,DWM Department of Watershed Management,44754.95,400,369,656
7689,47,Male,Fire Assistant Chief (E),AFR Atlanta Fire & Recuse,98324.01,392,835,547
7690,34,Male,"Process Control Technician, Sr (D)",DWM Department of Watershed Management,53131.71,48,427,185
7691,61,Male,Watershed Plant Operator Supervisor (D),DWM Department of Watershed Management,63161.61,519,261,647
7692,50,Male,"Municipal Clerk, Deputy",CCN City Council,87663.06,698,355,932
7693,46,Male,Police Lieutenant (E) (F) (O) (B) (S),APD Atlanta Police Department,81359.2,200,376,293
7694,56,Male,Water Distribution Inspection Supervisor,DWM Department of Watershed Management,62196.2,333,222,562
7695,34,Female,"HRIS Specialist, Sr",DHR Department of Human Reources,54904.68,927,968,754
7696,52,Male,Environmental Program Manager,DWM Department of Watershed Management,67541.68,657,430,412
7697,42,Male,"Office Support Assistant, Sr (D)","PRC Parks, Recreation, & Cultural Affairs",25800.11,149,519,815
7698,28,Male,Police Officer (E) (F) (O) (B) (S),APD Atlanta Police Department,39919.57,803,789,99
7699,61,Female,Police Property Management Technician (D),APD Atlanta Police Department,29436.74,223,405,10
7700,51,Female,"Graphic Arts Specialist, Sr",DPW Department of Public Works,68250.0,117,140,425
7701,49,Male,Fire Sergeant (E),AFR Atlanta Fire & Recuse,52620.31,667,748,253
7702,44,Female,Vehicle for Hire Supervisor (D),APD Atlanta Police Department,41000.13,702,426,962
7703,34,Male,Police Investigator (E) (F) (O),APD Atlanta Police Department,47289.49,865,600,88
7704,33,Female,Police Sergeant (E) (F) (O) (B) (S),APD Atlanta Police Department,50298.77,842,149,735
7705,70,Male,"GIS Technician, Sr",DWM Department of Watershed Management,41502.97,633,755,647
7706,51,Male,Legal Program Assistant,SOL Solicitor Office,41400.0,104,687,134
7707,57,Male,Water Meter Technician,DWM Department of Watershed Management,50123.73,888,441,172
7708,47,Female,"Management Analyst, Sr",APD Atlanta Police Department,51665.95,751,343,338
7709,36,Male,Code Enforcement Officer,APD Atlanta Police Department,41033.87,988,646,450
7710,28,Male,Corrections Officer (E),COR Department of Corrections,34429.3,570,590,156
7711,39,Female,"Management Analyst, Sr",DWM Department of Watershed Management,60000.01,225,397,924
7712,35,Female,Corrections Officer (E),COR Department of Corrections,35462.13,678,688,275
7713,31,Female,Management Analyst,DPW Department of Public Works,54600.0,625,708,218
7714,39,Male,Police Sergeant (E) (F) (O) (B) (S),APD Atlanta Police Department,56863.25,203,690,700
7715,27,Male,Environmental Service Worker I (D),DPW Department of Public Works,24600.01,789,303,442
7716,45,Female,"Investigator, Sr",SOL Solicitor Office,50207.89,321,170,813
7717,46,Male,Solid Waste Operator II (D),DPW Department of Public Works,40472.42,386,329,834
7718,39,Male,"Financial Analyst, Sr",DOF Department of Finance,67800.1,938,542,682
7719,62,Female,Compliance Specialist,DOA Department of Aviation,56000.05,358,439,823
7720,53,Female,Code Enforcement Officer,DOF Department of Finance,44018.19,5,324,763
7721,53,Male,Water System Control Operator,DWM Department of Watershed Management,47255.27,141,732,222
7722,52,Male,Aquatics Facility Supervisor,"PRC Parks, Recreation, & Cultural Affairs",39785.68,938,949,975
7723,33,Male,Environmental Service Worker I (D),DPW Department of Public Works,24600.01,160,0,357
7724,64,Male,"Combination Inspector, Sr",PCD Planning & Community Development,53000.02,467,202,643
7725,62,Male,"Water Service Representative, Sr",DWM Department of Watershed Management,48852.0,45,464,181
7726,40,Male,"Watershed Management, Deputy Commissioner",DWM Department of Watershed Management,130000.0,697,361,472
7727,52,Male,Corrections Officer (E),COR Department of Corrections,38400.34,358,611,532
7728,58,Female,"Telecom Engineer, Sr",DOA Department of Aviation,62142.75,727,48,81
7729,40,Male,Behavioral Health Specialist,DHR Department of Human Reources,83200.0,112,500,754
7730,28,Female,Police Officer (E) (F) (O) (B) (S),APD Atlanta Police Department,42128.72,599,960,192
7731,49,Male,Construction/Maintenance Worker (D),DWM Department of Watershed Management,40158.0,27,87,413
7732,48,Male,Fire Assistant Chief (E),AFR Atlanta Fire & Recuse,95685.84,337,763,375
7733,56,Female,"Civil Engineer, Sr",DWM Department of Watershed Management,58993.58,109,338,155
7734,39,Male,Police Officer (E) (F) (O) (B) (S),APD Atlanta Police Department,41316.7,0,651,128
7735,57,Male,Watershed Inspector,DWM Department of Watershed Management,38487.33,563,956,112
7736,44,Female,IT Project Manager,DOA Department of Aviation,75021.44,853,179,157
7737,43,Male,"Facilities Maintenance Mechanic, Sr (D)",DOA Department of Aviation,42638.79,240,727,433
7738,60,Female,"Administrative Assistant, Sr",DWM Department of Watershed Management,47116.4,698,849,1
7739,48,Male,Construction/Maintenance Worker I (D),DWM Department of Watershed Management,37068.85,471,166,445
7740,47,Male,Solid Waste Operator I (D),DPW Department of Public Works,33924.25,425,593,441
7741,38,Female,"Data/Reporting Analyst, Sr",DWM Department of Watershed Management,49737.58,997,535,558
7742,44,Female,IT Project Manager,APD Atlanta Police Department,31356.62,677,480,810
7743,39,Male,Fire Lieutenant (E),AFR Atlanta Fire & Recuse,45826.56,528,804,177
7744,54,Male,"Civil Engineer, Sr",DWM Department of Watershed Management,64953.71,366,858,484
7745,42,Male,"Custodian, Sr (D)",DWM Department of Watershed Management,29644.92,388,292,814
7746,59,Male,"Plant Maintenance Mechanic, Sr (D)",DWM Department of Watershed Management,52339.73,565,462,374
7747,29,Male,Environmental Service Worker I (D),DPW Department of Public Works,25461.01,441,303,797
7748,51,Male,"Construction/Maintenance Worker, Sr",DWM Department of Watershed Management,38486.47,988,205,6
7749,55,Female,"Administrative Assistant, Sr",DWM Department of Watershed Management,46767.86,735,106,713
7750,31,Male,Police Officer (E) (F) (O) (B) (S),APD Atlanta Police Department,42128.72,915,458,748
7751,32,Female,"Architectural Designer, Sr",EXE Executive Offices,63100.0,21,42,99
7752,62,Female,"Office Support Assistant, Sr (D)",APD Atlanta Police Department,30638.86,840,97,521
7753,44,Male,Traffic Service Technician,DPW Department of Public Works,28035.05,992,155,828
7754,41,Male,Vehicle/Equipment Mechanic II,DPW Department of Public Works,46498.11,854,494,139
7755,42,Female,Psychological Services Specialist,JDA Municipal Court Operations,49483.62,581,77,597
7756,44,Male,Construction/Maintenance Worker (D),EXE Executive Offices,32281.6,251,51,326
7757,39,Female,Corrections Officer (E),COR Department of Corrections,35461.71,32,473,590
7758,38,Male,"Programmer Analyst, Sr",DPW Department of Public Works,54929.01,804,155,429
7759,43,Male,Fire Captain (E),AFR Atlanta Fire & Recuse,59362.04,831,610,50
7760,26,Male,Police Officer (E) (F) (O) (B) (S),APD Atlanta Police Department,39327.6,462,502,59
7761,24,Female,Intern,DIT Department of Information Technology,33280.0,444,227,157
7762,40,Female,HRIS Specialist,DHR Department of Human Reources,41000.04,437,545,337
7763,54,Male,Water Utility Assistant Manager,DWM Department of Watershed Management,60864.23,7,189,745
7764,35,Female,"Data/Reporting Analyst, Sr",DIT Department of Information Technology,50800.01,185,841,694
7765,29,Male,Firefighter (E),AFR Atlanta Fire & Recuse,32132.8,719,896,386
7766,29,Female,Accountant,DOA Department of Aviation,43992.0,953,308,677
7767,38,Male,Video Integration Monitor PT,APD Atlanta Police Department,40600.04,972,174,618
7768,39,Female,Police Officer (E) (F) (O) (B) (S),APD Atlanta Police Department,44259.49,753,687,260
7769,27,Female,"Civil Engineer, Sr",PCD Planning & Community Development,58699.99,29,482,600
7770,46,Male,Police Officer (E) (F) (O) (B) (S),APD Atlanta Police Department,44259.49,290,971,535
7771,52,Male,Journeyperson,DWM Department of Watershed Management,44853.82,98,465,960
7772,53,Male,Environmental Service Worker I (D),DPW Department of Public Works,27634.63,626,225,498
7773,55,Female,"Administrative Assistant, Sr",PCD Atlanta Workforce Development Agency,41400.0,409,457,113
7774,49,Male,Corrections Officer (E),COR Department of Corrections,42807.23,403,301,336
7775,28,Male,Police Officer (E) (F) (O) (B) (S),APD Atlanta Police Department,42762.72,327,206,425
7776,43,Male,Fire Sergeant (E),AFR Atlanta Fire & Recuse,46961.25,329,968,568
7777,37,Male,Firefighter (E),AFR Atlanta Fire & Recuse,40339.3,890,483,51
7778,34,Female,Police Officer (E) (F) (O) (B) (S),APD Atlanta Police Department,42762.72,246,591,799
7779,54,Male,Police Officer (E) (F) (O) (B) (S),APD Atlanta Police Department,58281.18,284,750,650
7780,43,Female,"Customer Service Manager, Sr",DWM Department of Watershed Management,65000.0,62,225,604
7781,29,Male,Police Officer (E) (F) (O) (B) (S),APD Atlanta Police Department,42762.72,460,926,182
7782,44,Female,"Civil Engineer, Sr",DWM Department of Watershed Management,62263.74,589,199,989
7783,30,Female,Airport Security Systems Assistant,DOA Department of Aviation,35006.4,177,543,619
7784,29,Male,Police Officer (E) (F) (O) (B) (S),APD Atlanta Police Department,39919.57,214,422,615
7785,24,Male,Police Officer (E) (F) (O) (B) (S),APD Atlanta Police Department,39327.6,53,436,751
7786,42,Female,"Accounting Manager, Sr",DOF Department of Finance,73368.32,782,169,604
7787,48,Male,Construction/Maintenance Worker (D),EXE Executive Offices,26878.14,964,750,196
7788,51,Female,Procurement Specialist,JDA Municipal Court Operations,39949.94,839,592,530
7789,35,Male,Solid Waste Operator I (D),DPW Department of Public Works,33924.25,881,311,950
7790,28,Female,"City Council Assistant, Sr",CCN City Council,41125.01,483,964,336
7791,56,Female,Airport Public Affairs Director,DOA Department of Aviation,109533.42,263,743,133
7792,39,Female,Police Officer (E) (F) (O) (B) (S),APD Atlanta Police Department,44259.49,620,380,329
7793,34,Female,Police Officer (E) (F) (O) (B) (S),APD Atlanta Police Department,39919.57,765,797,16
7794,23,Male,Firefighter (E),AFR Atlanta Fire & Recuse,32132.8,758,64,659
7795,47,Male,Construction/Maintenance Worker (D),DPW Department of Public Works,31711.39,394,400,619
7796,39,Male,Vehicle/Equipment Maintenance Supervisor,DPW Department of Public Works,54379.62,919,260,824
7797,54,Male,"Public Works Transportation Manager, Sr",DPW Department of Public Works,87025.41,523,331,318
7798,45,Male,Safety & Training Officer,DPW Department of Public Works,36500.01,918,645,724
7799,58,Male,Housing Demolition Officer Sr,APD Atlanta Police Department,37966.35,87,245,828
7800,37,Female,Police Officer (E) (F) (O) (B) (S),APD Atlanta Police Department,45808.67,644,187,790
7801,34,Female,Business Manager I,LAW Law Department,52000.0,106,252,527
7802,48,Female,Parks Worker II (D),"PRC Parks, Recreation, & Cultural Affairs",30534.45,442,138,334
7803,52,Male,Police Officer (E) (F) (O) (B) (S),APD Atlanta Police Department,58281.18,121,947,517
7804,49,Male,Construction/Maintenance Worker (D),DWM Department of Watershed Management,31205.27,872,408,207
7805,65,Female,Training Manager,DHR Department of Human Reources,62624.99,580,788,170
7806,39,Female,Recreation Operations Assistant,"PRC Parks, Recreation, & Cultural Affairs",28035.05,319,458,415
7807,63,Female,Data Operations Technician (D),DIT Department of Information Technology,39269.4,934,548,170
7808,53,Male,Watershed Operations Coordinator,DWM Department of Watershed Management,55881.74,338,241,423
7809,39,Female,Data/Reporting Analyst,DWM Department of Watershed Management,45699.21,227,698,174
7810,28,Male,Police Officer (E) (F) (O) (B) (S),APD Atlanta Police Department,42762.72,490,869,83
7811,68,Male,Construction/Maintenance Worker (D),DWM Department of Watershed Management,39546.29,597,572,128
7812,42,Male,Police Officer (E) (F) (O) (B) (S),APD Atlanta Police Department,44259.49,42,982,824
7813,40,Male,Firefighter (E),AFR Atlanta Fire & Recuse,35785.83,867,727,762
7814,50,Male,Solid Waste Route Supervisor (D),DPW Department of Public Works,47382.91,991,137,900
7815,42,Male,Water Distribution Inspection Supervisor,DWM Department of Watershed Management,53953.62,711,748,972
7816,47,Male,Police Officer (E) (F) (O) (B) (S),APD Atlanta Police Department,41316.7,761,263,534
7817,51,Male,Vehicle/Equipment Mechanic III,DPW Department of Public Works,51319.09,147,92,484
7818,29,Male,Police Officer (E) (F) (O) (B) (S),APD Atlanta Police Department,39327.6,832,68,467
7819,59,Male,GIS Technician Supervisor,DPW Department of Public Works,50863.56,847,529,696
7820,51,Female,Police Lieutenant (E) (F) (O) (B) (S),APD Atlanta Police Department,81359.2,157,984,947
7821,56,Male,"Facilities Maintenance Mechanic, Sr (D)",EXE Executive Offices,35398.49,642,74,698
7822,37,Female,Administrative Assistant,DWM Department of Watershed Management,34944.0,26,718,325
7823,50,Male,"Airport Planner, Sr",DOA Department of Aviation,75437.27,745,63,74
7824,47,Male,Police Officer (E) (F) (O) (B) (S),APD Atlanta Police Department,42762.72,35,950,377
7825,44,Female,Airport Security Representative II (D),DOA Department of Aviation,47536.53,473,34,164
7826,32,Male,"Facilities Maintenance Mechanic, Sr (D)",DOA Department of Aviation,34200.4,476,570,446
7827,39,Female,Project Manager,DOA Department of Aviation,67818.0,270,500,982
7828,28,Male,Construction/Maintenance Worker (D),DPW Department of Public Works,26703.01,340,665,820
7829,45,Female,"Corrections Officer, Sr (E)",COR Department of Corrections,50095.14,361,117,534
7830,45,Male,Code Enforcement Officer,APD Atlanta Police Department,41055.4,753,682,14
7831,28,Female,Judge Special Assistant,JDA Municipal Court Operations,51731.47,808,91,344
7832,24,Male,Police Officer (E) (F) (O) (B) (S),APD Atlanta Police Department,34726.37,128,357,118
7833,31,Male,Airport Security Representative I (D),DOA Department of Aviation,41000.0,504,518,383
7834,40,Male,Firefighter (E),AFR Atlanta Fire & Recuse,39129.14,839,524,698
7835,32,Female,Police Investigator (E) (F) (O),APD Atlanta Police Department,44145.23,302,842,627
7836,30,Female,Fire Command Technician (E),AFR Atlanta Fire & Recuse,41068.42,206,395,420
7837,44,Male,Fire Sergeant (E),AFR Atlanta Fire & Recuse,52620.31,379,771,966
7838,36,Female,Police Officer (E) (F) (O) (B) (S),APD Atlanta Police Department,41316.7,531,13,949
7839,33,Male,Firefighter (E),AFR Atlanta Fire & Recuse,35255.25,322,69,153
7840,32,Female,"Accounting Manager, Sr",DOF Department of Finance,67000.0,851,206,380
7841,54,Male,Fire Lieutenant (E),AFR Atlanta Fire & Recuse,60567.31,985,269,532
7842,57,Male,Watershed Director II,DWM Department of Watershed Management,120000.0,677,677,108
7843,46,Male,Fire Lieutenant (E),AFR Atlanta Fire & Recuse,50995.92,50,537,183
7844,45,Male,Police Sergeant (E) (F) (O) (B) (S),APD Atlanta Police Department,53881.36,1,90,936
7845,31,Male,Recreation Operations Assistant,"PRC Parks, Recreation, & Cultural Affairs",26703.01,972,69,695
7846,41,Male,Watershed Plant Operator Class I (D),DWM Department of Watershed Management,46807.9,213,450,776
7847,55,Female,Airport Director,DOA Department of Aviation,105000.06,872,554,718
7848,22,Male,Intern,DPW Department of Public Works,33238.4,30,818,163
7849,34,Female,Forensic Technician,APD Atlanta Police Department,32454.11,911,943,316
7850,65,Male,Police Reports Technician (D),APD Atlanta Police Department,41523.64,386,289,244
7851,35,Female,"Customer Service Representative, Sr (D)",APD Atlanta Police Department,32055.84,655,205,641
7852,34,Male,Corrections Officer (E),COR Department of Corrections,34257.02,812,793,683
7853,48,Female,Legal Specialist,LAW Law Department,52803.66,771,919,353
7854,30,Female,Office Manager,EXE Executive Offices,51575.01,479,792,809
7855,29,Male,Firefighter (E),AFR Atlanta Fire & Recuse,35255.25,222,740,592
7856,57,Female,Legislative Research & Policy Analyst II,DOA Department of Aviation,75266.69,771,623,527
7857,34,Female,Police Officer (E) (F) (O) (B) (S),APD Atlanta Police Department,41316.7,969,848,749
7858,45,Male,Police Officer (E) (F) (O) (B) (S),APD Atlanta Police Department,42762.72,213,647,164
7859,33,Female,Business Manager II,EXE Executive Offices,80000.0,665,297,806
7860,26,Female,"Office Support Assistant, Sr (D)",APD Atlanta Police Department,26703.01,51,26,928
7861,48,Male,Solid Waste Operator I (D),DPW Department of Public Works,33924.25,767,57,81
7862,33,Female,"City Council Assistant, Sr",CCN City Council,50000.0,976,565,365
7863,57,Female,"Office Support Assistant, Sr (D)",APD Atlanta Police Department,37033.11,269,176,866
7864,68,Male,"Accounting Manager, Sr",DOA Department of Aviation,74679.98,971,112,544
7865,27,Male,Field Engineer,EXE Executive Offices,47000.58,829,695,803
7866,26,Female,Communications Dispatcher (D),APD Atlanta Police Department,35355.65,759,754,624
7867,55,Male,"Police Officer, Sr (E) (F) (O) (B) (S)",APD Atlanta Police Department,59005.65,317,421,379
7868,59,Male,Fire Sergeant (E),AFR Atlanta Fire & Recuse,52620.31,945,169,860
7869,36,Female,Recruiter,DHR Department of Human Reources,52000.0,491,121,802
7870,23,Female,"Administrative Assistant, Sr",DPW Department of Public Works,34164.94,987,235,519
7871,54,Male,Corrections Officer (E),COR Department of Corrections,30081.0,272,391,986
7872,48,Male,Traffic Signal Technician (D),DPW Department of Public Works,38316.18,270,285,830
7873,32,Male,Firefighter (E),AFR Atlanta Fire & Recuse,37955.36,127,946,654
7874,31,Male,Firefighter (E),AFR Atlanta Fire & Recuse,37955.36,48,108,822
7875,28,Male,Electrician Assistant (D),DPW Department of Public Works,28500.01,557,7,740
7876,25,Female,"Office Support Assistant, Sr (D)","PRC Parks, Recreation, & Cultural Affairs",26703.01,372,57,868
7877,42,Male,Police Officer (E) (F) (O) (B) (S),APD Atlanta Police Department,41316.7,56,812,444
7878,60,Male,"Ecologist, Senior",DWM Department of Watershed Management,84300.01,317,23,357
7879,36,Female,Public Relations Manager,DIT Department of Information Technology,60000.1,948,42,940
7880,55,Female,Payroll Specialist,DWM Department of Watershed Management,42335.13,901,657,92
7881,44,Male,Gardener,"PRC Parks, Recreation, & Cultural Affairs",29497.51,296,467,75
7882,52,Male,Data/Reporting Analyst,DWM Department of Watershed Management,43687.42,91,772,759
7883,37,Male,Recreation Operations Assistant,"PRC Parks, Recreation, & Cultural Affairs",29034.38,890,173,954
7884,52,Male,Watershed Director II,DWM Department of Watershed Management,110000.01,402,162,575
7885,37,Male,Gardener,"PRC Parks, Recreation, & Cultural Affairs",30908.61,11,148,540
7886,38,Female,"Training Specialist, Sr",DHR Department of Human Reources,53000.0,154,967,720
7887,69,Male,Fire Inspector,AFR Atlanta Fire & Recuse,39785.68,411,508,212
7888,55,Male,"Field Engineer, Sr",DWM Department of Watershed Management,51519.94,567,686,680
7889,40,Female,Communications Dispatcher (D),APD Atlanta Police Department,35780.61,580,849,836
7890,40,Male,"Construction/Maintenance Worker, Sr",DWM Department of Watershed Management,39834.83,916,656,23
7891,41,Female,Warrants Technician I (D),APD Atlanta Police Department,34638.57,576,272,521
7892,35,Female,Watershed Manager I,DWM Department of Watershed Management,71000.01,300,270,250
7893,44,Male,Construction/Maintenance Worker (D),DWM Department of Watershed Management,31153.51,316,420,552
7894,40,Male,Environmental Service Worker I (D),DPW Department of Public Works,27634.63,667,417,110
7895,43,Female,Records Analyst,APD Atlanta Police Department,34700.02,426,102,844
7896,47,Male,Environmental Service Worker I (D),DPW Department of Public Works,24600.01,816,178,89
7897,59,Male,Water Quality Control Superintendent,DWM Department of Watershed Management,60928.0,86,820,658
7898,63,Male,Data Technician,DWM Department of Watershed Management,42735.88,710,790,809
7899,56,Female,Accounting Technical Specialist,DOF Department of Finance,50885.52,425,989,534
7900,53,Male,Fire Captain (E),AFR Atlanta Fire & Recuse,57284.29,458,489,643
7901,47,Male,Traffic Signal Technician (D),DPW Department of Public Works,34325.75,207,189,797
7902,31,Female,Community Facility Manager,"PRC Parks, Recreation, & Cultural Affairs",41561.31,59,152,842
7903,26,Female,Performance Auditor,AUD Audit Administration,67800.01,143,306,685
7904,58,Female,Custodian (D),EXE Executive Offices,26700.1,919,804,495
7905,45,Female,Human Resources Manager I,DHR Department of Human Reources,63100.0,32,822,589
7906,26,Female,Communications Dispatcher (D),APD Atlanta Police Department,34155.01,281,664,430
7907,45,Male,"Process Control Technician, Sr (D)",DWM Department of Watershed Management,55896.38,642,507,728
7908,28,Female,Corrections Officer (E),COR Department of Corrections,30081.0,194,252,173
7909,52,Male,Corrections Officer (E),COR Department of Corrections,37944.48,310,222,364
7910,57,Male,Management Consulting Director,DOF Department of Finance,123190.89,611,473,319
7911,32,Female,Summer Food Service Coordinator,EXE Executive Offices,50800.01,759,69,505
7912,29,Male,Management Analyst,PCD Planning & Community Development,41000.0,67,353,599
7913,58,Male,Recruiter,DHR Department of Human Reources,64891.0,83,714,560
7914,32,Male,Police Officer (E) (F) (O) (B) (S),APD Atlanta Police Department,41316.7,370,821,217
7915,27,Male,Police Officer (E) (F) (O) (B) (S),APD Atlanta Police Department,39327.6,563,895,16
7916,35,Female,Police Officer (E) (F) (O) (B) (S),APD Atlanta Police Department,44259.49,506,182,914
7917,38,Female,Administrative Assistant,APD Atlanta Police Department,38295.02,482,451,785
7918,43,Male,Parks Supervisor (D),"PRC Parks, Recreation, & Cultural Affairs",38588.08,598,669,933
7919,56,Male,Airport Transportation Systems Director,DOA Department of Aviation,95000.01,336,586,137
7920,36,Female,Office Manager,PCD Atlanta Workforce Development Agency,41762.99,426,269,651
7921,29,Female,Police Officer (E) (F) (O) (B) (S),APD Atlanta Police Department,42762.72,99,368,657
7922,43,Male,"Plant Maintenance Mechanic, Sr (D)",DWM Department of Watershed Management,47000.01,90,117,112
7923,47,Female,Payroll Director,DOF Department of Finance,84300.01,97,219,570
7924,64,Male,"Facilities Maintenance Supervisor, Sr",EXE Executive Offices,67799.99,836,777,245
7925,29,Male,Police Officer (E) (F) (O) (B) (S),APD Atlanta Police Department,42128.72,91,302,252
7926,39,Female,Chief Counsel,LAW Law Department,116880.0,608,745,861
7927,42,Female,"Office Support Assistant, Sr (D)",APD Atlanta Police Department,27684.58,334,707,703
7928,55,Female,Airport Security Systems Assistant,DOA Department of Aviation,38643.04,267,7,72
7929,28,Female,Police Officer (E) (F) (O) (B) (S),APD Atlanta Police Department,42762.72,298,388,884
7930,58,Male,Wastewater Collection Supervisor (D),DWM Department of Watershed Management,54418.24,390,783,101
7931,63,Male,"Wastewater Collection Operator, Sr (D)",DWM Department of Watershed Management,48765.44,218,346,706
7932,38,Male,Fire Lieutenant (E),AFR Atlanta Fire & Recuse,44222.78,341,571,996
7933,36,Male,Firefighter (E),AFR Atlanta Fire & Recuse,37392.58,27,839,990
7934,54,Female,ATL311 Call Center Representative I,EXE Executive Offices,40119.37,631,918,177
7935,28,Female,Police Officer (E) (F) (O) (B) (S),APD Atlanta Police Department,41316.7,317,146,359
7936,41,Male,ATL311 Call Center Representative I,EXE Executive Offices,35800.0,379,185,769
7937,35,Female,Fire Lieutenant (E),AFR Atlanta Fire & Recuse,49211.14,716,250,141
7938,31,Female,Police Officer (E) (F) (O) (B) (S),APD Atlanta Police Department,42762.72,7,54,5
7939,53,Male,Solid Waste Route Supervisor (D),DPW Department of Public Works,48954.03,798,452,496
7940,26,Male,ATL311 Call Center Representative I,EXE Executive Offices,37599.99,819,239,728
7941,32,Female,Police Investigator (E) (F) (O),APD Atlanta Police Department,47289.49,670,946,486
7942,31,Male,Construction/Maintenance Worker (D),DWM Department of Watershed Management,31153.49,921,147,206
7943,58,Male,Vehicle/Equipment Mechanic II,DPW Department of Public Works,46498.11,881,524,623
7944,67,Male,Water Distribution Specialist,DWM Department of Watershed Management,57685.01,353,171,338
7945,68,Male,"Laboratory Manager, Assistant",DWM Department of Watershed Management,64828.37,601,972,212
7946,53,Male,"Police Officer, Sr (E) (F) (O) (B) (S)",APD Atlanta Police Department,64772.86,422,137,321
7947,51,Male,"Facilities Maintenance Mechanic, Sr (D)",DOA Department of Aviation,47161.82,871,855,611
7948,49,Male,Corrections Officer (E),COR Department of Corrections,44276.54,615,123,981
7949,29,Male,Assistant Attorney,SOL Solicitor Office,64680.01,482,851,336
7950,67,Male,"Construction Inspector, Sr",DWM Department of Watershed Management,48888.15,602,557,713
7951,25,Male,Police Officer (E) (F) (O) (B) (S),APD Atlanta Police Department,39919.57,281,629,42
7952,50,Female,Environmental Service Worker I (D),DPW Department of Public Works,26699.89,387,504,201
7953,39,Female,Recreation Program Supervisor,EXE Executive Offices,55000.0,765,92,32
7954,46,Female,"Accounting Technician, Sr",DOF Department of Finance,36358.42,22,339,425
7955,55,Male,"Construction/Maintenance Worker, Sr",DWM Department of Watershed Management,38486.47,27,461,60
7956,40,Female,Accounting Technical Specialist,DOF Department of Finance,42243.53,626,659,324
7957,53,Female,AWDA Program Supervisor,PCD Atlanta Workforce Development Agency,45717.85,197,334,591
7958,49,Female,Council Staff Director,CCN City Council,112000.01,819,855,619
7959,41,Male,Journeyperson,DWM Department of Watershed Management,49118.93,121,928,183
7960,46,Male,Police Officer (E) (F) (O) (B) (S),APD Atlanta Police Department,56310.38,788,536,227
7961,63,Female,Accounting Technical Specialist,DOA Department of Aviation,42660.75,831,693,287
7962,49,Male,Police Lieutenant (E) (F) (O) (B) (S),APD Atlanta Police Department,70900.13,708,782,115
7963,49,Male,"Facilities Maintenance Mechanic, Sr (D)",DOA Department of Aviation,41059.06,60,143,351
7964,54,Male,"Construction/Maintenance Worker, Sr",DWM Department of Watershed Management,38470.54,405,744,289
7965,26,Male,Police Officer (E) (F) (O) (B) (S),APD Atlanta Police Department,39327.6,647,495,923
7966,25,Male,Police Officer (E) (F) (O) (B) (S),APD Atlanta Police Department,40318.72,560,451,788
7967,53,Male,Police Sergeant (E) (F) (O) (B) (S),APD Atlanta Police Department,63360.54,908,6,209
7968,51,Female,Corrections ID Technician (D),COR Department of Corrections,40119.37,158,232,343
7969,49,Female,Communications Dispatcher Supervisor (D),APD Atlanta Police Department,48381.81,592,916,420
7970,26,Male,Police Officer (E) (F) (O) (B) (S),APD Atlanta Police Department,39919.57,993,175,115
7971,49,Male,Corrections Officer (E),COR Department of Corrections,41339.17,157,893,232
7972,46,Female,"Communications Dispatcher, Sr (D)",APD Atlanta Police Department,46745.68,522,192,776
7973,45,Female,"Pollution Control Monitor, Sr",DWM Department of Watershed Management,48888.15,793,662,361
7974,50,Male,Corrections Major (E),COR Department of Corrections,71875.02,126,994,966
7975,57,Male,"Facilities Maintenance Supervisor, Sr",EXE Executive Offices,68000.0,904,330,561
7976,42,Female,Administrative Assistant,DOA Department of Aviation,39894.4,652,654,766
7977,31,Male,Police Officer (E) (F) (O) (B) (S),APD Atlanta Police Department,42128.72,640,513,440
7978,61,Male,Vehicle/Equipment Mechanic II,DPW Department of Public Works,46498.11,784,156,807
7979,67,Male,Construction/Maintenance Worker (D),DWM Department of Watershed Management,33969.89,409,929,5
7980,41,Female,"Recreation Operations Assistant, Sr","PRC Parks, Recreation, & Cultural Affairs",32034.31,330,149,598
7981,53,Male,Construction/Maintenance Worker (D),DWM Department of Watershed Management,34961.69,100,610,589
7982,23,Male,Firefighter (E),AFR Atlanta Fire & Recuse,32132.8,594,71,797
7983,30,Female,"Accounting Technician, Sr","PRC Parks, Recreation, & Cultural Affairs",35780.61,129,674,518
7984,50,Female,Document Control Manager,DOA Department of Aviation,79067.18,368,493,276
7985,44,Female,ATL311 Team Lead,EXE Executive Offices,47765.24,106,951,16
7986,37,Female,Police Officer (E) (F) (O) (B) (S),APD Atlanta Police Department,44259.49,209,12,682
7987,56,Male,"Facilities Maintenance Mechanic, Sr (D)",DOA Department of Aviation,35780.61,377,41,265
7988,40,Female,Custodian (D),EXE Executive Offices,29370.12,446,97,986
7989,63,Male,"Field Engineer, Sr",EXE Executive Offices,62957.07,882,774,232
7990,56,Female,Accounting Technical Specialist,EXE Executive Offices,44068.46,957,981,35
7991,52,Male,Parks Worker I (D),"PRC Parks, Recreation, & Cultural Affairs",26700.1,515,860,652
7992,38,Female,"Customer Service Representative, Sr (D)",APD Atlanta Police Department,32055.84,155,974,106
7993,51,Male,"Storekeeper, Sr (D)",DPW Department of Public Works,32454.05,23,841,711
7994,52,Female,"Water Service Representative, Sr",DWM Department of Watershed Management,37068.85,631,532,772
7995,44,Male,Vehicle/Equipment Mechanic III,DPW Department of Public Works,51148.39,879,494,14
7996,30,Female,"Laboratory Technician, Sr (D)",DWM Department of Watershed Management,37566.36,504,890,937
7997,31,Male,"Management Analyst, Sr",PCD Planning & Community Development,67800.01,888,451,349
7998,48,Male,Police Investigator (E) (F) (O),APD Atlanta Police Department,62582.62,750,195,823
7999,63,Male,Custodian (D),"PRC Parks, Recreation, & Cultural Affairs",24921.0,140,722,431
8000,30,Male,Firefighter (E),AFR Atlanta Fire & Recuse,36854.61,820,208,883
8001,26,Female,Intern,DWM Department of Watershed Management,33280.0,655,873,951
8002,54,Male,"Financial Analyst, Sr",DOF Department of Finance,71449.08,528,450,134
8003,60,Male,Parks Supervisor (D),"PRC Parks, Recreation, & Cultural Affairs",38597.31,689,518,814
8004,21,Female,Intern,DWM Department of Watershed Management,31158.4,851,449,266
8005,61,Female,"Administrative Assistant, Sr",APD Atlanta Police Department,35699.52,982,612,597
8006,48,Female,Construction/Maintenance Worker (D),DPW Department of Public Works,33430.51,26,848,717
8007,48,Male,"Water Service Representative, Sr",DWM Department of Watershed Management,41059.06,816,66,117
8008,52,Male,Watershed Crew Supervisor (D),DWM Department of Watershed Management,48381.81,826,358,315
8009,59,Female,Budget Analyst,DOA Department of Aviation,59935.03,582,18,132
8010,31,Male,Fire Sergeant (E),AFR Atlanta Fire & Recuse,38641.27,701,339,913
8011,33,Male,Seasonal Equipment Operator,"PRC Parks, Recreation, & Cultural Affairs",21320.0,546,125,188
8012,45,Male,Server Technician,DWM Department of Watershed Management,50050.08,763,856,444
8013,58,Female,Data/Reporting Analyst,DWM Department of Watershed Management,43687.42,297,20,812
8014,59,Female,Watershed Plant Operator Supervisor (D),DWM Department of Watershed Management,63239.09,536,160,818
8015,41,Male,Fire Sergeant (E),AFR Atlanta Fire & Recuse,42975.69,153,268,488
8016,58,Male,Watershed Plant Operator Class I (D),DWM Department of Watershed Management,51521.81,801,222,176
8017,52,Male,Police Investigator (E) (F) (O),APD Atlanta Police Department,59005.65,465,606,900
8018,27,Male,Cultural Affairs Project Coordinator,EXE Executive Offices,36500.05,892,662,46
8019,39,Male,Police Lieutenant (E) (F) (O) (B) (S),APD Atlanta Police Department,81359.01,891,206,712
8020,43,Male,Police Officer (E) (F) (O) (B) (S),APD Atlanta Police Department,41316.7,657,203,98
8021,30,Male,"Career Advisor, Sr",PCD Atlanta Workforce Development Agency,47619.94,798,428,994
8022,35,Male,Environmental Service Worker I (D),DPW Department of Public Works,26699.89,118,52,42
8023,50,Male,Process Control Engineer,DWM Department of Watershed Management,67274.17,463,13,266
8024,42,Male,Fire Sergeant (E),AFR Atlanta Fire & Recuse,49121.57,405,376,725
8025,48,Male,Fire Lieutenant (E),AFR Atlanta Fire & Recuse,58519.14,1,700,973
8026,56,Male,"Tree Trimmer, Sr","PRC Parks, Recreation, & Cultural Affairs",47038.47,994,663,162
8027,31,Male,Police Officer (E) (F) (O) (B) (S),APD Atlanta Police Department,42762.72,801,688,576
8028,42,Male,Parks Worker I (D),"PRC Parks, Recreation, & Cultural Affairs",26700.1,923,89,750
8029,25,Male,Police Officer (E) (F) (O) (B) (S),APD Atlanta Police Department,39327.6,657,195,895
8030,28,Female,Police Officer (E) (F) (O) (B) (S),APD Atlanta Police Department,42762.72,316,758,904
8031,40,Female,"Chief Operating Officer, Deputy",EXE Executive Offices,175000.01,993,659,893
8032,56,Female,Human Resources Manager II,DHR Department of Human Reources,72000.01,351,390,218
8033,45,Male,Parks Supervisor (D),"PRC Parks, Recreation, & Cultural Affairs",38588.08,880,869,665
8034,44,Female,Accounting Technical Specialist,DOF Department of Finance,36500.01,305,821,45
8035,45,Male,Desk Top Support Technician,DIT Department of Information Technology,53972.42,29,78,850
8036,43,Male,Electrician Assistant (D),DPW Department of Public Works,30534.45,316,310,900
8037,53,Female,Police Property Management Technician (D),APD Atlanta Police Department,29436.74,322,499,996
8038,39,Male,Police Officer (E) (F) (O) (B) (S),APD Atlanta Police Department,39919.57,965,31,184
8039,33,Female,Recreation Program Supervisor,"PRC Parks, Recreation, & Cultural Affairs",52000.0,307,132,987
8040,51,Female,Recreation Operations Assistant,"PRC Parks, Recreation, & Cultural Affairs",25800.01,428,705,72
8041,30,Female,Police Officer (E) (F) (O) (B) (S),APD Atlanta Police Department,41316.7,883,463,421
8042,43,Male,Construction/Maintenance Worker (D),DWM Department of Watershed Management,31153.51,825,902,907
8043,25,Male,Water Meter Reader,DWM Department of Watershed Management,30804.8,404,548,339
8044,38,Female,"Pollution Control Monitor, Sr",DWM Department of Watershed Management,48888.15,866,726,289
8045,48,Female,Corrections Officer (E),COR Department of Corrections,36839.36,254,17,598
8046,25,Male,Police Officer (E) (F) (O) (B) (S),APD Atlanta Police Department,39919.57,508,566,877
8047,59,Male,Corrections Officer (E),COR Department of Corrections,51622.06,462,266,639
8048,57,Male,Custodian (D),"PRC Parks, Recreation, & Cultural Affairs",24921.0,904,217,828
8049,46,Male,Police Lieutenant (E) (F) (O) (B) (S),APD Atlanta Police Department,70900.13,14,39,887
8050,59,Female,Procurement Specialist,DWM Department of Watershed Management,48482.41,319,903,412
8051,48,Male,Environmental Service Worker I (D),DPW Department of Public Works,31711.39,377,830,506
8052,56,Male,Construction/Maintenance Worker (D),DWM Department of Watershed Management,31205.27,157,456,393
8053,32,Female,Code Enforcement Officer,APD Atlanta Police Department,39640.52,680,109,923
8054,45,Female,"Community Facility Manager, Sr","PRC Parks, Recreation, & Cultural Affairs",49388.14,118,425,395
8055,48,Female,Communications Dispatcher (D),APD Atlanta Police Department,35780.61,74,378,7
8056,41,Female,"IT Project Manager, Sr",DIT Department of Information Technology,78400.0,990,88,410
8057,51,Male,Police Officer (E) (F) (O) (B) (S),APD Atlanta Police Department,58281.18,503,625,416
8058,30,Male,"Facilities Maintenance Mechanic, Sr (D)","PRC Parks, Recreation, & Cultural Affairs",34155.01,491,745,130
8059,24,Male,Environmental Service Worker I (D),DPW Department of Public Works,25588.4,617,458,683
8060,51,Female,"Customer Service Representative, Sr (D)",DPW Department of Public Works,40472.42,940,160,156
8061,52,Female,"Water Service Representative, Sr",DWM Department of Watershed Management,36358.42,467,304,862
8062,46,Male,Watershed Plant Operator Supervisor (D),DWM Department of Watershed Management,55800.01,960,317,416
8063,58,Female,Customer Service Supervisor (D),DOF Department of Finance,48006.4,991,780,531
8064,43,Male,Facilities Maintenance Supervisor,EXE Executive Offices,49483.72,513,336,553
8065,49,Male,Solid Waste Operator I (D),DPW Department of Public Works,34765.57,828,679,806
8066,47,Male,Fire Battalion Chief (E),AFR Atlanta Fire & Recuse,81363.73,42,354,480
8067,42,Female,Intelligence Analyst,APD Atlanta Police Department,40600.04,707,204,692
8068,26,Male,Police Officer (E) (F) (O) (B) (S),APD Atlanta Police Department,39919.57,766,376,463
8069,47,Female,Public Works Director,DPW Department of Public Works,99750.0,760,30,357
8070,29,Male,Police Officer (E) (F) (O) (B) (S),APD Atlanta Police Department,42762.72,961,654,233
8071,63,Female,City Council Member,CCN City Council,60300.01,922,307,142
8072,33,Male,Firefighter (E),AFR Atlanta Fire & Recuse,32132.8,25,175,626
8073,56,Male,Civil Engineering Manager,DWM Department of Watershed Management,72294.06,456,988,472
8074,42,Male,Vehicle/Equipment Mechanic II,DPW Department of Public Works,46498.11,51,53,398
8075,47,Male,"Water Service Representative, Sr",DWM Department of Watershed Management,40775.73,540,815,52
8076,47,Male,Fire Captain (E),AFR Atlanta Fire & Recuse,65243.89,654,667,199
8077,35,Male,Parks Worker II (D),"PRC Parks, Recreation, & Cultural Affairs",30534.45,886,782,40
8078,35,Male,Police Officer (E) (F) (O) (B) (S),APD Atlanta Police Department,42762.72,847,207,472
8079,57,Male,Police Sergeant (E) (F) (O) (B) (S),APD Atlanta Police Department,57719.17,473,390,239
8080,37,Male,Firefighter (E),AFR Atlanta Fire & Recuse,44725.0,215,490,135
8081,29,Female,Communications Dispatcher (D),APD Atlanta Police Department,35355.65,994,360,73
8082,47,Male,Cultural Affairs Program Manager,EXE Executive Offices,44000.11,321,933,605
8083,42,Male,"Police Officer, Sr (E) (F) (O) (B) (S)",APD Atlanta Police Department,45690.32,641,557,262
8084,38,Female,"Solicitor, Sr Assistant",SOL Solicitor Office,78635.04,908,584,534
8085,49,Male,Police Investigator (E) (F) (O),APD Atlanta Police Department,64772.86,22,461,966
8086,65,Male,Police Reports Technician (D),APD Atlanta Police Department,29436.74,514,211,349
8087,32,Male,Police Investigator (E) (F) (O),APD Atlanta Police Department,48001.2,620,664,199
8088,34,Male,Police Officer (E) (F) (O) (B) (S),APD Atlanta Police Department,42762.72,690,840,183
8089,38,Male,HVAC Technician (D),DOA Department of Aviation,39000.0,371,325,313
8090,36,Male,"Water Service Representative, Sr",DWM Department of Watershed Management,42162.02,713,533,559
8091,51,Female,"Administrative Assistant, Sr",DWM Department of Watershed Management,40365.0,646,817,404
8092,64,Male,Solid Waste Operator II (D),DPW Department of Public Works,40472.42,431,794,658
8093,46,Male,Police Officer (E) (F) (O) (B) (S),APD Atlanta Police Department,58281.18,265,950,200
8094,36,Female,"Financial Analyst, Sr",PCD Planning & Community Development,67800.01,882,636,851
8095,64,Male,Watershed Manager I,DWM Department of Watershed Management,84999.99,801,907,104
8096,23,Male,Firefighter (E),AFR Atlanta Fire & Recuse,35785.83,195,370,870
8097,29,Male,Crime Scene Technician II (D),APD Atlanta Police Department,34155.01,313,579,560
8098,62,Male,Watershed Plant Operator Supervisor (D),DWM Department of Watershed Management,55800.01,181,80,596
8099,32,Male,Firefighter (E),AFR Atlanta Fire & Recuse,37723.11,45,777,819
8100,43,Male,Environmental Compliance Manager,DWM Department of Watershed Management,84300.01,244,76,431
8101,51,Female,ATL311 Call Center Representative I,EXE Executive Offices,36358.42,513,189,825
8102,36,Male,Airport Security Manager,DOA Department of Aviation,77000.02,98,627,172
8103,40,Male,Solid Waste Route Supervisor (D),DPW Department of Public Works,41048.38,190,610,626
8104,55,Female,Business Manager II,APD Atlanta Police Department,97079.53,177,199,891
8105,60,Female,"Recreation Operations Assistant, Sr","PRC Parks, Recreation, & Cultural Affairs",39894.4,4,447,587
8106,27,Male,International Affairs Specialist,EXE Executive Offices,50000.0,415,772,353
8107,46,Female,"Communications Training Coordinator, Assistant (D)",APD Atlanta Police Department,46271.85,743,39,706
8108,38,Female,"Corrections Officer, Sr (E)",COR Department of Corrections,37407.01,522,597,239
8109,40,Female,Communications Dispatcher (D),APD Atlanta Police Department,35780.61,680,340,78
8110,57,Female,Performance & Operations Consultant,DOF Department of Finance,98000.01,235,595,616
8111,65,Female,"Legal Secretary, Sr",LAW Law Department,35006.47,270,101,585
8112,54,Male,Watershed Plant Operator Class I (D),DWM Department of Watershed Management,46807.9,880,566,722
8113,36,Female,Contract Administrator,DOP Department of Procurement,64321.09,265,577,391
8114,53,Female,Utility Billing Specialist II,DWM Department of Watershed Management,38916.01,894,601,410
8115,47,Male,Police Investigator (E) (F) (O),APD Atlanta Police Department,53219.71,380,288,52
8116,28,Female,Environmental Service Worker I (D),DPW Department of Public Works,24921.0,797,639,932
8117,51,Female,"GIS Technician, Sr",DWM Department of Watershed Management,45743.34,518,449,776
8118,48,Female,"Fleet Services, Assistant Director",DPW Department of Public Works,85040.01,879,405,426
8119,33,Male,Parks Worker II (D),"PRC Parks, Recreation, & Cultural Affairs",30534.45,336,726,102
8120,58,Female,Construction/Maintenance Worker (D),DWM Department of Watershed Management,36916.86,642,658,784
8121,52,Male,Fire Assistant Chief (E),AFR Atlanta Fire & Recuse,88981.02,731,127,172
8122,50,Male,Police Lieutenant (E) (F) (O) (B) (S),APD Atlanta Police Department,81359.2,789,146,257
8123,25,Female,Special Events Coordinator,EXE Executive Offices,43167.3,288,407,784
8124,55,Male,Seasonal Equipment Operator,"PRC Parks, Recreation, & Cultural Affairs",21320.0,853,239,319
8125,30,Male,Police Officer (E) (F) (O) (B) (S),APD Atlanta Police Department,42762.72,549,970,731
8126,32,Male,Police Investigator (E) (F) (O),APD Atlanta Police Department,47289.49,913,505,450
8127,56,Male,Water Distribution Maintenance Supervisor,DWM Department of Watershed Management,63135.01,313,277,147
8128,30,Female,Police Officer (E) (F) (O) (B) (S),APD Atlanta Police Department,39327.6,525,3,112
8129,51,Male,Police Officer (E) (F) (O) (B) (S),APD Atlanta Police Department,56310.38,385,323,453
8130,35,Male,Fire Captain (E),AFR Atlanta Fire & Recuse,60602.9,894,469,946
8131,33,Female,"Management Analyst, Sr",DWM Department of Watershed Management,62000.02,543,712,949
8132,34,Male,Environmental Compliance Officer,DWM Department of Watershed Management,41400.0,143,290,980
8133,41,Male,Police Sergeant (E) (F) (O) (B) (S),APD Atlanta Police Department,53881.36,40,404,385
8134,37,Female,Special Events Manager,"PRC Parks, Recreation, & Cultural Affairs",44662.18,527,761,255
8135,36,Male,Fire Command Technician (E),AFR Atlanta Fire & Recuse,41068.42,588,285,665
8136,42,Female,Airport Security Representative II (D),DOA Department of Aviation,47300.01,603,559,720
8137,31,Female,Parks Worker II (D),"PRC Parks, Recreation, & Cultural Affairs",28500.01,992,820,726
8138,35,Male,Firefighter (E),AFR Atlanta Fire & Recuse,37955.36,932,360,625
8139,33,Male,Environmental Service Worker I (D),DPW Department of Public Works,25588.4,97,867,769
8140,40,Male,Construction/Maintenance Worker (D),DWM Department of Watershed Management,31205.27,787,134,195
8141,52,Male,GIS Manager,DOA Department of Aviation,92755.54,77,107,196
8142,43,Female,"Management Analyst, Sr",DWM Department of Watershed Management,67800.1,227,737,607
8143,52,Male,"Construction Inspector, Sr",DWM Department of Watershed Management,52522.72,673,720,393
8144,44,Male,Fire Sergeant (E),AFR Atlanta Fire & Recuse,50841.31,698,358,858
8145,56,Male,Vehicle/Equipment Mechanic II,DPW Department of Public Works,46498.11,584,624,127
8146,50,Male,Firefighter (E),AFR Atlanta Fire & Recuse,37955.36,476,489,243
8147,28,Male,Police Officer (E) (F) (O) (B) (S),APD Atlanta Police Department,42128.72,553,924,669
8148,58,Female,Administrative Assistant,APD Atlanta Police Department,42959.12,134,577,712
8149,49,Male,Pollution Control Monitor,DWM Department of Watershed Management,42647.18,835,858,998
8150,52,Male,Fire Captain (E),AFR Atlanta Fire & Recuse,60905.96,213,699,222
8151,24,Male,Environmental Service Worker I (D),DPW Department of Public Works,24600.01,405,583,28
8152,39,Female,Police Officer (E) (F) (O) (B) (S),APD Atlanta Police Department,50788.82,487,667,245
8153,35,Male,Information Systems Manager,LAW Law Department,50000.02,974,239,294
8154,56,Male,Facilities Maintenance Crew Supervisor,DOA Department of Aviation,52078.84,162,495,887
8155,31,Female,Police Officer (E) (F) (O) (B) (S),APD Atlanta Police Department,41316.7,997,978,31
8156,26,Male,Environmental Service Worker I (D),DPW Department of Public Works,24600.01,81,12,938
8157,32,Female,Police Sergeant (E) (F) (O) (B) (S),APD Atlanta Police Department,53082.45,307,197,963
8158,37,Male,Tree Trimmer,"PRC Parks, Recreation, & Cultural Affairs",37455.02,128,449,409
8159,45,Female,Equipment Operator III (D),DPW Department of Public Works,41398.34,603,550,555
8160,44,Male,Corrections Officer (E),COR Department of Corrections,35462.13,800,699,581
8161,41,Male,Police Officer (E) (F) (O) (B) (S),APD Atlanta Police Department,44259.49,713,754,846
8162,49,Male,"Construction/Maintenance Worker, Sr",DWM Department of Watershed Management,38486.47,813,490,760
8163,43,Male,Firefighter (E),AFR Atlanta Fire & Recuse,41132.23,835,460,946
8164,52,Male,Fire Sergeant (E),AFR Atlanta Fire & Recuse,54462.14,475,544,883
8165,51,Male,Equipment Operator II (D),DPW Department of Public Works,30946.5,788,554,434
8166,56,Male,Court Operations Manager,JDA Municipal Court Operations,59197.63,389,487,467
8167,35,Male,Water Distribution Specialist,DWM Department of Watershed Management,44727.65,394,33,185
8168,33,Female,"City Attorney, Assistant Sr",LAW Law Department,80000.0,811,595,738
8169,42,Male,Fire Sergeant (E),AFR Atlanta Fire & Recuse,52620.31,702,573,727
8170,44,Male,"Construction/Maintenance Worker, Seasonal","PRC Parks, Recreation, & Cultural Affairs",21320.0,308,104,754
8171,35,Male,Environmental Service Worker I (D),DPW Department of Public Works,26699.89,136,298,658
8172,26,Female,Construction/Maintenance Worker (D),DWM Department of Watershed Management,30800.02,362,206,710
8173,47,Female,Program Management Officer,DPW Department of Public Works,105000.0,959,654,586
8174,24,Male,Summer Program Counselor,"PRC Parks, Recreation, & Cultural Affairs",20800.0,755,327,925
8175,35,Male,Vehicle/Equipment Mechanic III,DPW Department of Public Works,49400.0,96,913,214
8176,45,Female,Executive Assistant,DWM Department of Watershed Management,58700.01,440,304,384
8177,28,Male,Police Officer (E) (F) (O) (B) (S),APD Atlanta Police Department,42128.72,854,289,682
8178,57,Male,Electrician Specialist,DOA Department of Aviation,54210.3,616,836,24
8179,55,Male,Watershed Manager II,DWM Department of Watershed Management,88000.02,128,381,624
8180,31,Female,Police Property Management Technician (D),APD Atlanta Police Department,33684.0,592,824,960
8181,43,Female,"Human Resources, Commissioner",DHR Department of Human Reources,175000.01,595,860,767
8182,36,Female,ATL311 Call Center Representative I,EXE Executive Offices,35521.2,513,94,383
8183,47,Female,Warrants Technician III (D),APD Atlanta Police Department,47546.82,61,852,298
8184,54,Male,Administrative Assistant,"PRC Parks, Recreation, & Cultural Affairs",30946.5,14,31,333
8185,38,Female,"Customer Service Representative, Sr (D)",APD Atlanta Police Department,32034.31,744,360,831
8186,50,Female,Communications Dispatcher (D),APD Atlanta Police Department,34325.75,688,141,67
8187,55,Female,"Administrative Assistant, Sr",DWM Department of Watershed Management,42578.29,48,407,214
8188,34,Male,Contracting Officer,DOP Department of Procurement,45876.06,725,880,587
8189,34,Male,Fire Sergeant (E),AFR Atlanta Fire & Recuse,39222.84,669,460,951
8190,53,Female,"Human Resources Representative, Sr",DHR Department of Human Reources,53222.42,382,5,50
8191,43,Female,Revenue Director,DOF Department of Finance,98000.01,633,312,116
8192,37,Male,Police Investigator (E) (F) (O),APD Atlanta Police Department,49681.22,974,401,380
8193,36,Female,Data/Reporting Analyst,DOA Department of Aviation,45137.26,842,855,81
8194,43,Female,"Customer Service Representative, Sr (D)",APD Atlanta Police Department,32055.84,276,631,987
8195,51,Male,Mason Supervisor,DWM Department of Watershed Management,45251.21,659,333,800
8196,29,Male,Civil Engineer,DWM Department of Watershed Management,54873.1,313,814,16
8197,55,Male,Traffic Service Technician,DPW Department of Public Works,38208.97,729,963,403
8198,42,Male,Aquatics Facility Assistant,"PRC Parks, Recreation, & Cultural Affairs",26167.23,521,432,801
8199,58,Female,Revenue Collection Supervisor,DWM Department of Watershed Management,49777.58,518,666,236
8200,54,Male,"Construction/Maintenance Worker, Sr",DWM Department of Watershed Management,40119.37,178,461,252
8201,52,Female,"Administrative Assistant, Sr",DWM Department of Watershed Management,42496.06,699,20,845
8202,39,Female,Airport Security Systems Assistant,DOA Department of Aviation,41059.06,369,637,158
8203,42,Male,Watershed Plant Operator Class I (D),DWM Department of Watershed Management,39105.4,394,879,969
8204,31,Female,Police Officer (E) (F) (O) (B) (S),APD Atlanta Police Department,39327.6,425,454,40
8205,46,Male,Urban Design Commissioner Director,PCD Planning & Community Development,74000.01,89,836,230
8206,58,Female,"Administrative Assistant, Sr",DOA Department of Aviation,37032.9,610,257,94
8207,43,Male,Environmental Service Worker I (D),DPW Department of Public Works,24600.01,980,44,961
8208,53,Male,Environmental Service Worker I (D),DPW Department of Public Works,31711.39,450,593,752
8209,37,Male,Fire Sergeant (E),AFR Atlanta Fire & Recuse,41068.42,295,628,40
8210,53,Male,City Council Member,CCN City Council,60300.01,976,338,126
8211,32,Male,Police Officer (E) (F) (O) (B) (S),APD Atlanta Police Department,44259.49,201,302,879
8212,30,Male,Watershed Plant Operator Class I (D),DWM Department of Watershed Management,46575.01,593,213,51
8213,27,Female,Environmental Service Worker I (D),DPW Department of Public Works,25588.4,333,826,126
8214,41,Male,Solid Waste Operator I (D),DPW Department of Public Works,29910.4,82,352,506
8215,32,Male,Video Integration Monitor PT,APD Atlanta Police Department,40600.04,172,265,455
8216,38,Male,Police Investigator (E) (F) (O),APD Atlanta Police Department,44809.65,465,901,450
8217,30,Female,"Performance Auditor, Sr",AUD Audit Administration,71500.0,658,481,635
8218,49,Female,"Data/Reporting Analyst, Sr","PRC Parks, Recreation, & Cultural Affairs",47017.48,899,535,15
8219,43,Male,Police Officer (E) (F) (O) (B) (S),APD Atlanta Police Department,50788.82,818,519,221
8220,31,Female,"Recruiting Coordinator, Sr",DHR Department of Human Reources,38000.02,527,122,568
8221,46,Female,Court Support Specialist I (D),JDA Municipal Court Operations,30848.5,273,117,665
8222,44,Female,"Communications Dispatcher, Sr (D)",APD Atlanta Police Department,39105.4,335,926,571
8223,33,Female,Police Investigator (E) (F) (O),APD Atlanta Police Department,48001.2,70,659,214
8224,25,Male,Police Officer (E) (F) (O) (B) (S),APD Atlanta Police Department,39327.6,949,282,542
8225,33,Male,Police Officer (E) (F) (O) (B) (S),APD Atlanta Police Department,42762.72,115,697,587
8226,31,Female,Communications Dispatcher (D),APD Atlanta Police Department,35780.61,540,895,532
8227,27,Male,Intern,DWM Department of Watershed Management,33280.0,74,127,869
8228,42,Male,Construction/Maintenance Worker (D),DWM Department of Watershed Management,32243.86,928,433,624
8229,53,Female,Executive Assistant,LAW Law Department,50000.02,977,324,641
8230,30,Male,Permit Technician,PCD Planning & Community Development,41205.01,497,486,113
8231,47,Male,Police Officer (E) (F) (O) (B) (S),APD Atlanta Police Department,50052.7,823,209,36
8232,48,Male,Arboricultural Manager,PCD Planning & Community Development,72900.01,164,818,497
8233,46,Female,Case Manager,JDA Municipal Court Operations,50448.5,496,217,536
8234,48,Female,Police Officer (E) (F) (O) (B) (S),APD Atlanta Police Department,50788.82,737,312,20
8235,53,Female,"Financial Analyst, Sr",DOF Department of Finance,62000.02,324,290,857
8236,43,Female,"HRIS Specialist, Sr",DHR Department of Human Reources,47300.03,603,123,275
8237,45,Male,Environmental Service Worker I (D),DPW Department of Public Works,33589.92,539,125,991
8238,27,Male,Police Officer (E) (F) (O) (B) (S),APD Atlanta Police Department,42762.72,973,890,484
8239,37,Male,Police Lieutenant (E) (F) (O) (B) (S),APD Atlanta Police Department,75950.01,967,236,713
8240,60,Female,"Human Resources Representative, Sr",DHR Department of Human Reources,60284.64,168,768,403
8241,32,Male,Pollution Control Monitor,DWM Department of Watershed Management,42849.05,190,107,898
8242,53,Male,"IT Manager, Sr",DWM Department of Watershed Management,101744.51,294,682,835
8243,54,Male,Police Investigator (E) (F) (O),APD Atlanta Police Department,62582.62,414,59,338
8244,36,Male,Police Investigator (E) (F) (O),APD Atlanta Police Department,46377.97,413,142,86
8245,53,Male,Police Lieutenant (E) (F) (O) (B) (S),APD Atlanta Police Department,75950.01,888,427,589
