{"sentiment": 0.38095238095238093, "style": 0.42857142857142855, "topic": 0.19047619047619047}